,Date,Ticker,Open,High,Low,Close,Volume,RSI,rsi_flag1,rsi_flag2,rsi_result
64,2024-04-10,ABBV,168.58999633789062,169.9600067138672,167.36000061035156,169.02999877929688,3231700.0,35.576000731750064,1,2,3
65,2024-04-11,ABBV,169.1999969482422,169.3699951171875,167.22999572753906,167.52000427246094,3307000.0,33.305443629128696,1,2,3
66,2024-04-12,ABBV,164.4499969482422,164.4499969482422,160.0,162.27999877929688,7029400.0,26.891425466405344,1,2,3
67,2024-04-15,ABBV,164.52000427246094,164.6999969482422,161.5,161.6699981689453,5433700.0,26.257480974616108,1,2,3
68,2024-04-16,ABBV,162.17999267578125,163.74000549316406,162.0800018310547,162.5399932861328,4881300.0,28.83427391728076,1,2,3
69,2024-04-17,ABBV,164.14999389648438,164.74000549316406,163.22999572753906,164.25,4792200.0,33.735536006799066,1,2,3
70,2024-04-18,ABBV,164.9600067138672,167.44000244140625,164.42999267578125,164.66000366210938,4480100.0,34.89334528807111,1,2,3
71,2024-04-19,ABBV,165.02000427246094,166.60000610351562,163.25,166.41000366210938,5532400.0,39.73358315202656,1,2,3
136,2024-04-10,ACAD,17.719999313354492,17.770000457763672,17.549999237060547,17.729999542236328,1147300.0,30.94082552809408,1,2,3
137,2024-04-11,ACAD,17.899999618530273,17.899999618530273,17.34000015258789,17.40999984741211,1521800.0,29.0727805020113,1,2,3
138,2024-04-12,ACAD,17.399999618530273,17.610000610351562,16.850000381469727,17.139999389648438,1296100.0,27.56079771722132,1,2,3
139,2024-04-15,ACAD,17.1299991607666,17.280000686645508,16.770000457763672,16.889999389648438,1112100.0,26.20199969578786,1,2,3
140,2024-04-16,ACAD,16.75,17.200000762939453,16.600000381469727,17.079999923706055,978300.0,29.06437779955413,1,2,3
141,2024-04-17,ACAD,17.25,17.25,16.969999313354492,17.190000534057617,1027800.0,30.73929849824471,1,2,3
142,2024-04-18,ACAD,17.260000228881836,17.350000381469727,17.010000228881836,17.06999969482422,988300.0,29.909611078997646,1,2,3
143,2024-04-19,ACAD,16.979999542236328,17.299999237060547,16.6200008392334,16.81999969482422,3522000.0,28.201807552639874,1,2,3
224,2024-04-10,ACN,328.3500061035156,329.5199890136719,323.6400146484375,324.3999938964844,2156700.0,31.170027360192748,1,2,3
225,2024-04-11,ACN,326.04998779296875,327.0,323.260009765625,325.19000244140625,2204200.0,31.996115986720014,1,2,3
226,2024-04-12,ACN,320.9700012207031,322.5,313.19000244140625,315.3999938964844,4207400.0,27.57878325675829,1,2,3
227,2024-04-15,ACN,316.04998779296875,321.6000061035156,312.17999267578125,313.2699890136719,2997900.0,26.714623341131578,1,2,3
228,2024-04-16,ACN,315.1400146484375,315.6400146484375,311.8399963378906,313.94000244140625,2900300.0,27.48435319632111,1,2,3
229,2024-04-17,ACN,316.8699951171875,317.0199890136719,312.6099853515625,314.5400085449219,2760000.0,28.211517623129545,1,2,3
230,2024-04-18,ACN,312.6300048828125,317.7699890136719,312.010009765625,316.0,3025100.0,30.049622517447716,1,2,3
231,2024-04-19,ACN,317.8599853515625,318.54998779296875,314.6000061035156,316.8800048828125,3381500.0,31.1932019052516,1,2,3
488,2024-04-10,AGNC,9.600000381469728,9.649999618530272,9.300000190734863,9.31999969482422,22399000.0,36.282191543299945,1,2,3
489,2024-04-11,AGNC,9.399999618530272,9.479999542236328,9.239999771118164,9.390000343322754,14234100.0,39.590224671302096,1,2,3
490,2024-04-12,AGNC,9.350000381469728,9.40999984741211,9.3100004196167,9.3100004196167,9834200.0,37.212456276077695,1,2,3
491,2024-04-15,AGNC,9.31999969482422,9.369999885559082,9.039999961853027,9.130000114440918,13514700.0,32.484949768052324,1,2,3
492,2024-04-16,AGNC,9.109999656677246,9.140000343322754,8.920000076293945,8.960000038146973,13910700.0,28.76779281934054,1,2,3
493,2024-04-17,AGNC,9.020000457763672,9.109999656677246,9.0,9.039999961853027,7594600.0,32.67214187660139,1,2,3
494,2024-04-18,AGNC,9.039999961853027,9.119999885559082,9.010000228881836,9.0600004196167,12774000.0,33.651270826086915,1,2,3
495,2024-04-19,AGNC,9.06999969482422,9.199999809265137,9.0600004196167,9.149999618530272,10126000.0,38.01929464969405,1,2,3
728,2024-04-10,ALKS,26.31999969482422,26.420000076293945,25.75,26.13999938964844,2030400.0,39.57961359842767,1,2,3
729,2024-04-11,ALKS,26.309999465942383,26.309999465942383,24.90999984741211,24.989999771118164,2076500.0,32.97036756269382,1,2,3
730,2024-04-12,ALKS,25.049999237060547,25.170000076293945,24.15999984741211,24.420000076293945,1895000.0,30.2721027594805,1,2,3
731,2024-04-15,ALKS,24.239999771118164,24.63999938964844,23.920000076293945,24.020000457763672,2713300.0,28.508867038888763,1,2,3
732,2024-04-16,ALKS,23.84000015258789,24.100000381469727,23.649999618530277,23.770000457763672,1579900.0,27.43336322431721,1,2,3
733,2024-04-17,ALKS,23.940000534057617,24.59000015258789,23.739999771118164,24.01000022888184,2257000.0,30.15736939712562,1,2,3
734,2024-04-18,ALKS,23.86000061035156,24.13999938964844,23.6200008392334,23.76000022888184,1798800.0,28.93875905298084,1,2,3
735,2024-04-19,ALKS,23.649999618530277,23.8700008392334,23.479999542236328,23.850000381469727,2414800.0,30.03483634260331,1,2,3
984,2024-04-10,AMPH,40.08000183105469,40.4900016784668,39.63999938964844,40.04999923706055,403800.0,26.350545741831404,1,2,3
985,2024-04-11,AMPH,40.34999847412109,40.4900016784668,39.810001373291016,40.150001525878906,375300.0,27.183080077155147,1,2,3
986,2024-04-12,AMPH,40.0099983215332,40.16999816894531,38.95000076293945,39.619998931884766,392100.0,25.535559893827948,1,2,3
987,2024-04-15,AMPH,39.79999923706055,40.900001525878906,39.310001373291016,40.77999877929688,403700.0,34.8435162554738,1,2,3
988,2024-04-16,AMPH,40.58000183105469,41.43000030517578,40.40999984741211,40.900001525878906,305200.0,35.738416792190115,1,2,3
989,2024-04-17,AMPH,41.22999954223633,41.650001525878906,39.81999969482422,40.04999923706055,494600.0,32.3492359025992,1,2,3
990,2024-04-18,AMPH,40.02000045776367,40.02000045776367,38.43000030517578,38.650001525878906,329500.0,27.691289073579878,1,2,3
991,2024-04-19,AMPH,38.52000045776367,40.060001373291016,38.47999954223633,40.0099983215332,410100.0,37.157557192876695,1,2,3
1080,2024-04-10,ANGI,2.240000009536743,2.25,2.1600000858306885,2.190000057220459,1053800.0,32.69636514433898,1,2,3
1081,2024-04-11,ANGI,2.200000047683716,2.2300000190734863,2.130000114440918,2.150000095367432,1074800.0,31.308079590713746,1,2,3
1082,2024-04-12,ANGI,2.150000095367432,2.1600000858306885,2.0999999046325684,2.1600000858306885,1024200.0,32.08445754619902,1,2,3
1083,2024-04-15,ANGI,2.200000047683716,2.2799999713897705,2.059999942779541,2.069999933242798,1622700.0,28.916748146959563,1,2,3
1084,2024-04-16,ANGI,2.049999952316284,2.0799999237060547,1.9900000095367432,2.009999990463257,906100.0,27.002711361267046,1,2,3
1085,2024-04-17,ANGI,2.0199999809265137,2.0899999141693115,2.0,2.009999990463257,727300.0,27.00271136126705,1,2,3
1086,2024-04-18,ANGI,2.0199999809265137,2.059999942779541,1.9600000381469729,2.049999952316284,919700.0,30.556647459265207,1,2,3
1087,2024-04-19,ANGI,2.0199999809265137,2.0799999237060547,2.009999990463257,2.0199999809265137,729800.0,29.400524795863852,1,2,3
1376,2024-04-10,ARVN,36.52999877929688,36.869998931884766,35.779998779296875,36.72999954223633,438200.0,29.203973902396026,1,2,3
1377,2024-04-11,ARVN,39.119998931884766,39.34000015258789,37.02000045776367,37.2599983215332,1056900.0,32.4376280843713,1,2,3
1378,2024-04-12,ARVN,36.88999938964844,38.560001373291016,35.529998779296875,36.290000915527344,860300.0,29.75859825208611,1,2,3
1379,2024-04-15,ARVN,36.77999877929688,37.0,34.09000015258789,34.720001220703125,649600.0,26.013668016168616,1,2,3
1380,2024-04-16,ARVN,34.2400016784668,34.54999923706055,33.40999984741211,33.439998626708984,497400.0,23.42537318673266,1,2,3
1381,2024-04-17,ARVN,33.72999954223633,33.90999984741211,32.79999923706055,33.45000076293945,516200.0,23.48943513737945,1,2,3
1382,2024-04-18,ARVN,33.41999816894531,34.459999084472656,32.61000061035156,34.290000915527344,803100.0,28.871284277487337,1,2,3
1383,2024-04-19,ARVN,34.09000015258789,34.810001373291016,33.630001068115234,34.720001220703125,944300.0,31.526540669697468,1,2,3
1528,2024-04-10,ATS,32.0099983215332,32.0099983215332,31.43000030517578,31.440000534057617,141500.0,25.287126730219406,1,2,3
1529,2024-04-11,ATS,31.38999938964844,31.520000457763672,31.059999465942383,31.200000762939453,201900.0,24.50610613175243,1,2,3
1530,2024-04-12,ATS,30.989999771118164,31.1299991607666,30.149999618530277,30.290000915527344,125300.0,21.76157308542494,1,2,3
1531,2024-04-15,ATS,30.479999542236328,30.59000015258789,29.899999618530277,30.07999992370605,127900.0,21.17228640575316,1,2,3
1532,2024-04-16,ATS,29.799999237060547,30.229999542236328,29.799999237060547,29.950000762939453,145700.0,20.796848810966985,1,2,3
1533,2024-04-17,ATS,29.920000076293945,30.290000915527344,29.780000686645508,30.290000915527344,270300.0,24.564486200214215,1,2,3
1534,2024-04-18,ATS,30.229999542236328,32.130001068115234,30.229999542236328,31.549999237060547,139800.0,36.600624172719144,1,2,3
1535,2024-04-19,ATS,31.34000015258789,31.8700008392334,30.739999771118164,31.09000015258789,97600.0,34.440154941956884,1,2,3
2088,2024-04-10,BEN,26.850000381469727,27.059999465942383,26.149999618530277,26.299999237060547,3512500.0,39.34217633674779,1,2,3
2089,2024-04-11,BEN,26.3799991607666,26.46999931335449,26.100000381469727,26.280000686645508,3676600.0,39.1795771209675,1,2,3
2090,2024-04-12,BEN,26.040000915527344,26.15999984741211,25.26000022888184,25.40999984741211,4734000.0,32.82397039429727,1,2,3
2091,2024-04-15,BEN,25.59000015258789,25.84000015258789,24.790000915527344,24.940000534057617,5014100.0,29.99333301942698,1,2,3
2092,2024-04-16,BEN,24.780000686645508,24.920000076293945,24.399999618530277,24.709999084472656,5064200.0,28.689465075232363,1,2,3
2093,2024-04-17,BEN,24.920000076293945,25.15999984741211,24.770000457763672,24.809999465942383,2886700.0,30.11201386911275,1,2,3
2094,2024-04-18,BEN,24.940000534057617,25.170000076293945,24.76000022888184,25.020000457763672,4018900.0,33.128882710277296,1,2,3
2095,2024-04-19,BEN,25.07999992370605,25.31999969482422,25.0,25.149999618530277,3621200.0,34.999456218517686,1,2,3
2096,2024-04-10,BEPC,24.0,24.1299991607666,23.32999992370605,23.36000061035156,1012000.0,38.221264627546454,1,2,3
2097,2024-04-11,BEPC,23.520000457763672,23.600000381469727,23.020000457763672,23.18000030517578,1282700.0,36.742009212018786,1,2,3
2098,2024-04-12,BEPC,23.149999618530277,23.149999618530277,22.350000381469727,22.3700008392334,1045000.0,30.9391428661902,1,2,3
2099,2024-04-15,BEPC,22.32999992370605,22.57999992370605,21.950000762939453,22.020000457763672,1259500.0,28.820991228460585,1,2,3
2100,2024-04-16,BEPC,21.850000381469727,22.01000022888184,21.350000381469727,21.56999969482422,1634700.0,26.325506473810673,1,2,3
2101,2024-04-17,BEPC,21.61000061035156,21.93000030517578,21.459999084472656,21.81999969482422,1107400.0,29.95411468084137,1,2,3
2102,2024-04-18,BEPC,21.82999992370605,22.24799919128418,21.75,22.15999984741211,997400.0,34.66692343021245,1,2,3
2103,2024-04-19,BEPC,22.149999618530277,22.40999984741211,22.11000061035156,22.34000015258789,991000.0,37.08050097222029,1,2,3
2112,2024-04-10,BF-A,52.0,52.0,51.18999862670898,51.43000030517578,35400.0,31.65921960875696,1,2,3
2113,2024-04-11,BF-A,51.5,52.09999847412109,51.470001220703125,51.7400016784668,44300.0,34.65521829107601,1,2,3
2114,2024-04-12,BF-A,51.56999969482422,51.56999969482422,50.56999969482422,50.77999877929688,57400.0,30.234808637316934,1,2,3
2115,2024-04-15,BF-A,51.209999084472656,51.22999954223633,50.470001220703125,50.59999847412109,52200.0,29.475632765004782,1,2,3
2116,2024-04-16,BF-A,50.630001068115234,50.630001068115234,49.81999969482422,49.90999984741211,37900.0,26.707262266412958,1,2,3
2117,2024-04-17,BF-A,50.36000061035156,50.56999969482422,50.16999816894531,50.43999862670898,33900.0,31.9909722087191,1,2,3
2118,2024-04-18,BF-A,50.84999847412109,50.84999847412109,50.150001525878906,50.29999923706055,35300.0,31.34809919917406,1,2,3
2119,2024-04-19,BF-A,50.459999084472656,50.790000915527344,50.41999816894531,50.43000030517578,33700.0,32.700529410311155,1,2,3
2120,2024-04-10,BF-B,50.34000015258789,50.5,49.720001220703125,50.0,1306500.0,32.23968251247153,1,2,3
2121,2024-04-11,BF-B,50.40999984741211,50.83000183105469,50.0099983215332,50.40999984741211,3664300.0,35.75561580338361,1,2,3
2122,2024-04-12,BF-B,50.040000915527344,50.33000183105469,49.209999084472656,49.43000030517578,2226500.0,31.542630330875255,1,2,3
2123,2024-04-15,BF-B,49.959999084472656,50.060001373291016,49.15999984741211,49.38999938964844,2056400.0,31.380102105342583,1,2,3
2124,2024-04-16,BF-B,49.40999984741211,49.7400016784668,48.45000076293945,48.709999084472656,2824600.0,28.675145072459546,1,2,3
2125,2024-04-17,BF-B,48.95000076293945,49.33000183105469,48.83000183105469,49.13999938964844,2127400.0,32.62988257604585,1,2,3
2126,2024-04-18,BF-B,49.06999969482422,49.2400016784668,48.7400016784668,48.97999954223633,1827800.0,31.920657501140816,1,2,3
2127,2024-04-19,BF-B,49.0,49.630001068115234,48.93000030517578,49.060001373291016,2407700.0,32.70823900204603,1,2,3
2192,2024-04-10,BIIB,203.0,203.9900054931641,200.6499938964844,201.5500030517578,900900.0,29.455767453464443,1,2,3
2193,2024-04-11,BIIB,202.75999450683597,204.7400054931641,200.9199981689453,203.67999267578125,1019100.0,33.845291007347925,1,2,3
2194,2024-04-12,BIIB,204.22999572753903,205.2400054931641,197.77999877929688,198.17999267578125,1245900.0,28.852834988163174,1,2,3
2195,2024-04-15,BIIB,198.72999572753903,199.52999877929688,196.3999938964844,196.8000030517578,1159200.0,27.746903230109865,1,2,3
2196,2024-04-16,BIIB,196.1999969482422,197.72999572753903,194.94000244140625,195.1499938964844,871900.0,26.44185382258305,1,2,3
2197,2024-04-17,BIIB,196.3600006103516,196.3600006103516,192.00999450683597,192.16000366210935,1320600.0,24.21887887288158,1,2,3
2198,2024-04-18,BIIB,191.75,192.55999755859372,189.5200042724609,190.5200042724609,1512000.0,23.073083896314987,1,2,3
2199,2024-04-19,BIIB,190.72000122070312,194.52999877929688,189.44000244140625,194.3800048828125,1599600.0,31.310171436129412,1,2,3
2216,2024-04-10,BIPC,32.70000076293945,32.9900016784668,31.459999084472656,31.709999084472656,952400.0,35.28305964807774,1,2,3
2217,2024-04-11,BIPC,31.780000686645508,31.924999237060547,30.950000762939453,30.96999931335449,1587400.0,32.33009784411621,1,2,3
2218,2024-04-12,BIPC,30.709999084472656,30.950000762939453,29.8799991607666,30.059999465942383,869800.0,29.10425975288154,1,2,3
2219,2024-04-15,BIPC,30.030000686645508,30.299999237060547,29.09000015258789,29.3700008392334,1231700.0,26.911621422771447,1,2,3
2220,2024-04-16,BIPC,29.13999938964844,29.239999771118164,28.472999572753903,28.899999618530277,1345500.0,25.502253307156607,1,2,3
2221,2024-04-17,BIPC,29.11000061035156,30.059999465942383,28.920000076293945,29.65999984741211,1135400.0,31.728462145633713,1,2,3
2222,2024-04-18,BIPC,29.71999931335449,30.100000381469727,29.43000030517578,29.90999984741211,799000.0,33.69164068455465,1,2,3
2223,2024-04-19,BIPC,29.790000915527344,30.96500015258789,29.790000915527344,30.8700008392334,742400.0,40.73869587846923,1,2,3
2304,2024-04-10,BLCO,15.920000076293944,15.920000076293944,15.640000343322754,15.640000343322754,313700.0,41.3930959123226,1,2,3
2305,2024-04-11,BLCO,15.760000228881836,16.09000015258789,14.0,15.0,2260200.0,35.06821739316556,1,2,3
2306,2024-04-12,BLCO,14.850000381469728,15.039999961853027,13.800000190734863,14.239999771118164,1678200.0,29.335771189122934,1,2,3
2307,2024-04-15,BLCO,14.390000343322754,14.6899995803833,14.100000381469728,14.300000190734863,862800.0,30.304398953532974,1,2,3
2308,2024-04-16,BLCO,14.300000190734863,14.34000015258789,13.890000343322754,14.06999969482422,498100.0,28.68140507782343,1,2,3
2309,2024-04-17,BLCO,14.09000015258789,14.420000076293944,14.0,14.3100004196167,342200.0,32.7299716168925,1,2,3
2310,2024-04-18,BLCO,14.34000015258789,14.729999542236328,14.09000015258789,14.31999969482422,552400.0,32.90087710063264,1,2,3
2311,2024-04-19,BLCO,14.31999969482422,14.68000030517578,14.3100004196167,14.640000343322754,259400.0,38.30301136992593,1,2,3
2424,2024-04-10,BNS,49.72999954223633,49.86000061035156,48.79999923706055,49.02000045776367,2447600.0,43.852167333237816,1,2,3
2425,2024-04-11,BNS,49.08000183105469,49.2400016784668,48.540000915527344,48.970001220703125,3855900.0,43.49107056208007,1,2,3
2426,2024-04-12,BNS,48.54999923706055,48.810001373291016,48.04999923706055,48.18999862670898,3309700.0,38.205672042668596,1,2,3
2427,2024-04-15,BNS,48.58000183105469,48.81999969482422,47.31999969482422,47.47999954223633,2014100.0,34.13870119023397,1,2,3
2428,2024-04-16,BNS,47.11000061035156,47.2599983215332,46.310001373291016,46.380001068115234,2765900.0,28.98987192843348,1,2,3
2429,2024-04-17,BNS,46.540000915527344,47.02000045776367,46.25,46.619998931884766,1308900.0,31.420161001251973,1,2,3
2430,2024-04-18,BNS,46.7400016784668,46.959999084472656,46.34000015258789,46.56999969482422,1219200.0,31.18073863321108,1,2,3
2431,2024-04-19,BNS,46.56999969482422,47.09999847412109,46.5,46.7400016784668,1868800.0,33.0487951341958,1,2,3
3040,2024-04-10,CCI,99.81999969482422,100.18000030517578,96.61000061035156,97.6999969482422,2932100.0,31.672494225293317,1,2,3
3041,2024-04-11,CCI,98.52999877929688,98.6500015258789,96.77999877929688,97.08000183105467,3495900.0,30.616340200165876,1,2,3
3042,2024-04-12,CCI,96.98999786376952,97.16000366210938,96.2300033569336,96.70999908447266,2690100.0,29.973962415432865,1,2,3
3043,2024-04-15,CCI,96.72000122070312,97.44000244140624,95.0500030517578,95.6500015258789,2954900.0,28.151638731984868,1,2,3
3044,2024-04-16,CCI,95.0,95.06999969482422,93.37000274658205,93.95999908447266,4055200.0,25.49072553054022,1,2,3
3045,2024-04-17,CCI,94.4000015258789,94.6999969482422,92.80999755859376,93.0500030517578,3985800.0,24.166165565100588,1,2,3
3046,2024-04-18,CCI,95.69000244140624,96.4800033569336,92.4800033569336,94.37000274658205,4938200.0,29.859628585143767,1,2,3
3047,2024-04-19,CCI,94.37000274658205,95.55999755859376,93.8000030517578,95.1999969482422,5055400.0,33.25299816156144,1,2,3
3856,2024-04-10,COTY,11.079999923706056,11.220000267028809,11.039999961853027,11.149999618530272,3316300.0,36.86520400145306,1,2,3
3857,2024-04-11,COTY,11.15999984741211,11.199999809265137,10.920000076293944,11.0600004196167,2824900.0,35.478623330685835,1,2,3
3858,2024-04-12,COTY,10.949999809265137,11.020000457763672,10.40999984741211,10.510000228881836,5140500.0,28.438970385944053,1,2,3
3859,2024-04-15,COTY,10.65999984741211,10.75,10.4399995803833,10.5,4331800.0,28.328906186557802,1,2,3
3860,2024-04-16,COTY,10.56999969482422,10.920000076293944,10.479999542236328,10.829999923706056,4914200.0,36.994516255248676,1,2,3
3861,2024-04-17,COTY,10.90999984741211,10.949999809265137,10.609999656677246,10.630000114440918,4467900.0,34.288652334424675,1,2,3
3862,2024-04-18,COTY,10.670000076293944,11.119999885559082,10.670000076293944,11.039999961853027,5903100.0,43.424263604148116,1,2,3
3863,2024-04-19,COTY,10.93000030517578,11.170000076293944,10.899999618530272,11.149999618530272,6151800.0,45.60908490355725,1,2,3
4032,2024-04-10,CRM,298.45001220703125,300.9200134277344,298.1499938964844,299.6199951171875,3036400.0,48.48414250948051,1,2,3
4033,2024-04-11,CRM,299.4700012207031,301.0899963378906,296.4100036621094,299.1499938964844,3468600.0,47.93292508098179,1,2,3
4034,2024-04-12,CRM,296.8699951171875,297.8500061035156,293.5,294.32000732421875,3816700.0,42.57595478239254,1,2,3
4035,2024-04-15,CRM,282.94000244140625,286.4800109863281,271.6600036621094,272.8999938964844,18365100.0,27.759252109438982,1,2,3
4036,2024-04-16,CRM,274.7799987792969,280.5599975585937,272.44000244140625,277.4100036621094,7624300.0,33.04281390088404,1,2,3
4037,2024-04-17,CRM,277.739990234375,278.9700012207031,274.8399963378906,276.32000732421875,4199400.0,32.42555938726196,1,2,3
4038,2024-04-18,CRM,276.32000732421875,276.3299865722656,269.75,271.9200134277344,5918200.0,29.99012079536991,1,2,3
4039,2024-04-19,CRM,272.489990234375,273.1499938964844,268.7300109863281,270.3699951171875,4903600.0,29.159246280092937,1,2,3
4272,2024-04-10,CUK,13.630000114440918,13.869999885559082,13.380000114440918,13.489999771118164,2275200.0,37.222375679657084,1,2,3
4273,2024-04-11,CUK,13.399999618530272,13.550000190734863,13.15999984741211,13.489999771118164,2052100.0,37.22237567965708,1,2,3
4274,2024-04-12,CUK,13.229999542236328,13.25,12.869999885559082,12.960000038146973,1879300.0,32.18061223823421,1,2,3
4275,2024-04-15,CUK,13.220000267028809,13.329999923706056,12.649999618530272,12.760000228881836,1853100.0,30.501652214469576,1,2,3
4276,2024-04-16,CUK,12.729999542236328,12.75,12.5,12.5600004196167,1628800.0,28.879044428490275,1,2,3
4277,2024-04-17,CUK,12.869999885559082,12.9399995803833,12.65999984741211,12.720000267028809,1757400.0,31.99578526394425,1,2,3
4278,2024-04-18,CUK,12.829999923706056,13.119999885559082,12.779999732971191,12.800000190734863,1550100.0,33.56349118376708,1,2,3
4279,2024-04-19,CUK,12.729999542236328,12.899999618530272,12.65999984741211,12.729999542236328,1145600.0,32.849883084690994,1,2,3
4336,2024-04-10,CVS,73.0999984741211,73.18000030517578,70.83999633789062,71.1500015258789,8366100.0,30.6031289784503,1,2,3
4337,2024-04-11,CVS,71.12000274658203,71.20999908447266,69.69999694824219,69.73999786376953,10455300.0,27.385700363736383,1,2,3
4338,2024-04-12,CVS,69.54000091552734,69.86000061035156,68.31999969482422,68.63999938964844,7690200.0,25.163088830732388,1,2,3
4339,2024-04-15,CVS,69.12000274658203,70.0,68.77999877929688,68.95999908447266,7236200.0,27.018727056608462,1,2,3
4340,2024-04-16,CVS,71.66000366210938,71.66000366210938,68.97000122070312,69.02999877929688,9607400.0,27.442556083431423,1,2,3
4341,2024-04-17,CVS,69.08999633789062,69.4000015258789,67.95999908447266,68.5999984741211,8100100.0,26.427269027709176,1,2,3
4342,2024-04-18,CVS,69.16999816894531,69.5999984741211,68.86000061035156,69.38999938964844,10087100.0,31.445425969111962,1,2,3
4343,2024-04-19,CVS,69.16999816894531,69.94000244140625,68.79000091552734,69.75,7808800.0,33.66579527564145,1,2,3
4416,2024-04-10,CXM,11.850000381469728,12.050000190734863,11.800000190734863,11.84000015258789,3930400.0,33.73598548058227,1,2,3
4417,2024-04-11,CXM,11.84000015258789,11.949999809265137,11.760000228881836,11.920000076293944,1693900.0,35.850419267377774,1,2,3
4418,2024-04-12,CXM,11.81999969482422,11.890000343322754,11.529999732971191,11.550000190734863,1700500.0,30.93399789203644,1,2,3
4419,2024-04-15,CXM,11.5600004196167,11.664999961853027,11.210000038146973,11.350000381469728,2023300.0,28.647093055089268,1,2,3
4420,2024-04-16,CXM,11.270000457763672,11.44499969482422,11.210000038146973,11.34000015258789,1618600.0,28.533505119091835,1,2,3
4421,2024-04-17,CXM,11.380000114440918,11.550000190734863,11.345000267028809,11.359999656677246,1809300.0,29.138644028260224,1,2,3
4422,2024-04-18,CXM,11.380000114440918,11.55500030517578,11.380000114440918,11.390000343322754,1777900.0,30.0948651331253,1,2,3
4423,2024-04-19,CXM,11.369999885559082,11.520000457763672,11.289999961853027,11.34000015258789,1548600.0,29.383204130532175,1,2,3
4552,2024-04-10,DCBO,46.720001220703125,47.2400016784668,46.310001373291016,46.369998931884766,33600.0,32.962918078387,1,2,3
4553,2024-04-11,DCBO,46.380001068115234,46.762001037597656,45.52999877929688,46.5,37100.0,34.015992748393124,1,2,3
4554,2024-04-12,DCBO,46.09000015258789,46.09000015258789,44.75,44.93999862670898,52400.0,28.27585236236501,1,2,3
4555,2024-04-15,DCBO,45.25,45.25,43.209999084472656,43.27999877929688,57700.0,23.69396103445515,1,2,3
4556,2024-04-16,DCBO,43.09999847412109,44.33000183105469,43.04999923706055,44.15999984741211,93100.0,30.155297888442874,1,2,3
4557,2024-04-17,DCBO,44.290000915527344,44.93999862670898,43.79999923706055,44.13999938964844,76300.0,30.09292880661343,1,2,3
4558,2024-04-18,DCBO,44.40999984741211,44.94499969482422,43.93000030517578,44.459999084472656,51100.0,32.49847458764242,1,2,3
4559,2024-04-19,DCBO,44.18999862670898,44.720001220703125,44.18999862670898,44.4900016784668,38500.0,32.73219342117291,1,2,3
4744,2024-04-10,DKL,38.650001525878906,39.20000076293945,38.52999877929688,38.59000015258789,73700.0,28.499248266034215,1,2,3
4745,2024-04-11,DKL,38.91999816894531,39.18999862670898,38.130001068115234,38.310001373291016,81400.0,27.04990162355747,1,2,3
4746,2024-04-12,DKL,38.33000183105469,39.13999938964844,37.9900016784668,38.0,122100.0,25.503471411181778,1,2,3
4747,2024-04-15,DKL,38.060001373291016,38.810001373291016,37.2599983215332,37.380001068115234,59400.0,22.70742410966524,1,2,3
4748,2024-04-16,DKL,37.630001068115234,37.630001068115234,37.02000045776367,37.34999847412109,56700.0,22.578423613798098,1,2,3
4749,2024-04-17,DKL,37.369998931884766,37.84000015258789,37.369998931884766,37.68000030517578,68800.0,27.459823052645778,1,2,3
4750,2024-04-18,DKL,37.95000076293945,38.0,37.709999084472656,38.0,81300.0,31.940939064273515,1,2,3
4751,2024-04-19,DKL,38.2400016784668,39.13999938964844,37.970001220703125,38.41999816894531,100500.0,37.406321630391766,1,2,3
4944,2024-04-10,DOX,88.12999725341797,88.12999725341797,87.20999908447266,87.20999908447266,567200.0,35.674298775545324,1,2,3
4945,2024-04-11,DOX,87.38999938964844,87.81999969482422,87.23999786376953,87.33999633789062,583100.0,36.533622541834085,1,2,3
4946,2024-04-12,DOX,87.27999877929688,87.37000274658203,85.63999938964844,85.70999908447266,493400.0,30.950498011270515,1,2,3
4947,2024-04-15,DOX,86.0199966430664,86.36000061035156,84.54000091552734,85.04000091552734,557300.0,28.989417207728668,1,2,3
4948,2024-04-16,DOX,85.44999694824219,87.08999633789062,84.69999694824219,84.81999969482422,539300.0,28.354115376149263,1,2,3
4949,2024-04-17,DOX,85.44000244140625,85.62999725341797,84.6500015258789,84.93000030517578,370500.0,29.189702482082097,1,2,3
4950,2024-04-18,DOX,85.22000122070312,85.54000091552734,84.70999908447266,85.11000061035156,403700.0,30.615718505742144,1,2,3
4951,2024-04-19,DOX,85.12999725341797,86.16999816894531,84.95999908447266,86.12999725341797,936300.0,38.20952777754859,1,2,3
4968,2024-04-10,DRI,156.6300048828125,156.6300048828125,154.88999938964844,155.89999389648438,1089800.0,32.39985319220687,1,2,3
4969,2024-04-11,DRI,156.25999450683594,156.41000366210938,153.30999755859375,155.00999450683594,1290600.0,31.266185527816013,1,2,3
4970,2024-04-12,DRI,154.30999755859375,154.55999755859375,151.5399932861328,153.0500030517578,1423500.0,28.870416638668427,1,2,3
4971,2024-04-15,DRI,153.63999938964844,155.25999450683594,153.41000366210938,154.05999755859375,1126600.0,31.771661171497172,1,2,3
4972,2024-04-16,DRI,153.94000244140625,155.00999450683594,152.44000244140625,154.13999938964844,1066500.0,32.00822918403037,1,2,3
4973,2024-04-17,DRI,154.77000427246094,155.22999572753906,152.27999877929688,152.97000122070312,1093800.0,30.35081330486265,1,2,3
4974,2024-04-18,DRI,154.00999450683594,154.00999450683594,152.05999755859375,152.2899932861328,890300.0,29.39801423447958,1,2,3
4975,2024-04-19,DRI,152.38999938964844,153.80999755859375,152.27999877929688,152.5,960600.0,30.127540453187645,1,2,3
5304,2024-04-10,EMBC,11.460000038146973,11.649999618530272,11.1899995803833,11.399999618530272,427300.0,27.266911436223673,1,2,3
5305,2024-04-11,EMBC,11.43000030517578,11.43000030517578,10.93000030517578,11.010000228881836,374600.0,24.68361464784582,1,2,3
5306,2024-04-12,EMBC,10.949999809265137,11.0,10.220000267028809,10.25,413000.0,20.589825255199713,1,2,3
5307,2024-04-15,EMBC,10.279999732971191,10.609999656677246,9.925000190734863,10.59000015258789,677200.0,26.465502602974556,1,2,3
5308,2024-04-16,EMBC,10.479999542236328,10.529999732971191,10.210000038146973,10.350000381469728,365200.0,25.05617192126043,1,2,3
5309,2024-04-17,EMBC,10.350000381469728,10.460000038146973,10.0,10.239999771118164,363300.0,24.414447434991533,1,2,3
5310,2024-04-18,EMBC,10.359999656677246,10.59000015258789,10.19499969482422,10.350000381469728,304600.0,26.443256005879253,1,2,3
5311,2024-04-19,EMBC,10.300000190734863,10.774999618530272,10.300000190734863,10.619999885559082,576200.0,31.316385745991244,1,2,3
5496,2024-04-10,EQIX,782.6599731445312,786.8699951171875,772.1400146484375,775.969970703125,758700.0,34.952209770944606,1,2,3
5497,2024-04-11,EQIX,779.3800048828125,779.97998046875,770.1599731445312,773.8200073242188,532000.0,34.44507866970281,1,2,3
5498,2024-04-12,EQIX,765.1799926757812,770.8499755859375,759.3400268554688,764.0499877929688,498200.0,32.16142646156549,1,2,3
5499,2024-04-15,EQIX,761.1500244140625,768.8300170898438,740.9500122070312,744.1099853515625,574800.0,28.07094627168328,1,2,3
5500,2024-04-16,EQIX,745.5700073242188,747.5999755859375,733.25,742.1400146484375,579900.0,27.69616500684529,1,2,3
5501,2024-04-17,EQIX,743.5499877929688,746.780029296875,734.25,734.5599975585938,510800.0,26.244221829749826,1,2,3
5502,2024-04-18,EQIX,736.1099853515625,747.1599731445312,731.5399780273438,739.8499755859375,483500.0,29.040057267454923,1,2,3
5503,2024-04-19,EQIX,743.75,748.3699951171875,736.239990234375,748.0,611900.0,33.238892324322414,1,2,3
6360,2024-04-10,FROG,41.09000015258789,41.58000183105469,40.84999847412109,40.93000030517578,670600.0,40.79472884173379,1,2,3
6361,2024-04-11,FROG,41.119998931884766,41.380001068115234,40.040000915527344,40.27999877929688,1294400.0,38.09883324532187,1,2,3
6362,2024-04-12,FROG,39.90999984741211,40.02999877929688,38.220001220703125,38.59999847412109,997100.0,32.17967051884962,1,2,3
6363,2024-04-15,FROG,38.72999954223633,39.04999923706055,37.34999847412109,37.45000076293945,987100.0,28.87285045594959,1,2,3
6364,2024-04-16,FROG,37.31999969482422,37.77999877929688,36.459999084472656,37.4900016784668,705500.0,29.145593369159556,1,2,3
6365,2024-04-17,FROG,37.790000915527344,38.755001068115234,37.790000915527344,38.02999877929688,978400.0,32.88696729086785,1,2,3
6366,2024-04-18,FROG,37.9900016784668,38.880001068115234,37.2400016784668,37.93999862670898,706100.0,32.57820243106147,1,2,3
6367,2024-04-19,FROG,37.619998931884766,37.86000061035156,36.91999816894531,37.13999938964844,609900.0,29.891708916760756,1,2,3
6768,2024-04-10,GIB,105.37000274658205,105.86000061035156,104.70999908447266,104.9800033569336,189300.0,28.68212157708772,1,2,3
6769,2024-04-11,GIB,105.19000244140624,105.70999908447266,104.23999786376952,105.54000091552734,143900.0,31.473114969618344,1,2,3
6770,2024-04-12,GIB,104.79000091552734,105.01000213623048,103.61000061035156,104.41000366210938,178200.0,29.00634140802085,1,2,3
6771,2024-04-15,GIB,104.87000274658205,105.05999755859376,100.8499984741211,102.93000030517578,152900.0,26.118892485510063,1,2,3
6772,2024-04-16,GIB,102.70999908447266,104.0199966430664,102.11000061035156,103.66000366210938,145300.0,29.829319429225837,1,2,3
6773,2024-04-17,GIB,104.0,105.0,103.43000030517578,104.5,267400.0,33.94046824489586,1,2,3
6774,2024-04-18,GIB,104.55999755859376,105.0,103.4000015258789,103.9000015258789,136500.0,32.476814428807074,1,2,3
6775,2024-04-19,GIB,103.63999938964844,104.1999969482422,103.5,104.01000213623048,132300.0,33.04687502708194,1,2,3
6856,2024-04-10,GLPI,45.2599983215332,45.2599983215332,43.22999954223633,43.290000915527344,1509000.0,33.22943035088444,1,2,3
6857,2024-04-11,GLPI,43.40999984741211,43.68999862670898,43.15999984741211,43.209999084472656,1294400.0,32.805021964843604,1,2,3
6858,2024-04-12,GLPI,43.04999923706055,43.21500015258789,42.55500030517578,42.97999954223633,995500.0,31.557148522032936,1,2,3
6859,2024-04-15,GLPI,43.09999847412109,43.20000076293945,42.43999862670898,42.810001373291016,1596600.0,30.629730895499225,1,2,3
6860,2024-04-16,GLPI,42.59999847412109,42.68000030517578,41.93999862670898,42.09999847412109,1655000.0,27.053674098523445,1,2,3
6861,2024-04-17,GLPI,42.2599983215332,42.41999816894531,41.79999923706055,42.02999877929688,1035600.0,26.722422667205386,1,2,3
6862,2024-04-18,GLPI,42.09999847412109,42.400001525878906,41.970001220703125,42.34999847412109,969300.0,30.88843306929115,1,2,3
6863,2024-04-19,GLPI,42.369998931884766,42.93999862670898,42.369998931884766,42.79999923706055,1061400.0,36.3671515040954,1,2,3
6928,2024-04-10,GNTX,35.65999984741211,35.849998474121094,35.119998931884766,35.18000030517578,1738100.0,40.17237048937104,1,2,3
6929,2024-04-11,GNTX,35.31999969482422,35.34000015258789,34.5099983215332,34.630001068115234,1507400.0,34.881305264681856,1,2,3
6930,2024-04-12,GNTX,34.349998474121094,34.45000076293945,34.22999954223633,34.25,1157400.0,31.768057207663247,1,2,3
6931,2024-04-15,GNTX,34.560001373291016,34.560001373291016,33.720001220703125,33.939998626708984,1126100.0,29.458172604299648,1,2,3
6932,2024-04-16,GNTX,33.81999969482422,33.93000030517578,33.4900016784668,33.68000030517578,1308100.0,27.642770611971628,1,2,3
6933,2024-04-17,GNTX,34.06999969482422,34.189998626708984,33.400001525878906,33.5099983215332,1186900.0,26.49311399986668,1,2,3
6934,2024-04-18,GNTX,33.66999816894531,33.810001373291016,33.41999816894531,33.58000183105469,1249000.0,27.82426792450036,1,2,3
6935,2024-04-19,GNTX,33.52000045776367,33.91999816894531,33.52000045776367,33.90999984741211,1333000.0,33.90101604240604,1,2,3
7120,2024-04-10,GSHD,58.77000045776367,59.38999938964844,55.540000915527344,58.869998931884766,545900.0,30.373782633279266,1,2,3
7121,2024-04-11,GSHD,58.88999938964844,59.68999862670898,57.75,59.119998931884766,272500.0,31.085345872851576,1,2,3
7122,2024-04-12,GSHD,58.68000030517578,59.34999847412109,57.40999984741211,58.08000183105469,258200.0,29.724430715361304,1,2,3
7123,2024-04-15,GSHD,58.09000015258789,58.14500045776367,56.25,56.900001525878906,300300.0,28.215076230460408,1,2,3
7124,2024-04-16,GSHD,56.88999938964844,57.39500045776367,56.08000183105469,56.45000076293945,232600.0,27.638693412358684,1,2,3
7125,2024-04-17,GSHD,57.18999862670898,58.310001373291016,55.84999847412109,56.5,387000.0,27.815138972004462,1,2,3
7126,2024-04-18,GSHD,56.630001068115234,57.33700180053711,55.96500015258789,56.70000076293945,392300.0,28.565491504520395,1,2,3
7127,2024-04-19,GSHD,56.47999954223633,58.38999938964844,56.19499969482422,57.810001373291016,294100.0,32.74404729953672,1,2,3
7424,2024-04-10,HII,273.1199951171875,277.25,273.1199951171875,275.1499938964844,417800.0,28.83355618328845,1,2,3
7425,2024-04-11,HII,274.9599914550781,277.4599914550781,273.0400085449219,276.3099975585937,300700.0,31.99659788683458,1,2,3
7426,2024-04-12,HII,275.3500061035156,279.5599975585937,275.3500061035156,275.7200012207031,402100.0,31.23616310291014,1,2,3
7427,2024-04-15,HII,279.510009765625,280.69000244140625,274.8900146484375,275.0,340100.0,30.290084425002334,1,2,3
7428,2024-04-16,HII,276.0899963378906,276.0899963378906,272.7099914550781,274.0,245400.0,28.97734185808618,1,2,3
7429,2024-04-17,HII,276.1700134277344,276.19000244140625,270.739990234375,271.2200012207031,285200.0,25.64933316928906,1,2,3
7430,2024-04-18,HII,271.8699951171875,273.57000732421875,268.5599975585937,268.8399963378906,274100.0,23.19344240768219,1,2,3
7431,2024-04-19,HII,270.1499938964844,272.6199951171875,269.79998779296875,271.6600036621094,346600.0,31.555764908857796,1,2,3
7848,2024-04-10,IAC,51.18000030517578,51.19499969482422,49.900001525878906,50.02999877929688,511100.0,36.70993018826038,1,2,3
7849,2024-04-11,IAC,50.220001220703125,50.41999816894531,49.5,49.56999969482422,596300.0,34.889130702187785,1,2,3
7850,2024-04-12,IAC,49.2400016784668,49.2400016784668,47.91999816894531,48.18999862670898,740200.0,30.070474102324162,1,2,3
7851,2024-04-15,IAC,48.5,49.2599983215332,47.67499923706055,47.900001525878906,576200.0,29.15907521918917,1,2,3
7852,2024-04-16,IAC,47.70000076293945,47.88999938964844,47.244998931884766,47.369998931884766,375200.0,27.517551983285728,1,2,3
7853,2024-04-17,IAC,47.68000030517578,47.68000030517578,46.95000076293945,47.060001373291016,382400.0,26.575196557397117,1,2,3
7854,2024-04-18,IAC,47.310001373291016,48.220001220703125,47.150001525878906,47.59000015258789,348500.0,30.93025579532108,1,2,3
7855,2024-04-19,IAC,47.43999862670898,48.13999938964844,47.43999862670898,48.0,386900.0,34.1825215283599,1,2,3
7864,2024-04-10,IART,33.7599983215332,34.08000183105469,33.459999084472656,34.08000183105469,634500.0,39.565052225614686,1,2,3
7865,2024-04-11,IART,34.40999984741211,34.40999984741211,33.119998931884766,33.150001525878906,537900.0,34.777966370889175,1,2,3
7866,2024-04-12,IART,32.810001373291016,32.91999816894531,32.5,32.79999923706055,619700.0,33.15224935943576,1,2,3
7867,2024-04-15,IART,32.86000061035156,33.040000915527344,31.93000030517578,32.060001373291016,625300.0,29.96312046548449,1,2,3
7868,2024-04-16,IART,31.940000534057617,32.130001068115234,31.56999969482422,31.81999969482422,705300.0,28.989112544663996,1,2,3
7869,2024-04-17,IART,31.93000030517578,32.34000015258789,31.82999992370605,31.940000534057617,646200.0,30.210684558244672,1,2,3
7870,2024-04-18,IART,31.979999542236328,32.08000183105469,31.46999931335449,31.6299991607666,508400.0,28.830884623513555,1,2,3
7871,2024-04-19,IART,31.71999931335449,31.71999931335449,27.850000381469727,28.68000030517578,2916200.0,19.638808644763888,1,2,3
8072,2024-04-10,IMCR,57.2599983215332,59.5099983215332,55.68000030517578,58.810001373291016,651700.0,37.474630852794036,1,2,3
8073,2024-04-11,IMCR,59.150001525878906,60.00699996948242,58.02999877929688,59.06999969482422,357900.0,38.422509781122,1,2,3
8074,2024-04-12,IMCR,59.06999969482422,59.06999969482422,56.32500076293945,56.52999877929688,358800.0,33.13730518349716,1,2,3
8075,2024-04-15,IMCR,56.52999877929688,57.34999847412109,55.45000076293945,55.540000915527344,579200.0,31.328464760054235,1,2,3
8076,2024-04-16,IMCR,55.380001068115234,55.5,53.20000076293945,53.369998931884766,699000.0,27.752481726877143,1,2,3
8077,2024-04-17,IMCR,53.369998931884766,55.07500076293945,52.13999938964844,54.58000183105469,678000.0,32.38692916628769,1,2,3
8078,2024-04-18,IMCR,55.09000015258789,55.09000015258789,52.720001220703125,54.7400016784668,434200.0,32.99896155049717,1,2,3
8079,2024-04-19,IMCR,54.52000045776367,56.150001525878906,53.790000915527344,55.68000030517578,447700.0,36.62833132640023,1,2,3
8440,2024-04-10,ITW,260.4200134277344,261.29998779296875,257.7099914550781,259.2900085449219,761800.0,40.46249743324124,1,2,3
8441,2024-04-11,ITW,258.9599914550781,260.75,257.239990234375,257.67999267578125,1104300.0,37.53150910101176,1,2,3
8442,2024-04-12,ITW,255.6999969482422,256.3099975585937,251.9499969482422,253.50999450683597,1132400.0,31.223003736306566,1,2,3
8443,2024-04-15,ITW,256.4800109863281,257.5799865722656,253.38999938964844,253.8300018310547,2036400.0,32.16530776077191,1,2,3
8444,2024-04-16,ITW,253.8600006103516,254.32000732421875,250.80999755859372,251.2100067138672,1032100.0,28.698482010308823,1,2,3
8445,2024-04-17,ITW,252.7400054931641,252.8500061035156,249.02999877929688,249.5399932861328,845300.0,26.721472096831928,1,2,3
8446,2024-04-18,ITW,250.52999877929688,250.82000732421875,248.0800018310547,248.8300018310547,810800.0,25.904434795270237,1,2,3
8447,2024-04-19,ITW,249.41000366210935,250.9199981689453,248.47999572753903,250.4600067138672,2118600.0,31.112120748429735,1,2,3
8480,2024-04-10,JACK,60.59000015258789,61.310001373291016,59.90999984741211,61.06999969482422,444300.0,28.413902060501556,1,2,3
8481,2024-04-11,JACK,62.0099983215332,62.2599983215332,60.36000061035156,60.630001068115234,455600.0,27.62351683720718,1,2,3
8482,2024-04-12,JACK,60.119998931884766,60.5,59.290000915527344,59.54999923706055,500100.0,25.731476080313737,1,2,3
8483,2024-04-15,JACK,59.63999938964844,60.47999954223633,58.959999084472656,59.58000183105469,380000.0,25.883351079948635,1,2,3
8484,2024-04-16,JACK,59.08000183105469,61.22999954223633,58.66999816894531,60.880001068115234,470000.0,32.3396647071352,1,2,3
8485,2024-04-17,JACK,61.45000076293945,61.68999862670898,58.79999923706055,58.88999938964844,409000.0,28.27874825820239,1,2,3
8486,2024-04-18,JACK,58.88999938964844,59.0,58.09999847412109,58.15999984741211,466400.0,26.94222702981636,1,2,3
8487,2024-04-19,JACK,57.86000061035156,59.86000061035156,57.7400016784668,59.63999938964844,662300.0,33.77591753536304,1,2,3
8496,2024-04-10,JAZZ,113.66000366210938,114.30999755859376,112.5,114.08000183105467,716700.0,36.24115735868662,1,2,3
8497,2024-04-11,JAZZ,114.4499969482422,114.73999786376952,112.44000244140624,113.48999786376952,633700.0,35.067031709295804,1,2,3
8498,2024-04-12,JAZZ,113.0999984741211,113.0999984741211,110.41999816894533,110.58000183105467,431100.0,29.91859012358496,1,2,3
8499,2024-04-15,JAZZ,110.91000366210938,112.2699966430664,110.08999633789062,110.91000366210938,603200.0,31.153030861855058,1,2,3
8500,2024-04-16,JAZZ,110.41000366210938,111.20999908447266,108.75,108.9000015258789,545600.0,27.92641372645009,1,2,3
8501,2024-04-17,JAZZ,109.04000091552734,109.26000213623048,106.61000061035156,107.0999984741211,592700.0,25.39025941532051,1,2,3
8502,2024-04-18,JAZZ,107.1500015258789,109.51000213623048,107.1500015258789,109.2699966430664,564500.0,33.25930467173571,1,2,3
8503,2024-04-19,JAZZ,109.2699966430664,111.3499984741211,108.87999725341795,109.94000244140624,756600.0,35.520570282003334,1,2,3
9104,2024-04-10,LAD,273.1499938964844,277.8500061035156,268.5,270.25,281700.0,34.197213995569435,1,2,3
9105,2024-04-11,LAD,268.6499938964844,268.6700134277344,260.6300048828125,266.42999267578125,410200.0,31.99624624947233,1,2,3
9106,2024-04-12,LAD,264.7099914550781,266.6700134277344,262.1600036621094,264.5199890136719,139000.0,30.924527776775214,1,2,3
9107,2024-04-15,LAD,266.989990234375,267.8699951171875,258.0,258.0299987792969,181300.0,27.54802797859291,1,2,3
9108,2024-04-16,LAD,258.0299987792969,261.54998779296875,256.69000244140625,260.32000732421875,218200.0,30.43429549811492,1,2,3
9109,2024-04-17,LAD,262.75,263.1000061035156,258.1400146484375,260.94000244140625,346700.0,31.233029391878052,1,2,3
9110,2024-04-18,LAD,263.5799865722656,267.6300048828125,260.1099853515625,260.3500061035156,449200.0,30.869795462956084,1,2,3
9111,2024-04-19,LAD,260.0,264.4800109863281,258.3500061035156,261.0,226100.0,31.810673530880116,1,2,3
9128,2024-04-10,LANC,199.5200042724609,199.69000244140625,196.9600067138672,198.75,111400.0,41.697246103579936,1,2,3
9129,2024-04-11,LANC,199.5,200.1000061035156,198.25999450683597,198.55999755859372,108300.0,41.311149820382745,1,2,3
9130,2024-04-12,LANC,197.5500030517578,198.2100067138672,194.8800048828125,196.1100006103516,93100.0,36.60448190129672,1,2,3
9131,2024-04-15,LANC,197.4900054931641,198.13999938964844,193.02999877929688,194.80999755859372,224600.0,34.36703928511108,1,2,3
9132,2024-04-16,LANC,194.3000030517578,195.2100067138672,189.8699951171875,190.0200042724609,148700.0,27.65858063416437,1,2,3
9133,2024-04-17,LANC,191.6499938964844,191.6499938964844,185.1300048828125,185.3999938964844,124100.0,22.99600623077586,1,2,3
9134,2024-04-18,LANC,186.30999755859372,186.30999755859372,182.8000030517578,183.6199951171875,138100.0,21.492697276465325,1,2,3
9135,2024-04-19,LANC,183.75,187.32000732421875,183.75,186.8699951171875,130900.0,30.434737056301074,1,2,3
9152,2024-04-10,LAZR,1.7599999904632568,1.7979999780654907,1.7200000286102295,1.7599999904632568,7381200.0,39.75268648090225,1,2,3
9153,2024-04-11,LAZR,1.7599999904632568,1.7699999809265137,1.2350000143051147,1.440000057220459,21010200.0,30.657332411044365,1,2,3
9154,2024-04-12,LAZR,1.4800000190734863,1.4800000190734863,1.2699999809265137,1.2999999523162842,15268200.0,27.67408325411222,1,2,3
9155,2024-04-15,LAZR,1.3600000143051147,1.5,1.274999976158142,1.3350000381469729,10004200.0,29.520556674838623,1,2,3
9156,2024-04-16,LAZR,1.3200000524520874,1.3799999952316284,1.2649999856948853,1.3300000429153442,5364800.0,29.4050634790336,1,2,3
9157,2024-04-17,LAZR,1.350000023841858,1.3600000143051147,1.2200000286102295,1.25,7228400.0,27.547998019917852,1,2,3
9158,2024-04-18,LAZR,1.25,1.3799999952316284,1.2100000381469729,1.2599999904632568,7555500.0,28.15876134654652,1,2,3
9159,2024-04-19,LAZR,1.25,1.340000033378601,1.25,1.309999942779541,5479300.0,31.278167887550097,1,2,3
9320,2024-04-10,LH,208.57000732421875,209.2100067138672,206.55999755859372,207.1699981689453,901900.0,34.93945877802778,1,2,3
9321,2024-04-11,LH,207.91000366210935,207.9600067138672,204.00999450683597,206.5,861300.0,33.8593058764137,1,2,3
9322,2024-04-12,LH,205.2100067138672,206.3999938964844,204.3999938964844,205.72999572753903,717000.0,32.61150826235963,1,2,3
9323,2024-04-15,LH,206.9499969482422,208.32000732421875,203.0,203.32000732421875,669100.0,29.008259299973275,1,2,3
9324,2024-04-16,LH,204.2400054931641,204.69000244140625,201.91000366210935,201.92999267578125,691500.0,27.14528486094058,1,2,3
9325,2024-04-17,LH,202.77999877929688,202.77999877929688,199.83999633789065,199.97000122070312,683300.0,24.73323826671719,1,2,3
9326,2024-04-18,LH,199.5500030517578,200.2100067138672,198.05999755859372,199.4499969482422,768900.0,24.120857627124746,1,2,3
9327,2024-04-19,LH,200.72999572753903,201.63999938964844,199.6499938964844,201.47999572753903,768200.0,31.274570151769293,1,2,3
9416,2024-04-10,LLYVK,42.65999984741211,42.66999816894531,41.959999084472656,42.63999938964844,257900.0,57.4459129179703,1,2,3
9417,2024-04-11,LLYVK,43.060001373291016,43.11000061035156,42.31999969482422,42.91999816894531,305900.0,59.50897358298724,1,2,3
9418,2024-04-12,LLYVK,42.5,42.7400016784668,41.86000061035156,42.08000183105469,286000.0,51.45028387252763,1,2,3
9419,2024-04-15,LLYVK,42.2400016784668,42.72999954223633,40.95000076293945,41.09000015258789,177500.0,43.90405712093528,1,2,3
9420,2024-04-16,LLYVK,39.459999084472656,39.869998931884766,37.130001068115234,37.5,466700.0,27.914998285307934,1,2,3
9421,2024-04-17,LLYVK,37.68999862670898,38.470001220703125,37.47999954223633,37.63999938964844,437300.0,29.00089243742935,1,2,3
9422,2024-04-18,LLYVK,37.65999984741211,37.65999984741211,36.40999984741211,36.40999984741211,206800.0,25.383048333334557,1,2,3
9423,2024-04-19,LLYVK,36.2599983215332,37.310001373291016,36.2599983215332,37.27000045776367,508200.0,31.79018315476505,1,2,3
9624,2024-04-10,LULU,352.79998779296875,355.17999267578125,349.5299987792969,350.25,1962800.0,21.371730352244857,1,2,3
9625,2024-04-11,LULU,350.5899963378906,352.04998779296875,347.510009765625,349.9200134277344,1948300.0,21.30020808811384,1,2,3
9626,2024-04-12,LULU,345.4700012207031,346.8999938964844,336.0400085449219,336.1300048828125,2661700.0,18.51209665180536,1,2,3
9627,2024-04-15,LULU,340.989990234375,343.82000732421875,334.5299987792969,334.760009765625,2326900.0,18.256425807551917,1,2,3
9628,2024-04-16,LULU,334.0299987792969,341.1099853515625,330.6099853515625,338.9800109863281,2147100.0,21.837412956492305,1,2,3
9629,2024-04-17,LULU,342.0,346.45001220703125,341.239990234375,344.8599853515625,2147800.0,26.658515564639796,1,2,3
9630,2024-04-18,LULU,346.5,352.1000061035156,344.3099975585937,347.510009765625,2180200.0,28.790311648981977,1,2,3
9631,2024-04-19,LULU,346.9599914550781,353.1000061035156,346.3900146484375,352.4700012207031,2464600.0,32.7314678877052,1,2,3
9664,2024-04-10,LW,79.80000305175781,80.91999816894531,78.28500366210938,79.86000061035156,4440800.0,22.347149671527493,1,2,3
9665,2024-04-11,LW,80.33000183105469,82.19999694824219,79.9749984741211,81.36000061035156,5103700.0,26.130363050959975,1,2,3
9666,2024-04-12,LW,80.77999877929688,81.4800033569336,79.06999969482422,79.7699966430664,3513700.0,24.753677374519043,1,2,3
9667,2024-04-15,LW,80.12000274658203,80.62799835205078,78.66999816894531,79.94999694824219,2649400.0,25.233912279629262,1,2,3
9668,2024-04-16,LW,79.98999786376953,82.2699966430664,79.37000274658203,82.05999755859375,3176900.0,30.808529191266558,1,2,3
9669,2024-04-17,LW,82.19000244140625,82.75,80.33000183105469,80.36000061035156,3006400.0,28.936524292414774,1,2,3
9670,2024-04-18,LW,80.68000030517578,80.7699966430664,79.13999938964844,80.29000091552734,2580900.0,28.858766045427092,1,2,3
9671,2024-04-19,LW,80.25,82.4800033569336,79.95999908447266,81.0,2420800.0,30.887399831822737,1,2,3
9784,2024-04-10,MANH,238.6499938964844,241.0399932861328,237.13999938964844,238.3000030517578,222700.0,35.75288360809673,1,2,3
9785,2024-04-11,MANH,238.8500061035156,240.57000732421875,238.32000732421875,239.66000366210935,212000.0,38.78562572110647,1,2,3
9786,2024-04-12,MANH,237.19000244140625,239.4600067138672,235.58999633789065,237.80999755859372,274200.0,36.27702119194315,1,2,3
9787,2024-04-15,MANH,238.3600006103516,240.80999755859372,230.07000732421875,230.4900054931641,565500.0,28.439121390043304,1,2,3
9788,2024-04-16,MANH,231.55999755859372,233.1699981689453,229.50999450683597,231.16000366210935,327700.0,29.931364013219458,1,2,3
9789,2024-04-17,MANH,231.4499969482422,233.1999969482422,228.25999450683597,228.42999267578125,240900.0,27.422133925642218,1,2,3
9790,2024-04-18,MANH,229.82000732421875,232.0,227.8000030517578,230.44000244140625,546800.0,31.945769018927965,1,2,3
9791,2024-04-19,MANH,230.75999450683597,232.9199981689453,224.92999267578125,226.33999633789065,392700.0,28.098617110837903,1,2,3
9832,2024-04-10,MAT,18.920000076293945,18.96999931335449,18.6299991607666,18.690000534057617,4448800.0,36.72000875874788,1,2,3
9833,2024-04-11,MAT,18.690000534057617,18.86000061035156,18.36000061035156,18.559999465942383,2983000.0,35.022980788592726,1,2,3
9834,2024-04-12,MAT,18.399999618530277,18.61000061035156,18.36000061035156,18.43000030517578,1874400.0,33.36253908976393,1,2,3
9835,2024-04-15,MAT,18.559999465942383,18.6299991607666,18.06999969482422,18.09000015258789,2677700.0,29.432307960792624,1,2,3
9836,2024-04-16,MAT,18.010000228881836,18.200000762939453,17.950000762939453,17.969999313354492,2818300.0,28.170916666980055,1,2,3
9837,2024-04-17,MAT,18.07999992370605,18.170000076293945,17.940000534057617,18.049999237060547,2450400.0,30.315062871175964,1,2,3
9838,2024-04-18,MAT,18.1299991607666,18.18000030517578,18.020000457763672,18.170000076293945,3636800.0,33.5207390363324,1,2,3
9839,2024-04-19,MAT,18.020000457763672,18.25,17.989999771118164,18.049999237060547,1971800.0,31.938472786861468,1,2,3
9968,2024-04-10,MDLZ,67.30999755859375,67.5199966430664,66.31999969482422,66.68000030517578,6858500.0,25.986579748034423,1,2,3
9969,2024-04-11,MDLZ,66.8499984741211,67.25,66.20999908447266,66.77999877929688,11259600.0,27.018920925350066,1,2,3
9970,2024-04-12,MDLZ,66.36000061035156,66.7300033569336,66.01000213623047,66.69000244140625,7433500.0,26.6585371432743,1,2,3
9971,2024-04-15,MDLZ,67.2699966430664,67.37999725341797,65.22000122070312,65.87000274658203,10783500.0,23.573283623646162,1,2,3
9972,2024-04-16,MDLZ,66.04000091552734,66.1500015258789,65.5,65.9800033569336,8581200.0,24.83007942451081,1,2,3
9973,2024-04-17,MDLZ,66.2300033569336,66.66000366210938,66.0,66.51000213623047,6755500.0,30.739809683224976,1,2,3
9974,2024-04-18,MDLZ,66.66000366210938,67.33000183105469,66.55000305175781,67.16999816894531,8695700.0,37.345620605957016,1,2,3
9975,2024-04-19,MDLZ,67.41999816894531,68.16000366210938,67.08999633789062,68.11000061035156,11017000.0,45.341600746213715,1,2,3
10216,2024-04-10,MLNK,18.020000457763672,18.149999618530277,17.450000762939453,17.760000228881836,168200.0,37.005101276125686,1,2,3
10217,2024-04-11,MLNK,17.780000686645508,17.829999923706055,17.43000030517578,17.59000015258789,166700.0,35.01777414072155,1,2,3
10218,2024-04-12,MLNK,17.469999313354492,17.55500030517578,17.0,17.1299991607666,164200.0,30.279211160325687,1,2,3
10219,2024-04-15,MLNK,17.1200008392334,17.200000762939453,16.719999313354492,16.81999969482422,320100.0,27.571482741165898,1,2,3
10220,2024-04-16,MLNK,16.729999542236328,17.100000381469727,16.540000915527344,16.799999237060547,191300.0,27.401229935699423,1,2,3
10221,2024-04-17,MLNK,16.8700008392334,17.170000076293945,16.719999313354492,17.149999618530273,239400.0,34.96899881749501,1,2,3
10222,2024-04-18,MLNK,17.149999618530273,17.510000228881836,16.969999313354492,17.5,233300.0,41.53253039649646,1,2,3
10223,2024-04-19,MLNK,17.420000076293945,17.549999237060547,17.09000015258789,17.209999084472656,198000.0,38.101136287663174,1,2,3
10280,2024-04-10,MNST,55.09999847412109,55.27000045776367,54.29999923706055,54.810001373291016,6271900.0,28.38265033351601,1,2,3
10281,2024-04-11,MNST,54.93000030517578,55.09999847412109,54.459999084472656,54.72999954223633,4527700.0,28.024770691106564,1,2,3
10282,2024-04-12,MNST,54.40999984741211,55.02000045776367,54.310001373291016,55.0099983215332,5634400.0,31.29022397453971,1,2,3
10283,2024-04-15,MNST,55.36000061035156,55.47999954223633,53.54999923706055,54.11000061035156,8889900.0,27.043168427260195,1,2,3
10284,2024-04-16,MNST,54.27000045776367,54.9900016784668,53.97999954223633,54.68999862670898,6219000.0,33.32401911747841,1,2,3
10285,2024-04-17,MNST,55.08000183105469,55.11000061035156,53.93999862670898,54.25,5931300.0,31.1342401899458,1,2,3
10286,2024-04-18,MNST,54.25,54.43999862670898,53.209999084472656,53.459999084472656,4757100.0,27.62433284256342,1,2,3
10287,2024-04-19,MNST,53.45000076293945,53.65999984741211,52.7400016784668,53.13999938964844,10405100.0,26.329520064684857,1,2,3
10456,2024-04-10,MRTN,17.719999313354492,17.719999313354492,17.079999923706055,17.219999313354492,616900.0,28.92844585812306,1,2,3
10457,2024-04-11,MRTN,17.09000015258789,17.260000228881836,17.049999237060547,17.170000076293945,423200.0,28.376826819874857,1,2,3
10458,2024-04-12,MRTN,17.100000381469727,17.25,17.0,17.139999389648438,432100.0,28.031435056301014,1,2,3
10459,2024-04-15,MRTN,17.110000610351562,17.239999771118164,16.93000030517578,17.010000228881836,713800.0,26.52484518910054,1,2,3
10460,2024-04-16,MRTN,16.959999084472656,16.959999084472656,16.719999313354492,16.760000228881836,525800.0,23.868090093410622,1,2,3
10461,2024-04-17,MRTN,16.389999389648438,16.540000915527344,16.149999618530273,16.170000076293945,802100.0,19.025021507193443,1,2,3
10462,2024-04-18,MRTN,16.329999923706055,16.3799991607666,15.869999885559082,15.970000267028809,788600.0,17.712954263983786,1,2,3
10463,2024-04-19,MRTN,15.720000267028809,16.68000030517578,15.329999923706056,16.559999465942383,1263300.0,32.50167076409027,1,2,3
10984,2024-04-10,NLY,19.0,19.07999992370605,18.32999992370605,18.59000015258789,6233100.0,35.08543790671872,1,2,3
10985,2024-04-11,NLY,18.68000030517578,18.71999931335449,18.36000061035156,18.57999992370605,3897900.0,34.95290572754107,1,2,3
10986,2024-04-12,NLY,18.5,18.6200008392334,18.40999984741211,18.440000534057617,2565600.0,33.069585895244145,1,2,3
10987,2024-04-15,NLY,18.51000022888184,18.600000381469727,17.84000015258789,18.020000457763672,3581000.0,28.166383768015972,1,2,3
10988,2024-04-16,NLY,17.969999313354492,18.010000228881836,17.670000076293945,17.709999084472656,3377800.0,25.196801345162733,1,2,3
10989,2024-04-17,NLY,17.84000015258789,18.059999465942383,17.81999969482422,17.8799991607666,2483100.0,29.581324099186183,1,2,3
10990,2024-04-18,NLY,17.959999084472656,18.1299991607666,17.889999389648438,17.989999771118164,2531500.0,32.34466747456632,1,2,3
10991,2024-04-19,NLY,17.979999542236328,18.26000022888184,17.979999542236328,18.229999542236328,2227400.0,38.05611095870463,1,2,3
11240,2024-04-10,NTRSO,21.76000022888184,21.76000022888184,21.07999992370605,21.5,32600.0,35.73242091877897,1,2,3
11241,2024-04-11,NTRSO,21.559999465942383,21.559999465942383,21.059999465942383,21.399999618530277,21700.0,34.60572870015186,1,2,3
11242,2024-04-12,NTRSO,21.26000022888184,21.489999771118164,21.26000022888184,21.38500022888184,11400.0,34.4303644400288,1,2,3
11243,2024-04-15,NTRSO,21.290000915527344,21.290000915527344,20.709999084472656,20.71999931335449,27300.0,27.7228165880807,1,2,3
11244,2024-04-16,NTRSO,20.68400001525879,20.951000213623047,20.59000015258789,20.809999465942383,15200.0,29.71839821504412,1,2,3
11245,2024-04-17,NTRSO,20.90999984741211,21.200000762939453,20.90999984741211,21.190000534057617,12300.0,37.5576364865579,1,2,3
11246,2024-04-18,NTRSO,21.100000381469727,21.275999069213867,20.729999542236328,20.86000061035156,14400.0,34.009900591985954,1,2,3
11247,2024-04-19,NTRSO,20.96500015258789,20.979999542236328,20.71999931335449,20.739999771118164,28200.0,32.79668467523339,1,2,3
11808,2024-04-10,OTEX,36.52000045776367,36.720001220703125,36.08000183105469,36.150001525878906,544400.0,31.278862876732422,1,2,3
11809,2024-04-11,OTEX,36.27000045776367,36.290000915527344,35.599998474121094,35.90999984741211,694800.0,30.069081504228556,1,2,3
11810,2024-04-12,OTEX,35.54999923706055,35.599998474121094,35.099998474121094,35.52000045776367,678100.0,28.162886061435337,1,2,3
11811,2024-04-15,OTEX,35.66999816894531,35.91999816894531,34.560001373291016,34.720001220703125,601500.0,24.703380862275132,1,2,3
11812,2024-04-16,OTEX,34.68000030517578,34.880001068115234,34.41999816894531,34.470001220703125,544300.0,23.722681860237273,1,2,3
11813,2024-04-17,OTEX,34.7599983215332,34.91999816894531,34.2599983215332,34.599998474121094,483800.0,25.3815221545519,1,2,3
11814,2024-04-18,OTEX,34.77000045776367,34.93000030517578,34.38999938964844,34.75,472200.0,27.344977313364442,1,2,3
11815,2024-04-19,OTEX,34.630001068115234,35.15999984741211,34.630001068115234,35.04999923706055,556200.0,31.241779726165987,1,2,3
12208,2024-04-10,PFGC,70.73999786376953,71.43000030517578,70.18000030517578,71.20999908447266,652400.0,36.21241766813147,1,2,3
12209,2024-04-11,PFGC,71.43000030517578,71.55999755859375,70.86000061035156,71.22000122070312,667700.0,36.28161295422465,1,2,3
12210,2024-04-12,PFGC,71.0,71.19999694824219,69.12999725341797,69.22000122070312,1084600.0,29.411300234251687,1,2,3
12211,2024-04-15,PFGC,69.9000015258789,70.45500183105469,68.62999725341797,69.02999877929688,1332500.0,28.85233505354345,1,2,3
12212,2024-04-16,PFGC,68.97000122070312,70.0199966430664,68.48999786376953,69.9800033569336,1169000.0,35.4572771391793,1,2,3
12213,2024-04-17,PFGC,70.41000366210938,70.4739990234375,68.05000305175781,68.51000213623047,1121900.0,30.706966990981687,1,2,3
12214,2024-04-18,PFGC,68.75,68.8550033569336,67.80999755859375,68.04000091552734,794500.0,29.352919606038814,1,2,3
12215,2024-04-19,PFGC,68.0,68.51000213623047,67.5999984741211,68.4800033569336,1553600.0,32.35997536669588,1,2,3
12848,2024-04-10,PUK,18.149999618530277,18.18000030517578,17.81999969482422,17.959999084472656,720600.0,29.74585195796915,1,2,3
12849,2024-04-11,PUK,18.13999938964844,18.18000030517578,17.90999984741211,18.059999465942383,948500.0,31.790886164800412,1,2,3
12850,2024-04-12,PUK,17.639999389648438,17.780000686645508,17.510000228881836,17.520000457763672,1365900.0,27.188438491435395,1,2,3
12851,2024-04-15,PUK,18.010000228881836,18.010000228881836,17.549999237060547,17.670000076293945,1615200.0,30.210866115999014,1,2,3
12852,2024-04-16,PUK,17.219999313354492,17.360000610351562,17.1200008392334,17.260000228881836,1369600.0,26.92135941773292,1,2,3
12853,2024-04-17,PUK,17.6200008392334,17.719999313354492,17.31999969482422,17.639999389648438,1537200.0,34.08502518692949,1,2,3
12854,2024-04-18,PUK,17.84000015258789,18.209999084472656,17.780000686645508,18.049999237060547,911900.0,40.8251475332848,1,2,3
12855,2024-04-19,PUK,18.0,18.170000076293945,18.0,18.1299991607666,1007500.0,42.06988746666034,1,2,3
12856,2024-04-10,PVH,108.13999938964844,111.0199966430664,107.66999816894533,109.75,1592100.0,31.690604421189494,1,2,3
12857,2024-04-11,PVH,110.1999969482422,110.41000366210938,108.12000274658205,108.37999725341795,1111500.0,30.600215660451656,1,2,3
12858,2024-04-12,PVH,107.0,107.4000015258789,105.48999786376952,105.58999633789062,1079000.0,28.453134082361757,1,2,3
12859,2024-04-15,PVH,108.33000183105467,108.97000122070312,106.25,106.33000183105467,1065200.0,29.8588965167905,1,2,3
12860,2024-04-16,PVH,105.5199966430664,108.26000213623048,105.5199966430664,107.5999984741211,1025400.0,32.316743698780954,1,2,3
12861,2024-04-17,PVH,108.3000030517578,108.33000183105467,105.61000061035156,105.75,944200.0,30.632818774910874,1,2,3
12862,2024-04-18,PVH,106.30999755859376,108.22000122070312,105.9800033569336,106.30999755859376,895200.0,31.791418958026757,1,2,3
12863,2024-04-19,PVH,106.04000091552734,107.45999908447266,105.43000030517578,106.77999877929688,915700.0,32.805817821355305,1,2,3
12896,2024-04-10,PYCR,18.290000915527344,18.549999237060547,17.950000762939453,18.030000686645508,501500.0,36.1262613944523,1,2,3
12897,2024-04-11,PYCR,18.18000030517578,18.21500015258789,17.790000915527344,18.0,592200.0,35.8447901128447,1,2,3
12898,2024-04-12,PYCR,17.8799991607666,18.020000457763672,17.709999084472656,17.829999923706055,522800.0,34.21786850063163,1,2,3
12899,2024-04-15,PYCR,17.760000228881836,17.940000534057617,17.31999969482422,17.43000030517578,1312100.0,30.68839513976318,1,2,3
12900,2024-04-16,PYCR,17.25,17.329999923706055,17.049999237060547,17.059999465942383,627600.0,27.82895105994541,1,2,3
12901,2024-04-17,PYCR,17.170000076293945,17.280000686645508,16.969999313354492,17.010000228881836,616900.0,27.456644877023077,1,2,3
12902,2024-04-18,PYCR,16.979999542236328,17.040000915527344,16.559999465942383,16.68000030517578,1141500.0,25.072482181853147,1,2,3
12903,2024-04-19,PYCR,16.719999313354492,17.0,16.639999389648438,16.969999313354492,1214900.0,30.762300603775213,1,2,3
12936,2024-04-10,QGEN,41.310001373291016,41.540000915527344,41.02000045776367,41.18000030517578,909200.0,33.82001497288646,1,2,3
12937,2024-04-11,QGEN,41.630001068115234,41.66999816894531,40.88999938964844,41.16999816894531,528800.0,33.749797280706034,1,2,3
12938,2024-04-12,QGEN,40.77999877929688,40.93000030517578,40.13999938964844,40.18000030517578,641900.0,27.634119877136744,1,2,3
12939,2024-04-15,QGEN,40.43999862670898,40.47999954223633,39.560001373291016,39.66999816894531,551500.0,25.109828056461563,1,2,3
12940,2024-04-16,QGEN,39.470001220703125,39.5099983215332,39.13999938964844,39.31999969482422,737300.0,23.52185088617868,1,2,3
12941,2024-04-17,QGEN,39.540000915527344,39.59999847412109,39.18000030517578,39.22999954223633,796000.0,23.117001216158283,1,2,3
12942,2024-04-18,QGEN,39.310001373291016,39.560001373291016,39.02999877929688,39.470001220703125,951900.0,26.738225685408405,1,2,3
12943,2024-04-19,QGEN,39.63999938964844,40.13999938964844,39.63999938964844,40.0,1108000.0,34.11790983869968,1,2,3
13072,2024-04-10,RCI,39.79999923706055,39.79999923706055,39.15999984741211,39.33000183105469,595000.0,28.7442781087059,1,2,3
13073,2024-04-11,RCI,39.369998931884766,39.45000076293945,38.81999969482422,39.16999816894531,441300.0,27.913439211037478,1,2,3
13074,2024-04-12,RCI,38.93000030517578,38.970001220703125,37.77000045776367,38.060001373291016,653800.0,22.956181000697242,1,2,3
13075,2024-04-15,RCI,38.2400016784668,38.63999938964844,37.56999969482422,37.90999984741211,1068400.0,22.377812726915213,1,2,3
13076,2024-04-16,RCI,37.79999923706055,37.83000183105469,37.27999877929688,37.70000076293945,686200.0,21.55889962439029,1,2,3
13077,2024-04-17,RCI,37.810001373291016,38.220001220703125,37.540000915527344,37.88999938964844,622900.0,24.259534661612065,1,2,3
13078,2024-04-18,RCI,37.9900016784668,38.47999954223633,37.75,38.29999923706055,701500.0,29.870539400461688,1,2,3
13079,2024-04-19,RCI,38.380001068115234,38.84000015258789,38.369998931884766,38.540000915527344,951700.0,32.99954049409072,1,2,3
13144,2024-04-10,REGN,935.02001953125,937.8699951171876,923.4400024414062,936.2000122070312,389700.0,38.602188645336085,1,2,3
13145,2024-04-11,REGN,928.5800170898438,930.6400146484376,907.3300170898438,920.3200073242188,617100.0,32.33419704337891,1,2,3
13146,2024-04-12,REGN,911.5499877929688,912.219970703125,898.260009765625,904.7000122070312,665300.0,27.588877584185724,1,2,3
13147,2024-04-15,REGN,915.3699951171876,921.1199951171876,895.0900268554688,898.5599975585938,656200.0,25.975134562716125,1,2,3
13148,2024-04-16,REGN,897.219970703125,901.0700073242188,890.4299926757812,894.1400146484375,615700.0,24.848367675014703,1,2,3
13149,2024-04-17,REGN,903.8800048828124,911.6400146484376,899.9000244140625,901.1900024414062,468700.0,30.05978319807228,1,2,3
13150,2024-04-18,REGN,901.260009765625,908.8099975585938,891.6699829101562,893.989990234375,450600.0,27.929624626236,1,2,3
13151,2024-04-19,REGN,913.969970703125,920.72998046875,891.4600219726562,896.8200073242188,507500.0,30.02850530692823,1,2,3
13296,2024-04-10,RIVN,10.25,10.420000076293944,10.109999656677246,10.270000457763672,30300700.0,38.240004404659174,1,2,3
13297,2024-04-11,RIVN,10.25,10.300000190734863,9.380000114440918,9.56999969482422,80132300.0,32.89173257431001,1,2,3
13298,2024-04-12,RIVN,9.479999542236328,9.510000228881836,9.079999923706056,9.130000114440918,57663100.0,30.047038041747953,1,2,3
13299,2024-04-15,RIVN,9.119999885559082,9.170000076293944,8.319999694824219,8.399999618530273,82423900.0,26.025408850764848,1,2,3
13300,2024-04-16,RIVN,8.364999771118164,8.869999885559082,8.260000228881836,8.710000038146973,51527100.0,30.292238500125418,1,2,3
13301,2024-04-17,RIVN,8.75,9.010000228881836,8.729999542236328,8.739999771118164,32606900.0,30.708763271110474,1,2,3
13302,2024-04-18,RIVN,8.699999809265137,9.079999923706056,8.380000114440918,8.829999923706055,30808400.0,32.021097292523464,1,2,3
13303,2024-04-19,RIVN,8.65999984741211,8.890000343322754,8.569999694824219,8.630000114440918,26517400.0,30.632673656658778,1,2,3
13344,2024-04-10,RLI,141.1300048828125,141.9499969482422,140.47000122070312,141.55999755859375,100500.0,35.075915942063396,1,2,3
13345,2024-04-11,RLI,141.2899932861328,141.35000610351562,138.17999267578125,138.2899932861328,142800.0,27.584729505757405,1,2,3
13346,2024-04-12,RLI,137.9600067138672,138.57000732421875,136.6300048828125,137.2100067138672,135300.0,25.637271478019414,1,2,3
13347,2024-04-15,RLI,138.49000549316406,138.49000549316406,136.25999450683594,136.25999450683594,101000.0,24.03014075077246,1,2,3
13348,2024-04-16,RLI,136.6699981689453,138.80999755859375,136.1699981689453,137.8699951171875,173600.0,31.829475747482128,1,2,3
13349,2024-04-17,RLI,137.5800018310547,137.5800018310547,135.05999755859375,135.6999969482422,171500.0,27.701496592218653,1,2,3
13350,2024-04-18,RLI,136.52999877929688,137.64999389648438,136.10000610351562,137.08999633789062,122900.0,33.63846024087114,1,2,3
13351,2024-04-19,RLI,138.0800018310547,140.24000549316406,137.0500030517578,140.2100067138672,204900.0,44.62951817843777,1,2,3
13464,2024-04-10,ROST,138.47000122070312,139.27000427246094,137.00999450683594,138.2899932861328,1902300.0,30.81430966402409,1,2,3
13465,2024-04-11,ROST,138.86000061035156,140.32000732421875,138.22000122070312,139.94000244140625,1707900.0,38.236045863703595,1,2,3
13466,2024-04-12,ROST,138.22999572753906,138.8300018310547,135.5399932861328,135.99000549316406,2289900.0,29.952483264171835,1,2,3
13467,2024-04-15,ROST,138.1300048828125,138.30999755859375,133.5399932861328,133.64999389648438,2490400.0,26.315349599282772,1,2,3
13468,2024-04-16,ROST,133.67999267578125,134.67999267578125,133.0800018310547,133.8300018310547,1793700.0,27.049212167487557,1,2,3
13469,2024-04-17,ROST,134.9199981689453,134.9199981689453,132.05999755859375,132.7899932861328,2151600.0,25.470834849964962,1,2,3
13470,2024-04-18,ROST,134.02000427246094,134.17999267578125,131.60000610351562,131.8000030517578,1505700.0,24.03320654147517,1,2,3
13471,2024-04-19,ROST,131.8000030517578,133.9199981689453,131.27999877929688,133.33999633789062,3122000.0,30.595610694937324,1,2,3
13496,2024-04-10,RPRX,29.440000534057617,29.708999633789062,29.155000686645508,29.450000762939453,2404000.0,45.884381339348494,1,2,3
13497,2024-04-11,RPRX,29.530000686645508,29.600000381469727,28.5,29.049999237060547,3221000.0,41.33119342785572,1,2,3
13498,2024-04-12,RPRX,29.059999465942383,29.059999465942383,27.8700008392334,28.21999931335449,3161400.0,33.829668969243194,1,2,3
13499,2024-04-15,RPRX,28.3700008392334,28.59499931335449,28.020000457763672,28.25,2428900.0,34.293879762393985,1,2,3
13500,2024-04-16,RPRX,28.09000015258789,28.125,27.459999084472656,27.459999084472656,2171600.0,28.603380481625194,1,2,3
13501,2024-04-17,RPRX,27.540000915527344,27.774999618530277,27.424999237060547,27.61000061035156,2334900.0,30.946384011793555,1,2,3
13502,2024-04-18,RPRX,27.540000915527344,28.03499984741211,27.5,27.88999938964844,2091900.0,35.21986971309445,1,2,3
13503,2024-04-19,RPRX,27.850000381469727,28.190000534057617,27.690000534057617,28.15999984741211,1775800.0,39.13170036692796,1,2,3
13760,2024-04-10,SAM,289.5,292.0400085449219,289.0199890136719,290.5599975585937,146700.0,34.24244548448941,1,2,3
13761,2024-04-11,SAM,292.5599975585937,294.3900146484375,290.0,291.3900146484375,125200.0,35.48073078793061,1,2,3
13762,2024-04-12,SAM,289.0,290.9599914550781,284.70001220703125,285.6499938964844,118200.0,31.116771353290346,1,2,3
13763,2024-04-15,SAM,283.3399963378906,286.5799865722656,280.7699890136719,280.82000732421875,147100.0,27.996392239003303,1,2,3
13764,2024-04-16,SAM,279.5799865722656,279.989990234375,274.7799987792969,274.9200134277344,136700.0,24.733592908737954,1,2,3
13765,2024-04-17,SAM,276.5400085449219,283.0199890136719,276.260009765625,280.1000061035156,162800.0,32.20416057880976,1,2,3
13766,2024-04-18,SAM,279.8800048828125,285.4800109863281,279.5799865722656,284.8699951171875,119000.0,38.27929909740506,1,2,3
13767,2024-04-19,SAM,284.1099853515625,290.0,284.1099853515625,286.9800109863281,136300.0,40.80616751657912,1,2,3
14080,2024-04-10,SHEN,15.229999542236328,15.229999542236328,14.649999618530272,14.979999542236328,214300.0,23.82583939008925,1,2,3
14081,2024-04-11,SHEN,15.06999969482422,15.34000015258789,15.010000228881836,15.289999961853027,162900.0,29.14565653380126,1,2,3
14082,2024-04-12,SHEN,15.270000457763672,15.460000038146973,14.869999885559082,14.93000030517578,158900.0,26.804545740200762,1,2,3
14083,2024-04-15,SHEN,15.0,15.31999969482422,14.699999809265137,15.239999771118164,200600.0,31.878818831405443,1,2,3
14084,2024-04-16,SHEN,15.199999809265137,15.210000038146973,14.550000190734863,14.640000343322754,171500.0,27.853955178997087,1,2,3
14085,2024-04-17,SHEN,14.779999732971191,14.899999618530272,14.380000114440918,14.380000114440918,147300.0,26.304137554261015,1,2,3
14086,2024-04-18,SHEN,14.489999771118164,14.68000030517578,14.399999618530272,14.449999809265137,184100.0,27.474158401106813,1,2,3
14087,2024-04-19,SHEN,14.350000381469728,14.729999542236328,14.350000381469728,14.6899995803833,184500.0,31.490238046299858,1,2,3
14112,2024-04-10,SHOP,72.80000305175781,73.12000274658203,71.58999633789062,71.9800033569336,8018300.0,35.23098655493012,1,2,3
14113,2024-04-11,SHOP,71.9800033569336,72.2699966430664,70.48999786376953,71.56999969482422,11728000.0,34.35814669764985,1,2,3
14114,2024-04-12,SHOP,70.88999938964844,71.19000244140625,69.19000244140625,70.0,11013500.0,31.173296492874048,1,2,3
14115,2024-04-15,SHOP,70.0,70.41000366210938,68.38999938964844,68.56999969482422,8733200.0,28.57512032746252,1,2,3
14116,2024-04-16,SHOP,68.47000122070312,69.33999633789062,68.01499938964844,68.69999694824219,9249200.0,29.153201498199266,1,2,3
14117,2024-04-17,SHOP,69.5,71.0,68.97000122070312,69.41000366210938,8373200.0,32.37260156958157,1,2,3
14118,2024-04-18,SHOP,69.33000183105469,70.94999694824219,68.1500015258789,69.51000213623047,7360500.0,32.835525828240634,1,2,3
14119,2024-04-19,SHOP,71.0,71.62999725341797,68.79000091552734,69.66999816894531,10289300.0,33.61847756481402,1,2,3
14120,2024-04-10,SHW,327.3999938964844,329.0299987792969,321.010009765625,321.1600036621094,1563100.0,36.88686166928857,1,2,3
14121,2024-04-11,SHW,322.489990234375,322.489990234375,319.2900085449219,319.9200134277344,1323300.0,35.93134583620164,1,2,3
14122,2024-04-12,SHW,317.6000061035156,319.25,315.04998779296875,318.25,1280100.0,34.6302531700716,1,2,3
14123,2024-04-15,SHW,322.04998779296875,322.04998779296875,313.4200134277344,313.9700012207031,1745200.0,31.48374083441969,1,2,3
14124,2024-04-16,SHW,310.5799865722656,311.9100036621094,306.92999267578125,308.3800048828125,1440700.0,27.916100342270582,1,2,3
14125,2024-04-17,SHW,310.7900085449219,311.3999938964844,307.8399963378906,310.1600036621094,1523900.0,30.612407947424554,1,2,3
14126,2024-04-18,SHW,311.4800109863281,313.239990234375,307.6600036621094,309.3800048828125,1127500.0,30.08141551248402,1,2,3
14127,2024-04-19,SHW,310.8399963378906,311.1499938964844,305.3699951171875,305.9599914550781,1563300.0,27.804123989094283,1,2,3
14184,2024-04-10,SJM,116.05999755859376,116.44000244140624,113.52999877929688,113.54000091552734,1340600.0,30.546344854166875,1,2,3
14185,2024-04-11,SJM,113.9800033569336,114.58000183105467,111.9000015258789,112.04000091552734,1156700.0,28.43361866468021,1,2,3
14186,2024-04-12,SJM,112.0199966430664,112.2699966430664,109.51000213623048,109.61000061035156,1066100.0,25.372079739475346,1,2,3
14187,2024-04-15,SJM,110.0999984741211,111.0,109.37999725341795,110.1999969482422,1371600.0,27.415598468906015,1,2,3
14188,2024-04-16,SJM,110.58999633789062,110.87999725341795,109.69000244140624,109.9800033569336,1400600.0,27.117423553278474,1,2,3
14189,2024-04-17,SJM,110.4499969482422,110.86000061035156,109.61000061035156,109.8000030517578,1222100.0,26.860012330687187,1,2,3
14190,2024-04-18,SJM,110.44000244140624,111.56999969482422,109.98999786376952,111.0999984741211,1179600.0,31.88866576187105,1,2,3
14191,2024-04-19,SJM,111.3499984741211,114.97000122070312,111.25,114.76000213623048,1396800.0,43.637873293563366,1,2,3
14896,2024-04-10,SUN,56.650001525878906,56.77000045776367,54.09999847412109,54.52999877929688,684900.0,20.97341824028929,1,2,3
14897,2024-04-11,SUN,54.36000061035156,54.43999862670898,53.68000030517578,54.11000061035156,513200.0,20.046924468261803,1,2,3
14898,2024-04-12,SUN,54.29999923706055,54.79999923706055,52.93999862670898,53.34999847412109,675100.0,18.457977177221743,1,2,3
14899,2024-04-15,SUN,53.5099983215332,54.09999847412109,51.709999084472656,51.77999877929688,456900.0,15.691128789275197,1,2,3
14900,2024-04-16,SUN,51.77999877929688,51.95000076293945,50.7400016784668,51.130001068115234,536100.0,14.708124319966897,1,2,3
14901,2024-04-17,SUN,51.61000061035156,54.11000061035156,51.119998931884766,54.0,737200.0,34.28420209703819,1,2,3
14902,2024-04-18,SUN,54.11000061035156,55.119998931884766,53.81999969482422,54.369998931884766,574200.0,36.313604203294524,1,2,3
14903,2024-04-19,SUN,54.369998931884766,56.18999862670898,54.290000915527344,55.5,422500.0,42.18574330571745,1,2,3
15040,2024-04-10,SYY,77.08999633789062,77.43000030517578,76.68000030517578,76.95999908447266,2098900.0,35.090517788637655,1,2,3
15041,2024-04-11,SYY,77.06999969482422,77.22000122070312,76.41000366210938,76.56999969482422,2063700.0,33.45504837630923,1,2,3
15042,2024-04-12,SYY,76.11000061035156,76.41000366210938,75.12999725341797,75.25,2027500.0,28.59694381074174,1,2,3
15043,2024-04-15,SYY,75.80999755859375,76.11000061035156,75.19000244140625,75.6500015258789,2106700.0,31.827568309424375,1,2,3
15044,2024-04-16,SYY,75.79000091552734,76.16000366210938,75.41000366210938,75.83000183105469,2269800.0,33.29026794877829,1,2,3
15045,2024-04-17,SYY,76.33999633789062,76.48999786376953,74.66000366210938,75.44000244140625,2142500.0,31.703097967469958,1,2,3
15046,2024-04-18,SYY,75.75,76.04000091552734,75.44000244140625,75.63999938964844,2184800.0,33.455219676866825,1,2,3
15047,2024-04-19,SYY,76.0199966430664,76.7699966430664,75.80999755859375,76.7300033569336,2530100.0,42.16388798584785,1,2,3
15176,2024-04-10,TDY,411.3299865722656,411.6799926757813,399.9599914550781,402.4800109863281,320000.0,28.479797493863273,1,2,3
15177,2024-04-11,TDY,402.8299865722656,406.739990234375,399.489990234375,403.6600036621094,188000.0,30.410294610283024,1,2,3
15178,2024-04-12,TDY,400.0,403.0799865722656,397.3699951171875,398.4800109863281,163500.0,26.96887401332034,1,2,3
15179,2024-04-15,TDY,402.9700012207031,402.9700012207031,396.489990234375,399.989990234375,238400.0,29.47435275979856,1,2,3
15180,2024-04-16,TDY,401.3299865722656,405.0499877929688,398.510009765625,401.0,214300.0,31.17520631526413,1,2,3
15181,2024-04-17,TDY,403.9800109863281,403.9800109863281,397.7900085449219,400.2699890136719,187600.0,30.600771538320448,1,2,3
15182,2024-04-18,TDY,401.3500061035156,401.8699951171875,397.3299865722656,400.1400146484375,187300.0,30.493039445555187,1,2,3
15183,2024-04-19,TDY,401.8599853515625,402.9700012207031,399.6099853515625,401.3599853515625,185700.0,32.88157046489398,1,2,3
15904,2024-04-10,UA,6.429999828338623,6.510000228881836,6.380000114440918,6.449999809265137,3399111.0,27.928915438714082,1,2,3
15905,2024-04-11,UA,6.539999961853027,6.635000228881836,6.380000114440918,6.389999866485596,3067477.0,26.785414746442854,1,2,3
15906,2024-04-12,UA,6.329999923706055,6.360000133514404,6.230000019073486,6.289999961853027,2988977.0,24.951762315622066,1,2,3
15907,2024-04-15,UA,6.349999904632568,6.394999980926514,6.260000228881836,6.28000020980835,2869356.0,24.76916084731729,1,2,3
15908,2024-04-16,UA,6.239999771118164,6.335000038146973,6.170000076293945,6.309999942779541,3519848.0,26.506813468250744,1,2,3
15909,2024-04-17,UA,6.360000133514404,6.394999980926514,6.2600998878479,6.300000190734863,2516295.0,26.288844296766285,1,2,3
15910,2024-04-18,UA,6.320000171661377,6.445000171661377,6.28000020980835,6.360000133514404,1848496.0,30.007901468656996,1,2,3
15911,2024-04-19,UA,6.429999828338623,6.579999923706055,6.400000095367432,6.46999979019165,2784654.0,36.34854245912785,1,2,3
15936,2024-04-10,UBS,29.82999992370605,29.899999618530277,29.3799991607666,29.450000762939453,3518500.0,38.45850103977055,1,2,3
15937,2024-04-11,UBS,29.13999938964844,29.23500061035156,28.729999542236328,29.1200008392334,3602300.0,35.961422141487134,1,2,3
15938,2024-04-12,UBS,29.13999938964844,29.18000030517578,28.68000030517578,28.729999542236328,2178500.0,33.21649623136062,1,2,3
15939,2024-04-15,UBS,29.09000015258789,29.149999618530277,28.364999771118164,28.420000076293945,2021600.0,31.179269870054277,1,2,3
15940,2024-04-16,UBS,28.190000534057617,28.209999084472656,27.8700008392334,27.989999771118164,2418800.0,28.56245222358014,1,2,3
15941,2024-04-17,UBS,28.31999969482422,28.375,27.90999984741211,28.11000061035156,2356600.0,30.320034437400224,1,2,3
15942,2024-04-18,UBS,28.0,28.36000061035156,27.959999084472656,28.1200008392334,2292100.0,30.473548976258257,1,2,3
15943,2024-04-19,UBS,28.1200008392334,28.295000076293945,28.0049991607666,28.059999465942383,1949000.0,30.045826887085557,1,2,3
16056,2024-04-10,UL,48.130001068115234,48.18999862670898,47.65999984741211,47.7400016784668,2926900.0,34.3802352013345,1,2,3
16057,2024-04-11,UL,48.040000915527344,48.09000015258789,47.58000183105469,47.650001525878906,2637800.0,33.699693855348286,1,2,3
16058,2024-04-12,UL,47.38999938964844,47.45000076293945,46.75,46.7599983215332,3179300.0,27.83249486627004,1,2,3
16059,2024-04-15,UL,47.02999877929688,47.130001068115234,46.63999938964844,46.709999084472656,2546800.0,27.542384736427884,1,2,3
16060,2024-04-16,UL,46.63999938964844,46.709999084472656,46.470001220703125,46.470001220703125,2911900.0,26.134233795513715,1,2,3
16061,2024-04-17,UL,46.93000030517578,47.04999923706055,46.459999084472656,46.68999862670898,4907100.0,29.683198220496564,1,2,3
16062,2024-04-18,UL,46.97999954223633,47.13999938964844,46.61000061035156,46.84999847412109,5673100.0,32.23332237465691,1,2,3
16063,2024-04-19,UL,47.22999954223633,47.38999938964844,47.02000045776367,47.310001373291016,4972900.0,39.074445254953616,1,2,3
16128,2024-04-10,UNP,238.17999267578125,238.6499938964844,235.8800048828125,236.8500061035156,2181000.0,34.966883352202814,1,2,3
16129,2024-04-11,UNP,236.8600006103516,237.72999572753903,235.02999877929688,236.16000366210935,1692400.0,34.00188616155242,1,2,3
16130,2024-04-12,UNP,234.80999755859372,235.47999572753903,233.25,234.3999938964844,2595000.0,31.605889158481805,1,2,3
16131,2024-04-15,UNP,237.7100067138672,237.9199981689453,232.4900054931641,233.94000244140625,2298000.0,30.99122016388708,1,2,3
16132,2024-04-16,UNP,234.42999267578125,234.42999267578125,230.9499969482422,231.25999450683597,2025400.0,27.62082419475854,1,2,3
16133,2024-04-17,UNP,231.8000030517578,232.1300048828125,227.8699951171875,229.22999572753903,1997000.0,25.37016411284401,1,2,3
16134,2024-04-18,UNP,230.72000122070312,231.41000366210935,229.1000061035156,229.80999755859372,1570200.0,27.19552860788784,1,2,3
16135,2024-04-19,UNP,230.69000244140625,232.80999755859372,230.42999267578125,232.0800018310547,2971900.0,33.99955471328003,1,2,3
16168,2024-04-10,UPWK,11.68000030517578,11.93000030517578,11.600000381469728,11.869999885559082,1962300.0,38.08509150020302,1,2,3
16169,2024-04-11,UPWK,11.970000267028809,12.010000228881836,11.670000076293944,11.9399995803833,1750200.0,39.953684978818856,1,2,3
16170,2024-04-12,UPWK,11.800000190734863,11.9399995803833,11.609999656677246,11.630000114440918,1445700.0,34.92650731557349,1,2,3
16171,2024-04-15,UPWK,11.5600004196167,11.800000190734863,11.140000343322754,11.199999809265137,2213400.0,29.400466206960058,1,2,3
16172,2024-04-16,UPWK,11.020000457763672,11.3100004196167,10.979999542236328,11.119999885559082,2052200.0,28.497097436053554,1,2,3
16173,2024-04-17,UPWK,11.170000076293944,11.380000114440918,11.140000343322754,11.25,1450500.0,32.145704119727405,1,2,3
16174,2024-04-18,UPWK,11.170000076293944,11.359999656677246,11.050000190734863,11.229999542236328,1600800.0,31.876208985973815,1,2,3
16175,2024-04-19,UPWK,11.1899995803833,11.4399995803833,11.09000015258789,11.130000114440918,1371800.0,30.499436850731083,1,2,3
16376,2024-04-10,VFC,13.399999618530272,13.520000457763672,13.029999732971191,13.5,10966700.0,36.26727717937449,1,2,3
16377,2024-04-11,VFC,13.579999923706056,13.670000076293944,13.0600004196167,13.130000114440918,5945600.0,33.41048495301476,1,2,3
16378,2024-04-12,VFC,12.770000457763672,12.81999969482422,12.020000457763672,12.109999656677246,15913200.0,27.078123117663704,1,2,3
16379,2024-04-15,VFC,12.279999732971191,12.489999771118164,12.029999732971191,12.149999618530272,9532000.0,27.657181380182273,1,2,3
16380,2024-04-16,VFC,12.029999732971191,12.640000343322754,11.90999984741211,12.56999969482422,10500200.0,33.61779000818497,1,2,3
16381,2024-04-17,VFC,12.649999618530272,12.6899995803833,12.239999771118164,12.25,6857200.0,31.48897196795929,1,2,3
16382,2024-04-18,VFC,12.270000457763672,12.75,12.220000267028809,12.670000076293944,6884100.0,37.11736720650402,1,2,3
16383,2024-04-19,VFC,12.56999969482422,12.970000267028809,12.5600004196167,12.829999923706056,7550400.0,39.16764914201359,1,2,3
16408,2024-04-10,VICI,29.209999084472656,29.26000022888184,28.06999969482422,28.11000061035156,7356400.0,35.00011381929706,1,2,3
16409,2024-04-11,VICI,28.239999771118164,28.40999984741211,28.020000457763672,28.200000762939453,12410800.0,36.41174843458821,1,2,3
16410,2024-04-12,VICI,28.18000030517578,28.18000030517578,27.850000381469727,27.940000534057617,4746200.0,34.10727406616548,1,2,3
16411,2024-04-15,VICI,28.030000686645508,28.149999618530277,27.3799991607666,27.57999992370605,3962800.0,31.16606119581698,1,2,3
16412,2024-04-16,VICI,27.40999984741211,27.46999931335449,27.075000762939453,27.149999618530277,5310100.0,28.05415273147771,1,2,3
16413,2024-04-17,VICI,27.190000534057617,27.4950008392334,27.174999237060547,27.200000762939453,4059500.0,28.942637207331884,1,2,3
16414,2024-04-18,VICI,27.32999992370605,27.53499984741211,27.149999618530277,27.520000457763672,4866100.0,34.51619279389211,1,2,3
16415,2024-04-19,VICI,27.600000381469727,27.96999931335449,27.565000534057617,27.88999938964844,5453200.0,40.34287291497915,1,2,3
16552,2024-04-10,VRNS,45.650001525878906,46.36000061035156,45.380001068115234,45.56999969482422,871700.0,37.88169653497876,1,2,3
16553,2024-04-11,VRNS,45.97999954223633,46.095001220703125,45.220001220703125,45.709999084472656,930400.0,38.86345134769663,1,2,3
16554,2024-04-12,VRNS,45.18999862670898,45.3849983215332,44.13999938964844,44.52000045776367,617400.0,33.951565566916805,1,2,3
16555,2024-04-15,VRNS,44.720001220703125,44.869998931884766,42.790000915527344,42.93000030517578,1156000.0,28.72717942243524,1,2,3
16556,2024-04-16,VRNS,42.77000045776367,45.27000045776367,42.56999969482422,43.959999084472656,1729700.0,35.63655747034272,1,2,3
16557,2024-04-17,VRNS,44.15999984741211,44.33000183105469,43.22999954223633,43.5099983215332,703900.0,34.082018748737255,1,2,3
16558,2024-04-18,VRNS,43.7400016784668,43.84999847412109,43.0,43.18000030517578,755800.0,32.9469964548753,1,2,3
16559,2024-04-19,VRNS,43.040000915527344,43.40999984741211,42.68999862670898,43.34000015258789,750200.0,34.09304561298936,1,2,3
17456,2024-04-10,ZGN,11.829999923706056,11.829999923706056,11.529999732971191,11.670000076293944,1011900.0,24.436290872064507,1,2,3
17457,2024-04-11,ZGN,11.699999809265137,11.850000381469728,11.609999656677246,11.670000076293944,603100.0,24.436290872064514,1,2,3
17458,2024-04-12,ZGN,11.59000015258789,11.640000343322754,11.3100004196167,11.3100004196167,785300.0,22.21638252768606,1,2,3
17459,2024-04-15,ZGN,11.3100004196167,11.380000114440918,11.010000228881836,11.010000228881836,649800.0,20.541672266844287,1,2,3
17460,2024-04-16,ZGN,11.079999923706056,11.149999618530272,11.0,11.020000457763672,565700.0,20.756111973711274,1,2,3
17461,2024-04-17,ZGN,11.09000015258789,11.619999885559082,11.0600004196167,11.460000038146973,1081100.0,29.740671391166266,1,2,3
17462,2024-04-18,ZGN,11.460000038146973,11.899999618530272,11.4399995803833,11.649999618530272,1149600.0,33.25955706379157,1,2,3
17463,2024-04-19,ZGN,11.619999885559082,11.795000076293944,11.5,11.510000228881836,797900.0,31.988251782420345,1,2,3
17480,2024-04-10,ZIP,11.25,11.359999656677246,11.140000343322754,11.34000015258789,378700.0,41.02183193057335,1,2,3
17481,2024-04-11,ZIP,11.380000114440918,11.520000457763672,11.199999809265137,11.34000015258789,351600.0,41.02183193057335,1,2,3
17482,2024-04-12,ZIP,11.199999809265137,11.4399995803833,11.18000030517578,11.1899995803833,317300.0,38.716849643936094,1,2,3
17483,2024-04-15,ZIP,11.020000457763672,11.1899995803833,10.479999542236328,10.539999961853027,580000.0,30.67373774513301,1,2,3
17484,2024-04-16,ZIP,10.460000038146973,10.5600004196167,10.279999732971191,10.369999885559082,498200.0,28.978167763749553,1,2,3
17485,2024-04-17,ZIP,10.470000267028809,10.5,10.34000015258789,10.359999656677246,351100.0,28.87704538396173,1,2,3
17486,2024-04-18,ZIP,10.380000114440918,10.529999732971191,10.329999923706056,10.4399995803833,326700.0,30.952849811010317,1,2,3
17487,2024-04-19,ZIP,10.380000114440918,10.550000190734863,10.350000381469728,10.520000457763672,461700.0,33.05697623162398,1,2,3
17488,2024-04-10,ZM,62.400001525878906,62.900001525878906,61.54999923706055,62.220001220703125,3166200.0,35.149706480703244,1,2,3
17489,2024-04-11,ZM,62.69900131225586,62.81999969482422,62.02000045776367,62.52000045776367,2009200.0,37.064118693172496,1,2,3
17490,2024-04-12,ZM,62.06999969482422,62.5,61.56999969482422,61.630001068115234,2700500.0,33.86971839515663,1,2,3
17491,2024-04-15,ZM,61.709999084472656,61.792999267578125,59.7599983215332,60.2400016784668,3361200.0,29.581598823894062,1,2,3
17492,2024-04-16,ZM,60.20000076293945,60.27999877929688,59.2599983215332,59.27999877929688,2241800.0,27.035730014794424,1,2,3
17493,2024-04-17,ZM,59.27999877929688,59.790000915527344,59.0099983215332,59.08000183105469,2034200.0,26.523597541600402,1,2,3
17494,2024-04-18,ZM,60.25,60.75,59.61000061035156,59.93999862670898,4223900.0,32.44920434094355,1,2,3
17495,2024-04-19,ZM,59.810001373291016,60.209999084472656,59.07500076293945,59.45000076293945,2492500.0,30.91919137909172,1,2,3
