Expiration Date,Stock Symbol,"('2024-07-03', 'Call')","('2024-07-03', 'Put')","('2024-07-05', 'Call')","('2024-07-05', 'Put')","('2024-07-08', 'Call')","('2024-07-08', 'Put')","('2024-07-09', 'Call')","('2024-07-09', 'Put')","('2024-07-10', 'Call')","('2024-07-10', 'Put')",Separator,2024-07-10 (Put/Call),2024-07-09 (Put/Call),Total Calls,Total Puts
2024-07-12,TSLA,"3,832,640","2,126,994","9,197,758","6,300,362","27,152,188","11,740,009","33,733,867","16,698,322","64,783,014","33,001,580",nan,0.51,0.50,"138,699,467","69,867,267"
2024-07-12,NVDA,"3,403,201","547,441","4,302,364","1,118,157","19,272,275","4,663,005","32,621,549","11,889,354","42,512,220","16,804,572",nan,0.40,0.36,"102,111,609","35,022,529"
2024-07-12,AMD,"217,763","63,148","3,969,411","670,698","10,866,402","1,554,492","5,906,659","1,932,047",0,0,nan,0.00,0.33,"20,960,235","4,220,385"
2024-07-12,AAPL,"1,066,135","38,007","4,083,219","1,145,218","7,943,737","2,990,369","6,758,912","1,909,258",0,0,nan,0.00,0.28,"19,852,003","6,082,852"
2024-07-12,PLTR,0,0,"1,006,086","202,893","5,333,818","305,996","1,502,882","268,650","2,704,712","312,410",nan,0.12,0.18,"10,547,498","1,089,949"
2024-07-12,AMZN,"594,082","52,173","1,571,695","70,877","4,480,830","475,722","2,750,802","76,569",0,0,nan,0.00,0.03,"9,397,409","675,341"
2024-07-12,META,"27,185","1,686","1,364,136","250,650","1,893,590","406,664","1,171,203","56,129","3,647,710","606,792",nan,0.17,0.05,"8,103,824","1,321,921"
2024-07-12,INTC,"3,248",0,"379,342","16,034","2,260,677","107,311","3,409,416","269,413","56,514","223,602",nan,3.96,0.08,"6,109,197","616,360"
2024-07-12,SMCI,"51,354",787,"94,414","16,009","1,946,551","365,954","888,900","384,770","1,395,102","713,236",nan,0.51,0.43,"4,376,321","1,480,756"
2024-07-12,TSM,"33,261","16,461","64,830","10,358","711,334","158,668","511,280","7,696","2,973,016","315,520",nan,0.11,0.02,"4,293,721","508,703"
2024-07-12,RIVN,"23,121",0,"38,548",0,"1,201,803","206,899","628,567","64,772","1,610,392","417,936",nan,0.26,0.10,"3,502,431","689,607"
2024-07-12,MSFT,"7,582","2,769","159,884","68,339","98,089","47,790","649,222","155,697","2,487,252","141,540",nan,0.06,0.24,"3,402,029","416,135"
2024-07-12,GME,0,0,"10,504","10,322","330,441","27,633","4,775","27,057","2,490,006","717,912",nan,0.29,5.67,"2,835,726","782,924"
2024-07-12,CVNA,0,0,0,"1,056",0,0,"12,365",0,"2,261,268","49,468",nan,0.02,0.00,"2,273,633","50,524"
2024-07-12,BIDU,"1,624",0,"5,086",0,0,0,"438,737","20,407","1,825,566","115,438",nan,0.06,0.05,"2,271,013","135,845"
2024-07-12,MRVL,0,0,"45,088",0,"291,634","1,370","9,632",0,"1,496,448",0,nan,0.00,0.00,"1,842,802","1,370"
2024-07-12,ON,0,0,0,0,0,0,0,0,"1,524,634",0,nan,0.00,0.00,"1,524,634",0
2024-07-12,GOOG,"9,185",0,"126,911","2,686","26,647","82,885","266,791","15,968","874,656","182,820",nan,0.21,0.06,"1,304,190","284,359"
2024-07-12,DAL,0,0,"1,336","3,161",0,0,"1,889","30,950","1,011,338","439,494",nan,0.43,16.38,"1,014,563","473,605"
2024-07-12,AMC,0,0,0,0,"1,006,988","90,790",0,0,0,0,nan,0.00,0.00,"1,006,988","90,790"
2024-07-12,MU,"9,546",0,"113,758","8,289","97,989",0,"252,371","7,278","502,060","204,744",nan,0.41,0.03,"975,724","220,311"
2024-07-12,SOUN,0,0,"5,077",0,0,0,0,0,"965,770","31,742",nan,0.03,0.00,"970,847","31,742"
2024-07-12,ARM,"48,535","1,159","262,979","33,032","338,850","34,704","229,458","13,704",0,0,nan,0.00,0.06,"879,822","82,599"
2024-07-12,COIN,"6,531",0,"482,307","38,490","73,640","35,680","52,850","1,302","227,544","12,682",nan,0.06,0.02,"842,872","88,154"
2024-07-12,MARA,"15,018",0,"252,108","58,854","405,920","46,909","36,673",0,"120,116",0,nan,0.00,0.00,"829,835","105,763"
2024-07-12,NFLX,627,0,"105,488",522,"30,241","17,054","178,443",794,"508,008","28,944",nan,0.06,0.00,"822,807","47,314"
2024-07-12,GOOGL,"9,915","3,118","279,697","18,137","144,317",0,"353,496",0,0,"125,714",nan,0.00,0.00,"787,425","146,969"
2024-07-12,DOCU,0,0,0,0,525,0,0,0,"699,706",0,nan,0.00,0.00,"700,231",0
2024-07-12,BA,0,0,"6,101",0,"693,887","266,140",0,0,0,0,nan,0.00,0.00,"699,988","266,140"
2024-07-12,DELL,"42,243",0,"12,072",0,"265,481","6,886","328,609","17,811","41,288","2,110",nan,0.05,0.05,"689,693","26,807"
2024-07-12,UBER,0,0,0,0,"3,532",0,0,0,"648,848","39,204",nan,0.06,0.00,"652,380","39,204"
2024-07-12,AMAT,0,0,0,"1,080","25,183",0,"591,302",0,0,0,nan,0.00,0.00,"616,485","1,080"
2024-07-12,RUN,"36,043",0,"4,209",0,"521,098",0,0,0,"1,180","5,998",nan,5.08,0.00,"562,530","5,998"
2024-07-12,CRWD,0,0,"1,733","1,124","81,041",0,"211,457",0,"265,958","56,368",nan,0.21,0.00,"560,189","57,492"
2024-07-12,NKE,"6,847",0,"29,699",0,"268,581","116,180","62,621","3,723","185,926",0,nan,0.00,0.06,"553,674","119,903"
2024-07-12,HPQ,0,0,0,0,0,0,0,0,"473,038",0,nan,0.00,0.00,"473,038",0
2024-07-12,HOOD,758,0,0,"5,833","108,563","10,378","181,649",0,"151,156","14,946",nan,0.10,0.00,"442,126","31,157"
2024-07-12,AVGO,"60,505",0,"34,254","12,855","156,980","5,654","189,357","17,580",0,0,nan,0.00,0.09,"441,096","36,089"
2024-07-12,BABA,"24,390","7,020","12,764",799,"5,240","1,387","375,418","11,733",0,0,nan,0.00,0.03,"417,812","20,939"
2024-07-12,GS,0,0,0,0,"61,309",0,"221,976",587,"90,962",0,nan,0.00,0.00,"374,247",587
2024-07-12,PDD,"20,104",0,0,0,523,0,"216,665",0,"135,776",0,nan,0.00,0.00,"373,068",0
2024-07-12,NCLH,0,756,0,0,"345,720",0,0,0,0,0,nan,0.00,0.00,"345,720",756
2024-07-12,PEP,0,0,"13,817",0,515,"7,962",0,0,"309,700","567,466",nan,1.83,0.00,"324,032","575,428"
2024-07-12,PYPL,0,0,"207,023","3,413","9,617",0,"6,908",0,"85,044",0,nan,0.00,0.00,"308,592","3,413"
2024-07-12,COST,648,0,"9,068","1,319","47,518","12,705","58,379","1,787","191,894","2,042",nan,0.01,0.03,"307,507","17,853"
2024-07-12,BAC,"2,036","6,901",0,0,0,"9,648","291,371","32,193",0,0,nan,0.00,0.11,"293,407","48,742"
2024-07-12,CRM,"20,823",0,"20,208",0,"4,009","2,894","2,188","25,600","230,602","22,016",nan,0.10,11.70,"277,830","50,510"
2024-07-12,SNOW,0,0,"16,063",0,"3,158","5,290","16,989","33,372","238,510","2,230",nan,0.01,1.96,"274,720","40,892"
2024-07-12,PANW,0,0,"193,202","3,896","68,527","4,454",0,0,"6,608",0,nan,0.00,0.00,"268,337","8,350"
2024-07-12,WMT,0,0,"38,792","14,057","48,413","1,001","5,218","21,528","167,488","58,592",nan,0.35,4.13,"259,911","95,178"
2024-07-12,CHWY,"4,409",0,"10,718","2,073","2,011","2,131","9,503",0,"219,090","4,376",nan,0.02,0.00,"245,731","8,580"
2024-07-12,XOM,0,0,"18,909","20,986","24,116","39,821","61,630",0,"136,770",0,nan,0.00,0.00,"241,425","60,807"
2024-07-12,SNAP,0,0,0,"4,783",0,0,"3,856",0,"224,860","17,864",nan,0.08,0.00,"228,716","22,647"
2024-07-12,QCOM,0,0,"12,625",0,"71,864","18,078","1,511",0,"90,116",0,nan,0.00,0.00,"176,116","18,078"
2024-07-12,CCJ,0,0,"2,277",0,"10,275",0,0,0,"160,734","42,714",nan,0.27,0.00,"173,286","42,714"
2024-07-12,CVX,0,0,"13,838","1,897",0,0,0,0,"157,852",0,nan,0.00,0.00,"171,690","1,897"
2024-07-12,SBUX,0,0,"3,843",804,"17,603","9,854","50,811","10,726","92,916",0,nan,0.00,0.21,"165,173","21,384"
2024-07-12,UPST,"3,065",0,0,0,"131,297",784,"6,532",0,"16,434",0,nan,0.00,0.00,"157,328",784
2024-07-12,CMG,0,0,0,0,"50,481","2,479","4,716","37,200","100,714","5,936",nan,0.06,7.89,"155,911","45,615"
2024-07-12,C,0,0,"2,549",0,0,0,"149,096","26,658",0,0,nan,0.00,0.18,"151,645","26,658"
2024-07-12,DIS,"65,816",0,"16,931",667,"36,701",0,"16,008","36,029","11,714",0,nan,0.00,2.25,"147,170","36,696"
2024-07-12,CELH,0,0,0,"1,115",0,"10,331","13,441",0,"133,288",0,nan,0.00,0.00,"146,729","11,446"
2024-07-12,VST,0,0,0,0,0,606,"36,888",0,"100,796",0,nan,0.00,0.00,"137,684",606
2024-07-12,IBM,0,0,0,0,"7,146",0,"125,750",0,0,0,nan,0.00,0.00,"132,896",0
2024-07-12,JD,"63,409",0,0,0,0,"4,081","68,119",0,0,0,nan,0.00,0.00,"131,528","4,081"
2024-07-12,KO,0,0,0,0,0,"2,122",0,0,"122,002","8,668",nan,0.07,0.00,"122,002","10,790"
2024-07-12,SQ,0,0,"54,377","3,202","12,958","4,513",0,0,"51,612",0,nan,0.00,0.00,"118,947","7,715"
2024-07-12,AI,0,0,"85,888",0,"18,376","1,300","9,403","3,329",0,0,nan,0.00,0.35,"113,667","4,629"
2024-07-12,SAVA,0,0,0,0,0,0,"109,219",0,0,0,nan,0.00,0.00,"109,219",0
2024-07-12,MS,0,0,0,0,0,0,"2,384",0,"104,812",0,nan,0.00,0.00,"107,196",0
2024-07-12,ENPH,0,0,0,0,"36,318",609,"15,649",0,"53,638","15,352",nan,0.29,0.00,"105,605","15,961"
2024-07-12,CLSK,"2,235",0,"38,017","6,468","55,115","7,588","5,733",0,0,0,nan,0.00,0.00,"101,100","14,056"
2024-07-12,HE,0,0,0,0,0,0,"1,491",0,"84,678","46,004",nan,0.54,0.00,"86,169","46,004"
2024-07-12,GLW,0,0,0,0,539,0,"79,531","8,003","3,324",0,nan,0.00,0.10,"83,394","8,003"
2024-07-12,RIOT,0,0,"82,369",0,0,"12,189",0,0,0,0,nan,0.00,0.00,"82,369","12,189"
2024-07-12,AFRM,"21,299",0,0,0,"33,039","3,280","27,223",0,0,0,nan,0.00,0.00,"81,561","3,280"
2024-07-12,VZ,0,0,"4,691",0,"2,810","6,570",0,"16,387","72,768",0,nan,0.00,0.00,"80,269","22,957"
2024-07-12,SPWR,0,0,0,"5,581","74,214",0,0,0,0,0,nan,0.00,0.00,"74,214","5,581"
2024-07-12,CAVA,0,0,"1,399",0,"57,438","6,932","1,737",748,"10,848","79,214",nan,7.30,0.43,"71,422","86,894"
2024-07-12,TGT,0,0,0,909,"25,500",0,0,0,"42,876",0,nan,0.00,0.00,"68,376",909
2024-07-12,LLY,0,0,532,0,"17,966",573,"8,921","1,542","40,148","2,462",nan,0.06,0.17,"67,567","4,577"
2024-07-12,JPM,"1,186",0,"3,124",0,"2,684","12,045","59,829","2,815",0,0,nan,0.00,0.05,"66,823","14,860"
2024-07-12,ACB,0,0,0,0,0,0,"63,915",0,0,0,nan,0.00,0.00,"63,915",0
2024-07-12,SEDG,544,0,0,0,"34,572",0,0,0,"26,410",0,nan,0.00,0.00,"61,526",0
2024-07-12,CCL,0,0,"1,605",0,"9,866","6,280",0,0,"48,632",0,nan,0.00,0.00,"60,103","6,280"
2024-07-12,MGM,0,0,0,0,0,0,"59,929",538,0,0,nan,0.00,0.01,"59,929",538
2024-07-12,CAG,0,0,0,0,0,0,0,"1,891","58,308","181,526",nan,3.11,0.00,"58,308","183,417"
2024-07-12,GE,0,0,0,0,0,0,0,0,"57,798",0,nan,0.00,0.00,"57,798",0
2024-07-12,SIRI,"5,068",0,"46,904",0,0,0,0,"2,358",0,"8,436",nan,0.00,0.00,"51,972","10,794"
2024-07-12,U,0,0,0,0,"46,429","3,054","5,297",0,0,0,nan,0.00,0.00,"51,726","3,054"
2024-07-12,T,0,0,0,0,0,0,"45,174",0,"5,080",0,nan,0.00,0.00,"50,254",0
2024-07-12,HAL,0,0,0,850,0,0,"8,302",0,"39,234",0,nan,0.00,0.00,"47,536",850
2024-07-12,DKNG,0,0,"19,716",0,"23,109","16,414",0,"15,139",0,0,nan,0.00,0.00,"42,825","31,553"
2024-07-12,ORCL,0,0,"13,196",0,0,682,"29,592","39,281",0,0,nan,0.00,1.33,"42,788","39,963"
2024-07-12,KR,0,0,0,0,669,0,0,0,"39,182",0,nan,0.00,0.00,"39,851",0
2024-07-12,LCID,"38,330","18,104",0,0,0,0,0,0,0,0,nan,0.00,0.00,"38,330","18,104"
2024-07-12,NET,0,0,0,0,"29,269",0,0,0,"8,528",0,nan,0.00,0.00,"37,797",0
2024-07-12,OXY,0,0,"11,386",0,"3,525",0,"2,210",0,"20,576",0,nan,0.00,0.00,"37,697",0
2024-07-12,ENVX,"2,074",0,"7,118",0,0,"1,049",0,"4,206","28,378",0,nan,0.00,0.00,"37,570","5,255"
2024-07-12,WBA,0,0,"9,675",0,"23,760",0,0,0,0,0,nan,0.00,0.00,"33,435",0
2024-07-12,HD,0,"14,339","13,134",0,0,0,0,0,"16,502","7,314",nan,0.44,0.00,"29,636","21,653"
2024-07-12,PARA,0,0,"27,047",0,0,"37,620",0,0,"1,138",0,nan,0.00,0.00,"28,185","37,620"
2024-07-12,LYFT,0,0,"1,411",0,0,0,0,0,"25,052",0,nan,0.00,0.00,"26,463",0
2024-07-12,RDDT,0,0,"7,663",0,0,0,"18,678",0,0,0,nan,0.00,0.00,"26,341",0
2024-07-12,PG,0,0,511,0,"25,146",0,0,0,0,"45,310",nan,0.00,0.00,"25,657","45,310"
2024-07-12,TTD,0,0,0,531,0,0,"22,628","1,049","2,704","2,572",nan,0.95,0.05,"25,332","4,152"
2024-07-12,V,"1,239",0,0,0,0,0,0,0,"23,526",0,nan,0.00,0.00,"24,765",0
2024-07-12,UNH,0,"1,267","3,043",0,"19,425",0,0,0,"2,116",0,nan,0.00,0.00,"24,584","1,267"
2024-07-12,NKLA,0,0,0,0,"12,822",0,"2,282",0,"8,240","4,572",nan,0.55,0.00,"23,344","4,572"
2024-07-12,IREN,0,0,"6,549",0,"13,337","14,948","3,178",0,0,0,nan,0.00,0.00,"23,064","14,948"
2024-07-12,JMIA,0,0,"1,008",0,0,0,"3,055",0,"18,216",0,nan,0.00,0.00,"22,279",0
2024-07-12,WFC,0,730,0,0,0,0,"7,967",0,"13,326",0,nan,0.00,0.00,"21,293",730
2024-07-12,ASTS,0,0,"17,607","5,335","3,151","10,009",0,0,0,0,nan,0.00,0.00,"20,758","15,344"
2024-07-12,MCD,0,0,0,0,0,0,"9,617","1,728","10,880",0,nan,0.00,0.18,"20,497","1,728"
2024-07-12,M,0,0,"19,923",0,0,781,0,0,0,0,nan,0.00,0.00,"19,923",781
2024-07-12,BILI,0,0,0,0,"13,998",0,"5,574",0,0,0,nan,0.00,0.00,"19,572",0
2024-07-12,MSTR,0,"1,041","1,691","3,864","3,828",0,0,0,"13,648",0,nan,0.00,0.00,"19,167","4,905"
2024-07-12,SHOP,0,914,"6,435",0,0,"5,026","1,494",0,"10,312",0,nan,0.00,0.00,"18,241","5,940"
2024-07-12,ADBE,0,0,"1,739",0,"11,791",0,551,"6,414",0,0,nan,0.00,11.64,"14,081","6,414"
2024-07-12,BX,0,0,"6,177",0,"7,725",0,0,0,0,0,nan,0.00,0.00,"13,902",0
2024-07-12,DJT,0,0,"1,409","1,586","10,986",0,0,0,"1,470",0,nan,0.00,0.00,"13,865","1,586"
2024-07-12,RBLX,0,0,"5,853",0,0,0,0,"5,111","7,914",0,nan,0.00,0.00,"13,767","5,111"
2024-07-12,TXN,0,0,0,0,0,0,0,0,"13,444",0,nan,0.00,0.00,"13,444",0
2024-07-12,SPOT,"1,148",0,0,0,"3,397",0,0,0,"8,062",0,nan,0.00,0.00,"12,607",0
2024-07-12,MRNA,0,0,"7,158",0,0,0,991,0,"4,318",0,nan,0.00,0.00,"12,467",0
2024-07-12,DLTR,0,0,0,0,"12,200",0,0,0,0,0,nan,0.00,0.00,"12,200",0
2024-07-12,ROKU,0,0,0,0,"1,103","1,877","4,764",0,"5,664",0,nan,0.00,0.00,"11,531","1,877"
2024-07-12,CZR,0,0,0,0,541,0,0,0,"10,930",0,nan,0.00,0.00,"11,471",0
2024-07-12,VRT,"3,030",0,0,0,"5,576",0,"2,618",0,0,0,nan,0.00,0.00,"11,224",0
2024-07-12,NVO,0,"14,089",0,0,0,0,"11,211",0,0,0,nan,0.00,0.00,"11,211","14,089"
2024-07-12,MDB,0,0,0,0,"1,522",0,"1,228",0,"8,202",0,nan,0.00,0.00,"10,952",0
2024-07-12,PENN,0,0,"1,714",0,"9,169",0,0,0,0,0,nan,0.00,0.00,"10,883",0
2024-07-12,NVAX,0,0,0,0,"10,232",0,0,0,0,0,nan,0.00,0.00,"10,232",0
2024-07-12,DASH,0,0,"1,966",0,0,577,0,0,"7,242","6,502",nan,0.90,0.00,"9,208","7,079"
2024-07-12,DVN,0,0,0,0,"9,145",0,0,0,0,0,nan,0.00,0.00,"9,145",0
2024-07-12,FSLR,"5,128",0,0,0,"3,960",0,0,0,0,0,nan,0.00,0.00,"9,088",0
2024-07-12,FDX,0,0,0,0,"8,424",0,0,0,0,0,nan,0.00,0.00,"8,424",0
2024-07-12,SOFI,0,0,0,0,0,0,"8,078",0,0,0,nan,0.00,0.00,"8,078",0
2024-07-12,ABNB,0,0,0,0,0,0,"8,008",0,0,0,nan,0.00,0.00,"8,008",0
2024-07-12,ZIM,0,0,0,0,0,"1,832","7,731",0,0,0,nan,0.00,0.00,"7,731","1,832"
2024-07-12,LULU,0,0,0,0,"2,823","1,083",0,0,"4,822","1,156",nan,0.24,0.00,"7,645","2,239"
2024-07-12,GOLD,0,0,"6,849",0,0,"5,108",0,0,0,0,nan,0.00,0.00,"6,849","5,108"
2024-07-12,GM,"1,557","3,634","4,764",0,0,0,0,0,0,0,nan,0.00,0.00,"6,321","3,634"
2024-07-12,SE,0,0,0,0,0,0,"6,043",0,0,0,nan,0.00,0.00,"6,043",0
2024-07-12,DDOG,0,0,0,0,"1,932",0,710,0,"2,954","21,282",nan,7.20,0.00,"5,596","21,282"
2024-07-12,RCL,0,0,"3,635",0,"1,942",0,0,0,0,"3,854",nan,0.00,0.00,"5,577","3,854"
2024-07-12,HIMS,0,0,0,0,0,0,"4,304",0,"1,068",0,nan,0.00,0.00,"5,372",0
2024-07-12,BRK.B,0,0,"3,917",0,"1,451",0,0,0,0,0,nan,0.00,0.00,"5,368",0
2024-07-12,Z,0,0,0,0,0,0,"5,326",0,0,0,nan,0.00,0.00,"5,326",0
2024-07-12,UAL,0,0,0,"1,051","4,670","1,786",0,"11,890",0,0,nan,0.00,0.00,"4,670","14,727"
2024-07-12,TGTX,0,0,0,0,562,0,"3,957",0,0,0,nan,0.00,0.00,"4,519",0
2024-07-12,CAT,"3,767",0,504,"2,425",0,0,0,0,0,0,nan,0.00,0.00,"4,271","2,425"
2024-07-12,GTLB,0,0,0,0,0,0,0,0,"4,158",0,nan,0.00,0.00,"4,158",0
2024-07-12,APLD,0,0,0,0,"3,981",0,0,0,0,0,nan,0.00,0.00,"3,981",0
2024-07-12,PATH,0,0,0,0,"3,953",0,0,0,0,0,nan,0.00,0.00,"3,953",0
2024-07-12,PFE,0,0,0,0,0,0,"3,672",0,0,0,nan,0.00,0.00,"3,672",0
2024-07-12,ACHR,0,0,"3,163",0,0,0,0,0,0,0,nan,0.00,0.00,"3,163",0
2024-07-12,BYND,0,0,"3,027",0,0,0,0,0,0,0,nan,0.00,0.00,"3,027",0
2024-07-12,WDC,0,0,0,0,0,0,0,0,"2,978",0,nan,0.00,0.00,"2,978",0
2024-07-12,MELI,0,0,0,0,0,0,"2,733",0,0,0,nan,0.00,0.00,"2,733",0
2024-07-12,ETSY,0,0,0,0,"2,717",0,0,0,0,"3,776",nan,0.00,0.00,"2,717","3,776"
2024-07-12,ALT,0,0,0,0,"2,702",0,0,0,0,0,nan,0.00,0.00,"2,702",0
2024-07-12,TMUS,0,0,0,0,"2,367",0,0,0,0,0,nan,0.00,0.00,"2,367",0
2024-07-12,ZS,0,0,"2,338",0,0,0,0,0,0,0,nan,0.00,0.00,"2,338",0
2024-07-12,AA,"2,233",0,0,0,0,0,0,0,0,0,nan,0.00,0.00,"2,233",0
2024-07-12,BMY,0,0,901,0,"1,258",0,0,0,0,0,nan,0.00,0.00,"2,159",0
2024-07-12,FCX,"2,106",0,0,"9,226",0,876,0,0,0,"7,524",nan,0.00,0.00,"2,106","17,626"
2024-07-12,CIFR,0,0,"2,063",0,0,0,0,0,0,0,nan,0.00,0.00,"2,063",0
2024-07-12,JNJ,601,0,"1,261",0,0,0,0,0,0,0,nan,0.00,0.00,"1,862",0
2024-07-12,APA,0,0,"1,814",0,0,0,0,0,0,0,nan,0.00,0.00,"1,814",0
2024-07-12,PBR,0,0,0,0,"1,798",0,0,0,0,0,nan,0.00,0.00,"1,798",0
2024-07-12,ULTA,0,0,0,0,0,0,"1,682",0,0,0,nan,0.00,0.00,"1,682",0
2024-07-12,W,0,0,0,0,"1,482",0,0,0,0,0,nan,0.00,0.00,"1,482",0
2024-07-12,GILD,0,0,0,0,"1,477",0,0,0,0,0,nan,0.00,0.00,"1,477",0
2024-07-12,CSCO,"1,464",0,0,0,0,0,0,"7,029",0,0,nan,0.00,0.00,"1,464","7,029"
2024-07-12,IONQ,0,0,0,0,0,0,0,0,"1,382",0,nan,0.00,0.00,"1,382",0
2024-07-12,WULF,0,0,0,0,0,0,"1,337",0,0,0,nan,0.00,0.00,"1,337",0
2024-07-12,OKTA,0,0,0,0,0,0,0,0,"1,320",0,nan,0.00,0.00,"1,320",0
2024-07-12,BP,0,0,0,0,0,0,0,"1,103","1,214",0,nan,0.00,0.00,"1,214","1,103"
2024-07-12,DE,0,0,0,0,0,0,"1,068","16,569",0,0,nan,0.00,15.51,"1,068","16,569"
2024-07-12,MRK,0,0,0,0,0,0,"1,042",0,0,0,nan,0.00,0.00,"1,042",0
2024-07-12,SWKS,0,0,0,0,0,0,0,0,"1,024",0,nan,0.00,0.00,"1,024",0
2024-07-12,NEE,948,0,0,0,0,0,0,0,0,0,nan,0.00,0.00,948,0
2024-07-12,WAL,0,0,0,0,0,0,873,0,0,0,nan,0.00,0.00,873,0
2024-07-12,XPEV,860,0,0,0,0,0,0,0,0,0,nan,0.00,0.00,860,0
2024-07-12,LUV,0,0,0,0,845,0,0,0,0,0,nan,0.00,0.00,845,0
2024-07-12,SPCE,0,0,680,0,0,0,0,0,0,0,nan,0.00,0.00,680,0
2024-07-12,APO,0,0,584,0,0,0,0,0,0,0,nan,0.00,0.00,584,0
2024-07-12,HPE,0,0,0,0,566,0,0,0,0,0,nan,0.00,0.00,566,0
2024-07-12,LMND,0,0,0,0,0,0,548,0,0,0,nan,0.00,0.00,548,0
2024-07-12,AMGN,0,0,0,0,0,0,525,0,0,0,nan,0.00,0.00,525,0
2024-07-12,STNE,0,0,0,0,514,0,0,0,0,0,nan,0.00,0.00,514,0
2024-07-12,YPF,0,0,500,0,0,0,0,0,0,0,nan,0.00,0.00,500,0
2024-07-12,ADM,0,0,0,"9,763",0,0,0,0,0,0,nan,0.00,0.00,0,"9,763"
2024-07-12,ALB,0,0,0,0,0,0,0,"1,219",0,0,nan,0.00,0.00,0,"1,219"
2024-07-12,ASML,0,0,0,507,0,0,0,0,0,0,nan,0.00,0.00,0,507
2024-07-12,BB,0,0,0,0,0,"4,828",0,0,0,0,nan,0.00,0.00,0,"4,828"
2024-07-12,COP,0,0,0,0,0,0,0,0,0,"26,050",nan,0.00,0.00,0,"26,050"
2024-07-12,CVS,0,0,0,"1,040",0,0,0,0,0,0,nan,0.00,0.00,0,"1,040"
2024-07-12,DHR,0,0,0,0,0,529,0,0,0,0,nan,0.00,0.00,0,529
2024-07-12,F,0,0,0,"4,132",0,"18,625",0,0,0,0,nan,0.00,0.00,0,"22,757"
2024-07-12,FTNT,0,0,0,0,0,0,0,0,0,"5,222",nan,0.00,0.00,0,"5,222"
2024-07-12,HUM,0,"2,156",0,0,0,0,0,0,0,0,nan,0.00,0.00,0,"2,156"
2024-07-12,KSS,0,0,0,"10,798",0,0,0,0,0,0,nan,0.00,0.00,0,"10,798"
2024-07-12,MA,0,0,0,0,0,0,0,"1,641",0,"1,916",nan,0.00,0.00,0,"3,557"
2024-07-12,MO,0,0,0,0,0,0,0,0,0,"13,762",nan,0.00,0.00,0,"13,762"
2024-07-12,MPW,0,0,0,0,0,"6,774",0,0,0,0,nan,0.00,0.00,0,"6,774"
2024-07-12,NIO,0,"1,144",0,0,0,0,0,0,0,0,nan,0.00,0.00,0,"1,144"
2024-07-12,NOW,0,0,0,0,0,0,0,"4,791",0,0,nan,0.00,0.00,0,"4,791"
2024-07-12,QS,0,0,0,0,0,0,0,695,0,0,nan,0.00,0.00,0,695
2024-07-12,RILY,0,0,0,"3,050",0,0,0,0,0,0,nan,0.00,0.00,0,"3,050"
2024-07-12,VFS,0,0,0,682,0,0,0,0,0,0,nan,0.00,0.00,0,682
2024-07-19,TSLA,"2,156,583","464,647","1,569,873","1,408,644","4,201,168","1,256,323","7,267,428","2,554,646","19,365,288","4,001,348",nan,0.21,0.35,"34,560,340","9,685,608"
2024-07-19,NVDA,0,0,0,0,"281,313",0,"2,248,359","46,686","854,334","547,018",nan,0.64,0.02,"3,384,006","593,704"
2024-07-19,T,0,0,0,0,0,0,"1,097,524",0,"12,424",0,nan,0.00,0.00,"1,109,948",0
2024-07-19,AMD,0,0,"144,269","8,045","522,339","22,024","115,886","17,122",0,0,nan,0.00,0.15,"782,494","47,191"
2024-07-19,MSFT,0,"3,827","7,015","11,750","3,479",656,"22,043",0,"695,154","94,212",nan,0.14,0.00,"727,691","110,445"
2024-07-19,INTC,0,0,"58,918","10,911","399,095","1,425","119,432","19,977","20,722","6,702",nan,0.32,0.17,"598,167","39,015"
2024-07-19,AAPL,"29,613","1,087","61,653","20,428","405,038","82,817","2,348","131,078",0,0,nan,0.00,55.83,"498,652","235,410"
2024-07-19,BIDU,"7,885",0,890,0,0,0,"382,522","1,335","12,056","1,026",nan,0.09,0.00,"403,353","2,361"
2024-07-19,SGH,627,0,0,0,"3,596",0,0,"22,426","332,928","15,790",nan,0.05,0.00,"337,151","38,216"
2024-07-19,MU,0,0,"3,329",0,0,0,"3,441",0,"292,574",0,nan,0.00,0.00,"299,344",0
2024-07-19,HD,0,0,"1,301",0,0,0,0,0,"275,462",0,nan,0.00,0.00,"276,763",0
2024-07-19,META,0,0,"100,424","13,043",0,"1,236",0,0,"154,362","6,568",nan,0.04,0.00,"254,786","20,847"
2024-07-19,RIVN,0,0,0,0,"69,271",0,"8,849",0,"174,160","48,732",nan,0.28,0.00,"252,280","48,732"
2024-07-19,BAC,"225,838",0,0,0,0,0,"17,051",662,0,0,nan,0.00,0.04,"242,889",662
2024-07-19,CRWD,0,0,0,0,"158,241",0,0,0,"18,922",0,nan,0.00,0.00,"177,163",0
2024-07-19,CVNA,0,0,0,0,"4,554",0,0,0,"166,572",0,nan,0.00,0.00,"171,126",0
2024-07-19,PLTR,0,0,"129,994","13,923","29,538","1,847",0,"13,253","6,740","47,650",nan,7.07,0.00,"166,272","76,673"
2024-07-19,SOUN,0,0,0,0,0,0,0,0,"160,680",0,nan,0.00,0.00,"160,680",0
2024-07-19,TSM,0,0,"3,391",0,"18,613","1,168","7,625","8,505","104,470","40,440",nan,0.39,1.12,"134,099","50,113"
2024-07-19,F,0,"76,417",0,0,0,"13,172",0,0,"131,142",0,nan,0.00,0.00,"131,142","89,589"
2024-07-19,GLW,0,0,0,0,"25,420","3,001","98,031","25,625",0,0,nan,0.00,0.26,"123,451","28,626"
2024-07-19,ENPH,"3,661",0,0,0,"108,017",0,0,"2,152",0,"8,594",nan,0.00,0.00,"111,678","10,746"
2024-07-19,QURE,0,0,0,0,0,0,"10,030","10,956","99,264","20,068",nan,0.20,1.09,"109,294","31,024"
2024-07-19,PEP,0,0,"1,013",0,0,0,0,0,"105,466","145,318",nan,1.38,0.00,"106,479","145,318"
2024-07-19,GS,"66,565",0,0,0,0,0,"37,603",0,0,0,nan,0.00,0.00,"104,168",0
2024-07-19,CAG,0,0,0,0,0,0,0,0,"97,072","3,170",nan,0.03,0.00,"97,072","3,170"
2024-07-19,JPM,"65,275",0,0,0,0,"1,417","5,880",0,"15,594","2,196",nan,0.14,0.00,"86,749","3,613"
2024-07-19,GME,0,0,0,0,0,855,0,0,"86,376",0,nan,0.00,0.00,"86,376",855
2024-07-19,SMCI,0,0,0,0,"51,145","15,431","11,140",0,"16,374","2,846",nan,0.17,0.00,"78,659","18,277"
2024-07-19,SNAP,0,0,0,0,0,0,0,0,"77,184",0,nan,0.00,0.00,"77,184",0
2024-07-19,VZ,0,0,0,0,0,0,"74,829",0,0,0,nan,0.00,0.00,"74,829",0
2024-07-19,CHWY,0,0,0,0,"2,355","4,255","4,465","8,848","64,400",0,nan,0.00,1.98,"71,220","13,103"
2024-07-19,AMZN,0,0,0,0,704,"15,663","65,564",0,0,0,nan,0.00,0.00,"66,268","15,663"
2024-07-19,CSCO,"51,688",0,0,0,"12,610",0,0,"2,528",0,0,nan,0.00,0.00,"64,298","2,528"
2024-07-19,GOOGL,0,0,"2,027","2,397",0,0,"43,327",0,"18,404",0,nan,0.00,0.00,"63,758","2,397"
2024-07-19,XPEV,"45,530",0,0,0,0,0,0,0,"11,476",0,nan,0.00,0.00,"57,006",0
2024-07-19,IREN,0,0,0,0,0,0,0,0,"53,354",0,nan,0.00,0.00,"53,354",0
2024-07-19,HE,0,0,0,0,0,0,0,0,"50,646","87,430",nan,1.73,0.00,"50,646","87,430"
2024-07-19,VST,0,0,0,0,0,0,"47,909",0,0,0,nan,0.00,0.00,"47,909",0
2024-07-19,CELH,0,0,0,0,0,0,"7,392",0,"29,620",0,nan,0.00,0.00,"37,012",0
2024-07-19,XOM,0,0,0,0,"10,946",0,0,0,"25,840",0,nan,0.00,0.00,"36,786",0
2024-07-19,ARM,0,0,"30,466","2,575","4,712",0,"1,289",0,0,0,nan,0.00,0.00,"36,467","2,575"
2024-07-19,VSTS,0,0,0,0,0,0,"5,996",0,"30,342",0,nan,0.00,0.00,"36,338",0
2024-07-19,HOOD,0,0,0,0,"25,951","10,289","6,836",0,0,0,nan,0.00,0.00,"32,787","10,289"
2024-07-19,FUTU,0,0,0,0,0,0,0,0,"30,904",0,nan,0.00,0.00,"30,904",0
2024-07-19,CCJ,0,0,0,0,0,0,0,0,"30,530",0,nan,0.00,0.00,"30,530",0
2024-07-19,NKE,0,"21,763",0,0,"15,489",0,0,0,"14,788","2,672",nan,0.18,0.00,"30,277","24,435"
2024-07-19,CMG,0,0,0,0,"5,868","1,442","11,432",755,"12,712","3,452",nan,0.27,0.07,"30,012","5,649"
2024-07-19,DAL,0,0,575,0,0,0,0,0,"27,860","1,256",nan,0.05,0.00,"28,435","1,256"
2024-07-19,RDDT,0,0,0,0,0,0,"28,241",541,0,0,nan,0.00,0.02,"28,241",541
2024-07-19,COIN,0,0,"4,802",811,0,0,0,0,"22,634",0,nan,0.00,0.00,"27,436",811
2024-07-19,SBUX,0,0,0,0,0,0,"6,073","6,490","19,946",0,nan,0.00,1.07,"26,019","6,490"
2024-07-19,FSLR,"10,907",0,0,0,0,0,0,0,"14,114",0,nan,0.00,0.00,"25,021",0
2024-07-19,VSCO,0,0,0,0,0,0,0,0,"24,612",0,nan,0.00,0.00,"24,612",0
2024-07-19,CLSK,0,0,0,"6,295","23,140","1,619",0,0,0,0,nan,0.00,0.00,"23,140","7,914"
2024-07-19,AI,0,0,"13,106",0,"9,439",0,0,"7,048",0,0,nan,0.00,0.00,"22,545","7,048"
2024-07-19,WM,0,0,0,0,0,0,0,0,"22,512",0,nan,0.00,0.00,"22,512",0
2024-07-19,GENI,0,0,0,0,0,0,0,0,"22,482",0,nan,0.00,0.00,"22,482",0
2024-07-19,UPST,0,0,0,0,0,634,0,0,"20,000",0,nan,0.00,0.00,"20,000",634
2024-07-19,EXFY,0,0,0,0,0,0,"19,176",0,0,0,nan,0.00,0.00,"19,176",0
2024-07-19,TTD,"18,293",0,0,0,0,0,508,0,0,0,nan,0.00,0.00,"18,801",0
2024-07-19,OLLI,0,0,0,0,"18,151",0,0,0,0,0,nan,0.00,0.00,"18,151",0
2024-07-19,OSCR,"16,988",0,0,0,0,0,0,0,0,0,nan,0.00,0.00,"16,988",0
2024-07-19,RBRK,0,0,"15,769",0,0,0,0,0,0,0,nan,0.00,0.00,"15,769",0
2024-07-19,PARA,"15,623","20,412",0,0,0,0,0,0,0,0,nan,0.00,0.00,"15,623","20,412"
2024-07-19,C,0,0,0,0,0,0,"14,547","1,131",0,0,nan,0.00,0.08,"14,547","1,131"
2024-07-19,WFC,0,0,0,0,0,0,"14,116",0,0,0,nan,0.00,0.00,"14,116",0
2024-07-19,AMSC,0,0,0,0,"13,543",0,0,0,0,0,nan,0.00,0.00,"13,543",0
2024-07-19,ACB,0,0,0,0,0,0,"13,441",0,0,0,nan,0.00,0.00,"13,441",0
2024-07-19,WYNN,0,0,0,0,0,0,"12,870",0,0,"7,250",nan,0.00,0.00,"12,870","7,250"
2024-07-19,JMIA,0,500,0,0,0,0,"12,462",0,0,0,nan,0.00,0.00,"12,462",500
2024-07-19,BROS,0,0,0,0,0,0,0,0,"12,184","5,168",nan,0.42,0.00,"12,184","5,168"
2024-07-19,PDD,0,0,0,0,0,0,"4,559",0,"7,416",0,nan,0.00,0.00,"11,975",0
2024-07-19,UBER,0,0,0,0,0,0,"5,576",0,"5,698",0,nan,0.00,0.00,"11,274",0
2024-07-19,MARA,0,0,0,0,0,"2,154","10,663",0,0,0,nan,0.00,0.00,"10,663","2,154"
2024-07-19,CP,0,0,0,0,0,0,0,0,"10,144",0,nan,0.00,0.00,"10,144",0
2024-07-19,FCX,"7,234",0,0,0,"2,591",0,0,0,0,0,nan,0.00,0.00,"9,825",0
2024-07-19,WDC,0,0,0,0,"9,489",0,0,"5,934",0,0,nan,0.00,0.00,"9,489","5,934"
2024-07-19,WULF,"4,020",0,0,"1,762",0,0,"5,318",0,0,0,nan,0.00,0.00,"9,338","1,762"
2024-07-19,BMY,0,0,0,0,"9,191",0,0,0,0,0,nan,0.00,0.00,"9,191",0
2024-07-19,LYFT,0,0,0,0,"2,561",0,0,0,"6,482",0,nan,0.00,0.00,"9,043",0
2024-07-19,KGC,0,0,0,0,0,0,0,0,"8,952",0,nan,0.00,0.00,"8,952",0
2024-07-19,LVS,0,"2,260",0,0,0,0,"1,025",0,"7,866","2,320",nan,0.29,0.00,"8,891","4,580"
2024-07-19,SNOW,0,0,0,0,0,0,0,0,"7,510",0,nan,0.00,0.00,"7,510",0
2024-07-19,MRVL,0,0,0,0,618,0,711,0,"6,098",0,nan,0.00,0.00,"7,427",0
2024-07-19,EVGO,0,0,0,0,0,0,0,0,"7,292",0,nan,0.00,0.00,"7,292",0
2024-07-19,CERE,"7,128",0,0,0,0,0,0,0,0,0,nan,0.00,0.00,"7,128",0
2024-07-19,CTSH,0,0,0,0,0,0,0,0,"6,488",0,nan,0.00,0.00,"6,488",0
2024-07-19,AFRM,0,0,0,0,0,0,"6,130",0,0,0,nan,0.00,0.00,"6,130",0
2024-07-19,LKQ,0,0,0,0,0,0,0,0,"6,006",0,nan,0.00,0.00,"6,006",0
2024-07-19,PLSE,0,0,0,0,"5,871",0,0,0,0,0,nan,0.00,0.00,"5,871",0
2024-07-19,AVGO,0,0,"1,454",0,"2,447",0,"1,709",0,0,0,nan,0.00,0.00,"5,610",0
2024-07-19,GOOG,0,0,0,"1,670",0,"3,861",0,"1,746","5,506",0,nan,0.00,0.00,"5,506","7,277"
2024-07-19,SEDG,0,0,0,0,0,0,0,0,"5,244",0,nan,0.00,0.00,"5,244",0
2024-07-19,RIOT,0,0,0,0,"5,180","2,932",0,0,0,0,nan,0.00,0.00,"5,180","2,932"
2024-07-19,SAVE,0,"4,533",0,0,"5,013",0,0,0,0,0,nan,0.00,0.00,"5,013","4,533"
2024-07-19,BABA,"3,081",0,0,"1,910",0,0,"1,917",0,0,0,nan,0.00,0.00,"4,998","1,910"
2024-07-19,PNC,0,0,0,0,0,0,0,0,"4,904",0,nan,0.00,0.00,"4,904",0
2024-07-19,DM,"4,752",0,0,0,0,0,0,0,0,0,nan,0.00,0.00,"4,752",0
2024-07-19,DJT,0,0,0,"1,056",0,0,0,0,"4,576",0,nan,0.00,0.00,"4,576","1,056"
2024-07-19,BA,0,0,0,0,"4,471","31,949",0,0,0,0,nan,0.00,0.00,"4,471","31,949"
2024-07-19,RILY,0,0,523,"1,744",0,0,0,0,"3,622",0,nan,0.00,0.00,"4,145","1,744"
2024-07-19,PANW,0,0,"2,809",0,"1,281",0,0,0,0,0,nan,0.00,0.00,"4,090",0
2024-07-19,RVMD,0,0,0,0,0,0,0,0,"4,040",0,nan,0.00,0.00,"4,040",0
2024-07-19,LNTH,0,0,0,0,0,0,0,0,"3,856",0,nan,0.00,0.00,"3,856",0
2024-07-19,TGT,0,0,0,0,0,0,0,0,"3,752",0,nan,0.00,0.00,"3,752",0
2024-07-19,V,0,"1,040",0,0,0,0,"3,626",0,0,0,nan,0.00,0.00,"3,626","1,040"
2024-07-19,MDB,0,0,"1,217",0,0,0,0,0,"2,382",0,nan,0.00,0.00,"3,599",0
2024-07-19,HUBS,0,0,0,0,0,0,0,0,"3,566",0,nan,0.00,0.00,"3,566",0
2024-07-19,CENX,"3,429",0,0,0,0,0,0,0,0,0,nan,0.00,0.00,"3,429",0
2024-07-19,WBA,0,0,565,0,0,0,"2,859",0,0,0,nan,0.00,0.00,"3,424",0
2024-07-19,GTLB,0,0,0,0,0,0,"3,323",0,0,0,nan,0.00,0.00,"3,323",0
2024-07-19,BTBT,0,0,0,0,"3,192",0,0,0,0,0,nan,0.00,0.00,"3,192",0
2024-07-19,HTZ,0,0,0,0,0,0,"3,184",0,0,0,nan,0.00,0.00,"3,184",0
2024-07-19,SQ,0,0,0,0,0,0,0,0,"3,174",0,nan,0.00,0.00,"3,174",0
2024-07-19,LULU,0,0,0,0,0,0,0,0,"3,162",0,nan,0.00,0.00,"3,162",0
2024-07-19,ZK,"3,000",0,0,0,0,0,0,0,0,0,nan,0.00,0.00,"3,000",0
2024-07-19,OXY,0,0,0,0,"2,843",539,0,0,0,0,nan,0.00,0.00,"2,843",539
2024-07-19,SPCE,0,0,"2,816",0,0,0,0,0,0,0,nan,0.00,0.00,"2,816",0
2024-07-19,IQV,0,0,0,0,0,0,0,0,"2,690",0,nan,0.00,0.00,"2,690",0
2024-07-19,BYRN,0,0,0,0,"2,556",0,0,0,0,0,nan,0.00,0.00,"2,556",0
2024-07-19,ANVS,0,0,0,0,"2,554","4,302",0,0,0,0,nan,0.00,0.00,"2,554","4,302"
2024-07-19,MMM,0,0,"2,554",0,0,0,0,0,0,0,nan,0.00,0.00,"2,554",0
2024-07-19,PTON,0,0,0,0,"2,528",0,0,0,0,0,nan,0.00,0.00,"2,528",0
2024-07-19,FRPT,0,0,0,0,0,0,0,0,"2,408",0,nan,0.00,0.00,"2,408",0
2024-07-19,AEHR,0,0,0,0,"2,353",0,0,0,0,0,nan,0.00,0.00,"2,353",0
2024-07-19,HELE,0,0,0,0,0,"5,532",0,"28,046","2,262",0,nan,0.00,0.00,"2,262","33,578"
2024-07-19,DKNG,0,0,"2,252",0,0,0,0,0,0,"132,520",nan,0.00,0.00,"2,252","132,520"
2024-07-19,UAN,0,0,"2,175",0,0,0,0,0,0,0,nan,0.00,0.00,"2,175",0
2024-07-19,PLAB,0,0,0,0,0,0,"2,107",0,0,0,nan,0.00,0.00,"2,107",0
2024-07-19,COST,0,0,0,0,0,"8,613",0,0,"2,070",0,nan,0.00,0.00,"2,070","8,613"
2024-07-19,U,0,0,"2,047",0,0,0,0,0,0,0,nan,0.00,0.00,"2,047",0
2024-07-19,DOCU,0,0,0,0,0,0,0,0,"2,008",0,nan,0.00,0.00,"2,008",0
2024-07-19,NVO,"1,436",0,0,0,0,0,542,0,0,0,nan,0.00,0.00,"1,978",0
2024-07-19,JD,0,0,"1,937","1,117",0,0,0,0,0,0,nan,0.00,0.00,"1,937","1,117"
2024-07-19,MSTR,0,0,"1,668",0,0,0,0,0,0,0,nan,0.00,0.00,"1,668",0
2024-07-19,FRO,0,0,0,0,"1,602",0,0,0,0,0,nan,0.00,0.00,"1,602",0
2024-07-19,KR,0,0,0,0,0,0,0,0,"1,594",0,nan,0.00,0.00,"1,594",0
2024-07-19,CAVA,0,0,598,0,955,0,0,0,0,0,nan,0.00,0.00,"1,553",0
2024-07-19,HUM,0,0,0,0,0,0,0,0,"1,510",0,nan,0.00,0.00,"1,510",0
2024-07-19,OZK,0,0,0,0,0,0,"1,400",0,0,0,nan,0.00,0.00,"1,400",0
2024-07-19,PYPL,0,0,"1,320",0,0,0,0,0,0,0,nan,0.00,0.00,"1,320",0
2024-07-19,IONQ,0,0,0,0,0,0,0,0,"1,172",0,nan,0.00,0.00,"1,172",0
2024-07-19,MDWD,0,0,0,0,"1,154",0,0,0,0,0,nan,0.00,0.00,"1,154",0
2024-07-19,DVN,"1,006",0,0,0,0,0,0,0,0,0,nan,0.00,0.00,"1,006",0
2024-07-19,GSK,0,0,"1,002","1,501",0,0,0,0,0,0,nan,0.00,0.00,"1,002","1,501"
2024-07-19,CRBG,0,0,0,0,0,0,0,0,"1,000",0,nan,0.00,0.00,"1,000",0
2024-07-19,YUM,0,0,946,0,0,0,0,0,0,0,nan,0.00,0.00,946,0
2024-07-19,OKTA,0,0,913,0,0,0,0,0,0,0,nan,0.00,0.00,913,0
2024-07-19,MTCH,0,0,0,0,0,0,771,0,0,0,nan,0.00,0.00,771,0
2024-07-19,MRNA,0,0,0,0,0,0,766,0,0,0,nan,0.00,0.00,766,0
2024-07-19,ASTS,0,0,0,565,754,0,0,0,0,0,nan,0.00,0.00,754,565
2024-07-19,SHOP,0,0,0,0,718,0,0,0,0,"1,616",nan,0.00,0.00,718,"1,616"
2024-07-19,HAL,0,0,692,0,0,0,0,0,0,0,nan,0.00,0.00,692,0
2024-07-19,RCM,0,0,0,0,595,0,0,0,0,0,nan,0.00,0.00,595,0
2024-07-19,EAT,0,0,0,0,589,0,0,0,0,0,nan,0.00,0.00,589,0
2024-07-19,GOLD,0,0,533,0,0,0,0,0,0,"1,222",nan,0.00,0.00,533,"1,222"
2024-07-19,ABT,0,715,0,0,0,0,528,0,0,0,nan,0.00,0.00,528,715
2024-07-19,AU,0,0,524,0,0,0,0,0,0,0,nan,0.00,0.00,524,0
2024-07-19,DELL,0,0,0,0,520,0,0,0,0,0,nan,0.00,0.00,520,0
2024-07-19,AAP,0,"8,763",0,0,0,0,0,0,0,0,nan,0.00,0.00,0,"8,763"
2024-07-19,ARES,0,"2,239",0,0,0,0,0,0,0,0,nan,0.00,0.00,0,"2,239"
2024-07-19,ARQT,0,0,0,0,0,"2,654",0,"1,849",0,0,nan,0.00,0.00,0,"4,503"
2024-07-19,BDX,0,0,0,0,0,0,0,"1,011",0,"7,672",nan,0.00,0.00,0,"8,683"
2024-07-19,BIG,0,0,0,"2,161",0,0,0,0,0,0,nan,0.00,0.00,0,"2,161"
2024-07-19,BMBL,0,0,0,0,0,0,0,"2,708",0,0,nan,0.00,0.00,0,"2,708"
2024-07-19,CRM,0,0,0,0,0,"1,099",0,0,0,0,nan,0.00,0.00,0,"1,099"
2024-07-19,DASH,0,0,0,0,0,0,0,0,0,"3,698",nan,0.00,0.00,0,"3,698"
2024-07-19,DXCM,0,0,0,0,0,0,0,0,0,"7,560",nan,0.00,0.00,0,"7,560"
2024-07-19,EBAY,0,0,0,629,0,0,0,0,0,0,nan,0.00,0.00,0,629
2024-07-19,EMR,0,0,0,0,0,0,0,"1,000",0,0,nan,0.00,0.00,0,"1,000"
2024-07-19,FMC,0,0,0,0,0,0,0,0,0,"14,468",nan,0.00,0.00,0,"14,468"
2024-07-19,HOLI,0,0,0,0,0,0,0,0,0,"5,764",nan,0.00,0.00,0,"5,764"
2024-07-19,KNX,0,0,0,0,0,0,0,"1,702",0,0,nan,0.00,0.00,0,"1,702"
2024-07-19,KO,0,0,0,0,0,0,0,"1,557",0,0,nan,0.00,0.00,0,"1,557"
2024-07-19,LLY,0,0,0,0,0,0,0,0,0,"1,324",nan,0.00,0.00,0,"1,324"
2024-07-19,MA,0,0,0,0,0,0,0,0,0,"26,236",nan,0.00,0.00,0,"26,236"
2024-07-19,MCD,0,"4,396",0,0,0,0,0,607,0,0,nan,0.00,0.00,0,"5,003"
2024-07-19,MGM,0,0,0,0,0,"6,001",0,0,0,0,nan,0.00,0.00,0,"6,001"
2024-07-19,MRK,0,"1,158",0,0,0,0,0,0,0,0,nan,0.00,0.00,0,"1,158"
2024-07-19,NFLX,0,0,0,0,0,0,0,"1,012",0,0,nan,0.00,0.00,0,"1,012"
2024-07-19,ORCL,0,0,0,0,0,0,0,"5,599",0,0,nan,0.00,0.00,0,"5,599"
2024-07-19,PBR,0,0,0,"3,503",0,0,0,0,0,0,nan,0.00,0.00,0,"3,503"
2024-07-19,PGR,0,0,0,0,0,0,0,0,0,"32,852",nan,0.00,0.00,0,"32,852"
2024-07-19,PSMT,0,0,0,0,0,0,0,0,0,"3,442",nan,0.00,0.00,0,"3,442"
2024-07-19,ROKU,0,0,0,0,0,"1,236",0,"1,032",0,0,nan,0.00,0.00,0,"2,268"
2024-07-19,SAGE,0,0,0,0,0,0,0,0,0,"8,024",nan,0.00,0.00,0,"8,024"
2024-07-19,SIRI,0,0,0,0,0,"8,029",0,"24,115",0,0,nan,0.00,0.00,0,"32,144"
2024-07-19,SMG,0,0,0,"1,249",0,0,0,0,0,0,nan,0.00,0.00,0,"1,249"
2024-07-19,TECK,0,"8,411",0,"1,724",0,0,0,0,0,0,nan,0.00,0.00,0,"10,135"
2024-07-19,TKO,0,0,0,0,0,0,0,500,0,0,nan,0.00,0.00,0,500
2024-07-19,TTWO,0,0,0,"9,994",0,0,0,0,0,0,nan,0.00,0.00,0,"9,994"
2024-07-19,TWLO,0,"2,548",0,0,0,0,0,0,0,0,nan,0.00,0.00,0,"2,548"
2024-07-19,TXN,0,0,0,0,0,0,0,0,0,"3,382",nan,0.00,0.00,0,"3,382"
2024-07-19,VFS,0,0,0,0,0,0,0,0,0,"1,058",nan,0.00,0.00,0,"1,058"
2024-07-19,VRT,0,0,0,0,0,0,0,"1,324",0,0,nan,0.00,0.00,0,"1,324"
2024-07-19,WBD,0,0,0,0,0,0,0,0,0,"9,622",nan,0.00,0.00,0,"9,622"
2024-07-19,WDFC,0,0,0,0,0,0,0,0,0,"1,004",nan,0.00,0.00,0,"1,004"
2024-07-19,WMT,0,0,0,"1,322",0,0,0,0,0,0,nan,0.00,0.00,0,"1,322"
2024-07-19,YETI,0,"1,290",0,0,0,0,0,0,0,0,nan,0.00,0.00,0,"1,290"
2024-07-19,ZETA,0,0,0,0,0,"2,000",0,0,0,0,nan,0.00,0.00,0,"2,000"
2024-07-26,BIDU,0,0,0,0,0,0,"4,673",0,"771,104",0,nan,0.00,0.00,"775,777",0
2024-07-26,AMD,"1,531",0,"52,038","2,132","479,101","2,495","28,397",0,0,0,nan,0.00,0.00,"561,067","4,627"
2024-07-26,NVDA,"45,335","24,763",0,0,"3,927",0,"178,191","25,015","156,340","14,190",nan,0.09,0.14,"383,793","63,968"
2024-07-26,TSLA,"83,912","47,860","154,661","23,832","3,108","13,409","71,427","76,645","64,850","12,582",nan,0.19,1.07,"377,958","174,328"
2024-07-26,XOM,0,0,0,0,0,0,0,0,"149,654",0,nan,0.00,0.00,"149,654",0
2024-07-26,SOUN,0,0,0,0,0,0,0,0,"140,892",0,nan,0.00,0.00,"140,892",0
2024-07-26,INTC,0,0,"42,211","1,497",0,0,"30,076","20,063","46,214",0,nan,0.00,0.67,"118,501","21,560"
2024-07-26,PLTR,0,0,"29,199",0,564,"2,430","10,256",550,"11,322",0,nan,0.00,0.05,"51,341","2,980"
2024-07-26,META,0,0,"3,870","1,258","14,443","1,012","1,357",637,"28,172",0,nan,0.00,0.47,"47,842","2,907"
2024-07-26,CMG,0,0,0,0,633,0,"13,826","10,698","27,964","26,110",nan,0.93,0.77,"42,423","36,808"
2024-07-26,AAPL,0,0,"31,095","4,217",0,"1,179","9,414","320,388",0,0,nan,0.00,34.03,"40,509","325,784"
2024-07-26,COIN,0,0,0,0,0,0,515,0,"34,100",0,nan,0.00,0.00,"34,615",0
2024-07-26,XPEV,0,0,0,0,0,0,0,0,"32,516",0,nan,0.00,0.00,"32,516",0
2024-07-26,UBER,0,0,0,0,"1,104",0,0,0,"25,588","1,670",nan,0.07,0.00,"26,692","1,670"
2024-07-26,PEP,0,0,0,0,0,0,0,0,"21,934",0,nan,0.00,0.00,"21,934",0
2024-07-26,CAVA,0,0,0,0,0,0,516,0,"20,422",0,nan,0.00,0.00,"20,938",0
2024-07-26,MARA,0,0,0,0,"16,557",0,506,0,0,0,nan,0.00,0.00,"17,063",0
2024-07-26,SNOW,0,0,"7,112",0,0,0,"8,744",0,0,"1,258",nan,0.00,0.00,"15,856","1,258"
2024-07-26,TSM,0,0,0,0,516,0,0,0,"14,704",0,nan,0.00,0.00,"15,220",0
2024-07-26,PDD,"6,146",0,0,0,0,0,"6,075",0,0,0,nan,0.00,0.00,"12,221",0
2024-07-26,GOLD,0,0,0,0,0,0,0,0,"11,518",0,nan,0.00,0.00,"11,518",0
2024-07-26,CRWD,0,0,0,0,0,0,0,0,"9,128",0,nan,0.00,0.00,"9,128",0
2024-07-26,BLNK,0,0,0,0,0,0,0,0,"9,062",0,nan,0.00,0.00,"9,062",0
2024-07-26,GOOGL,0,0,"9,053",0,0,0,0,"1,550",0,"49,602",nan,0.00,0.00,"9,053","51,152"
2024-07-26,MSFT,0,0,"8,530",0,0,"3,461",0,0,0,0,nan,0.00,0.00,"8,530","3,461"
2024-07-26,CRM,0,0,0,0,0,0,0,0,"7,560",0,nan,0.00,0.00,"7,560",0
2024-07-26,BAC,"7,264",0,0,0,0,0,0,0,0,0,nan,0.00,0.00,"7,264",0
2024-07-26,MPC,0,0,0,0,0,0,"6,160",0,0,0,nan,0.00,0.00,"6,160",0
2024-07-26,TMUS,0,0,0,0,"5,818",0,0,0,0,0,nan,0.00,0.00,"5,818",0
2024-07-26,LYFT,0,0,0,0,0,0,0,0,"5,466",0,nan,0.00,0.00,"5,466",0
2024-07-26,GOOG,0,0,661,0,0,0,0,0,"3,574",0,nan,0.00,0.00,"4,235",0
2024-07-26,JD,"4,196",0,0,0,0,0,0,0,0,0,nan,0.00,0.00,"4,196",0
2024-07-26,NEP,"3,992",0,0,0,0,0,0,0,0,0,nan,0.00,0.00,"3,992",0
2024-07-26,W,0,0,0,0,0,0,0,0,"3,822",0,nan,0.00,0.00,"3,822",0
2024-07-26,MU,0,0,0,0,"1,725",0,0,0,"2,080",0,nan,0.00,0.00,"3,805",0
2024-07-26,CHWY,0,0,0,0,701,0,"3,075",0,0,0,nan,0.00,0.00,"3,776",0
2024-07-26,UPST,0,0,0,0,0,0,"3,753",0,0,0,nan,0.00,0.00,"3,753",0
2024-07-26,RIVN,0,0,0,0,0,0,630,"1,596","2,446","5,860",nan,2.40,2.53,"3,076","7,456"
2024-07-26,SPCE,0,0,0,0,0,0,"2,752",0,0,0,nan,0.00,0.00,"2,752",0
2024-07-26,ARM,0,0,632,0,0,0,"1,908",0,0,0,nan,0.00,0.00,"2,540",0
2024-07-26,KO,0,0,0,0,0,0,0,0,"2,494","5,674",nan,2.28,0.00,"2,494","5,674"
2024-07-26,WBA,0,0,0,0,"2,410",0,0,0,0,0,nan,0.00,0.00,"2,410",0
2024-07-26,SBUX,0,0,0,0,0,0,"1,906",0,0,0,nan,0.00,0.00,"1,906",0
2024-07-26,NKE,0,0,0,0,0,0,"1,446",0,0,0,nan,0.00,0.00,"1,446",0
2024-07-26,GLW,0,0,0,0,0,0,"1,434",0,0,0,nan,0.00,0.00,"1,434",0
2024-07-26,PYPL,0,0,0,0,0,0,"1,086",0,0,0,nan,0.00,0.00,"1,086",0
2024-07-26,AMAT,0,0,0,0,0,0,"1,023",0,0,0,nan,0.00,0.00,"1,023",0
2024-07-26,JPM,0,0,0,0,0,0,850,0,0,0,nan,0.00,0.00,850,0
2024-07-26,BA,729,0,0,0,0,0,0,0,0,0,nan,0.00,0.00,729,0
2024-07-26,KSS,0,0,0,0,678,0,0,0,0,0,nan,0.00,0.00,678,0
2024-07-26,LI,0,0,0,0,608,0,0,0,0,0,nan,0.00,0.00,608,0
2024-07-26,HD,0,0,0,0,0,0,573,0,0,0,nan,0.00,0.00,573,0
2024-07-26,WFC,0,0,0,0,0,0,555,0,0,0,nan,0.00,0.00,555,0
2024-07-26,AMZN,0,0,0,0,0,0,554,0,0,0,nan,0.00,0.00,554,0
2024-07-26,NEM,0,0,541,0,0,0,0,0,0,0,nan,0.00,0.00,541,0
2024-07-26,BABA,0,"1,317",0,0,0,0,521,0,0,0,nan,0.00,0.00,521,"1,317"
2024-07-26,DIS,505,0,0,0,0,0,0,0,0,0,nan,0.00,0.00,505,0
2024-07-26,DAL,0,0,0,0,0,0,501,0,0,0,nan,0.00,0.00,501,0
2024-07-26,SCHW,0,0,0,0,0,0,500,0,0,0,nan,0.00,0.00,500,0
2024-07-26,AVGO,0,0,0,0,0,0,0,560,0,0,nan,0.00,0.00,0,560
2024-07-26,CAT,0,0,0,0,0,0,0,"4,000",0,0,nan,0.00,0.00,0,"4,000"
2024-07-26,CSTM,0,0,0,"2,500",0,0,0,0,0,0,nan,0.00,0.00,0,"2,500"
2024-07-26,PFE,0,0,0,0,0,"4,851",0,0,0,0,nan,0.00,0.00,0,"4,851"
2024-07-26,QCOM,0,0,0,0,0,"2,587",0,0,0,0,nan,0.00,0.00,0,"2,587"
2024-07-26,SHOP,0,0,0,0,0,0,0,"17,792",0,0,nan,0.00,0.00,0,"17,792"
2024-07-26,TDOC,0,0,0,0,0,0,0,0,0,"15,486",nan,0.00,0.00,0,"15,486"
2024-07-26,WULF,0,0,0,0,0,0,0,0,0,"4,010",nan,0.00,0.00,0,"4,010"
2024-08-02,PFE,0,0,0,0,0,0,0,"2,237","164,926",0,nan,0.00,0.00,"164,926","2,237"
2024-08-02,TSLA,"40,535","8,975","30,723","4,919","3,248","1,588","54,191","9,168",0,"18,346",nan,0.00,0.17,"128,697","42,996"
2024-08-02,AMD,0,0,"21,163","2,438","56,936","1,428",0,0,0,0,nan,0.00,0.00,"78,099","3,866"
2024-08-02,INTC,0,0,0,0,"12,657",0,"50,087",529,"13,606",0,nan,0.00,0.01,"76,350",529
2024-08-02,BIDU,0,0,0,0,0,0,"68,021",0,0,0,nan,0.00,0.00,"68,021",0
2024-08-02,NVDA,0,0,"5,906",0,"7,741",0,"34,996","42,932",0,"24,806",nan,0.00,1.23,"48,643","67,738"
2024-08-02,AAPL,0,0,"3,358","1,767","5,873",0,"16,968","48,934",0,0,nan,0.00,2.88,"26,199","50,701"
2024-08-02,SOUN,0,0,0,0,0,0,0,0,"22,308",0,nan,0.00,0.00,"22,308",0
2024-08-02,MARA,0,0,0,"1,103","18,615",0,0,0,0,0,nan,0.00,0.00,"18,615","1,103"
2024-08-02,OXY,0,0,0,0,"3,963",0,0,0,"13,090",0,nan,0.00,0.00,"17,053",0
2024-08-02,OPEN,0,0,0,0,0,0,0,0,"15,046",0,nan,0.00,0.00,"15,046",0
2024-08-02,WBA,0,0,"13,866",0,995,0,0,0,0,0,nan,0.00,0.00,"14,861",0
2024-08-02,SHOP,0,0,0,0,0,0,0,0,"14,704",0,nan,0.00,0.00,"14,704",0
2024-08-02,NKE,0,0,"1,866",0,"12,138","2,696",0,0,0,0,nan,0.00,0.00,"14,004","2,696"
2024-08-02,ARM,0,0,"4,564",0,0,0,"3,849",0,0,0,nan,0.00,0.00,"8,413",0
2024-08-02,BB,0,0,0,0,0,0,0,0,"7,718",0,nan,0.00,0.00,"7,718",0
2024-08-02,CMG,0,0,0,0,"3,165",0,0,0,"4,062",0,nan,0.00,0.00,"7,227",0
2024-08-02,META,"1,441",0,"3,317",0,"2,005",0,0,0,0,0,nan,0.00,0.00,"6,763",0
2024-08-02,UPST,0,0,0,0,"6,576",0,0,0,0,0,nan,0.00,0.00,"6,576",0
2024-08-02,FUTU,0,0,0,0,0,0,"6,002",0,0,0,nan,0.00,0.00,"6,002",0
2024-08-02,AMC,0,0,0,0,"5,048",693,0,0,0,0,nan,0.00,0.00,"5,048",693
2024-08-02,KMI,0,0,"3,123",0,0,0,0,0,0,0,nan,0.00,0.00,"3,123",0
2024-08-02,AAL,0,0,0,0,0,0,"2,876",0,0,0,nan,0.00,0.00,"2,876",0
2024-08-02,SIRI,0,0,0,0,0,0,"2,723",0,0,0,nan,0.00,0.00,"2,723",0
2024-08-02,CRM,0,0,0,0,0,0,0,0,"2,346",0,nan,0.00,0.00,"2,346",0
2024-08-02,RIVN,0,0,0,0,0,0,654,0,"1,690",0,nan,0.00,0.00,"2,344",0
2024-08-02,VRT,0,0,0,0,0,0,"1,998",0,0,0,nan,0.00,0.00,"1,998",0
2024-08-02,WFC,0,0,0,0,0,0,"1,826",0,0,0,nan,0.00,0.00,"1,826",0
2024-08-02,T,0,0,0,0,0,0,"1,668",0,0,0,nan,0.00,0.00,"1,668",0
2024-08-02,NIO,"1,478",0,0,0,0,0,0,0,0,0,nan,0.00,0.00,"1,478",0
2024-08-02,GLW,0,0,0,0,"1,441",0,0,0,0,0,nan,0.00,0.00,"1,441",0
2024-08-02,C,0,0,0,0,"1,414",0,0,0,0,0,nan,0.00,0.00,"1,414",0
2024-08-02,AVGO,0,0,0,0,0,0,"1,296",0,0,0,nan,0.00,0.00,"1,296",0
2024-08-02,SNAP,"1,208",0,0,0,0,0,0,0,0,0,nan,0.00,0.00,"1,208",0
2024-08-02,PLTR,0,0,0,0,0,"4,376",0,0,"1,188",0,nan,0.00,0.00,"1,188","4,376"
2024-08-02,RBLX,0,0,"1,106",656,0,0,0,0,0,0,nan,0.00,0.00,"1,106",656
2024-08-02,CELH,0,0,0,0,0,0,824,0,0,0,nan,0.00,0.00,824,0
2024-08-02,FSLY,0,0,0,0,690,0,0,0,0,0,nan,0.00,0.00,690,0
2024-08-02,PYPL,0,0,0,0,0,0,676,0,0,0,nan,0.00,0.00,676,0
2024-08-02,MU,0,0,663,0,0,0,0,0,0,0,nan,0.00,0.00,663,0
2024-08-02,TSM,0,"1,115",0,526,507,0,0,0,0,0,nan,0.00,0.00,507,"1,641"
2024-08-02,AMZN,0,0,0,664,0,0,0,0,0,0,nan,0.00,0.00,0,664
2024-08-02,GOOG,0,0,0,0,0,0,0,0,0,"1,128",nan,0.00,0.00,0,"1,128"
2024-08-02,MAXN,0,0,0,0,0,0,0,0,0,"10,378",nan,0.00,0.00,0,"10,378"
2024-08-02,ORCL,0,0,0,0,0,0,0,0,0,"14,098",nan,0.00,0.00,0,"14,098"
2024-08-02,PARA,0,0,0,0,0,0,0,500,0,0,nan,0.00,0.00,0,500
2024-08-02,SBUX,0,0,0,0,0,"5,534",0,0,0,0,nan,0.00,0.00,0,"5,534"
2024-08-02,TDOC,0,0,0,0,0,0,0,0,0,"2,222",nan,0.00,0.00,0,"2,222"
2024-08-02,U,0,0,0,0,0,0,0,0,0,"1,060",nan,0.00,0.00,0,"1,060"
2024-08-09,TSLA,"26,422","4,736","8,421",931,"38,473","2,058","4,694","3,113","15,804","1,046",nan,0.07,0.66,"93,814","11,884"
2024-08-09,NVDA,"3,226","2,251","2,123","12,584","7,579",0,"40,637","4,077","40,114","4,952",nan,0.12,0.10,"93,679","23,864"
2024-08-09,AAPL,0,0,"55,766",0,"6,025",0,"1,117","2,457",0,0,nan,0.00,2.20,"62,908","2,457"
2024-08-09,INTC,0,0,0,0,"5,730",0,"5,407",0,"29,042",0,nan,0.00,0.00,"40,179",0
2024-08-09,AMD,0,0,"6,820",0,"3,077",552,"19,900",0,0,0,nan,0.00,0.00,"29,797",552
2024-08-09,SOUN,0,0,0,0,0,0,0,0,"15,458",0,nan,0.00,0.00,"15,458",0
2024-08-09,PLTR,0,0,"10,992","1,721",655,"1,026",0,0,0,0,nan,0.00,0.00,"11,647","2,747"
2024-08-09,AMZN,0,0,0,0,"6,857",661,0,0,0,0,nan,0.00,0.00,"6,857",661
2024-08-09,CSCO,0,0,0,0,0,0,0,0,"6,500",0,nan,0.00,0.00,"6,500",0
2024-08-09,T,0,0,0,0,"6,179",0,0,0,0,0,nan,0.00,0.00,"6,179",0
2024-08-09,TSM,0,0,0,0,0,0,0,0,"5,688",0,nan,0.00,0.00,"5,688",0
2024-08-09,SE,0,0,0,0,0,0,"4,518",0,0,0,nan,0.00,0.00,"4,518",0
2024-08-09,RIVN,0,0,0,0,0,0,0,0,"2,086",0,nan,0.00,0.00,"2,086",0
2024-08-09,WBD,0,0,0,0,0,0,0,0,"2,010",0,nan,0.00,0.00,"2,010",0
2024-08-09,SIRI,0,0,0,0,560,0,0,0,0,0,nan,0.00,0.00,560,0
2024-08-09,AAL,0,0,0,0,0,"2,850",0,0,0,0,nan,0.00,0.00,0,"2,850"
2024-08-09,GOOGL,0,0,0,0,0,594,0,0,0,0,nan,0.00,0.00,0,594
2024-08-09,NIO,0,0,0,"1,009",0,0,0,0,0,0,nan,0.00,0.00,0,"1,009"
2024-08-09,PYPL,0,0,0,0,0,"20,073",0,0,0,0,nan,0.00,0.00,0,"20,073"
2024-08-16,SOUN,0,0,0,0,0,0,0,0,"1,739,272",0,nan,0.00,0.00,"1,739,272",0
2024-08-16,TSLA,"20,637","31,316",0,"29,347","44,909","74,458","281,856","195,333","137,384","102,580",nan,0.75,0.69,"484,786","433,034"
2024-08-16,SIRI,"166,091","162,096",0,"389,935",0,0,"111,964",0,0,0,nan,0.00,0.00,"278,055","552,031"
2024-08-16,GLW,0,0,0,0,"9,067",0,"19,137",693,"152,304","2,838",nan,0.02,0.04,"180,508","3,531"
2024-08-16,NVDA,0,0,0,0,0,0,"138,650",0,0,"26,330",nan,0.00,0.00,"138,650","26,330"
2024-08-16,PARA,"114,644","4,848",0,0,0,0,0,0,0,0,nan,0.00,0.00,"114,644","4,848"
2024-08-16,RIOT,0,0,"1,047",0,0,0,"92,294",0,0,0,nan,0.00,0.00,"93,341",0
2024-08-16,AMD,0,0,"55,335",0,"16,531",0,0,0,0,0,nan,0.00,0.00,"71,866",0
2024-08-16,BRK.B,0,0,0,0,0,0,0,0,"60,900",0,nan,0.00,0.00,"60,900",0
2024-08-16,CRBG,0,0,0,0,0,0,0,0,"58,886",0,nan,0.00,0.00,"58,886",0
2024-08-16,CVS,0,0,0,0,0,0,0,0,"46,112",0,nan,0.00,0.00,"46,112",0
2024-08-16,WULF,0,0,0,0,"45,176","1,004",0,0,0,0,nan,0.00,0.00,"45,176","1,004"
2024-08-16,GXO,0,0,0,0,0,0,0,0,"33,168",0,nan,0.00,0.00,"33,168",0
2024-08-16,ZI,0,0,0,0,0,0,"26,969",0,0,0,nan,0.00,0.00,"26,969",0
2024-08-16,ANVS,0,0,"1,881",0,"24,067",0,0,0,0,0,nan,0.00,0.00,"25,948",0
2024-08-16,GOOGL,0,0,"24,485",0,0,0,0,"33,805",0,0,nan,0.00,0.00,"24,485","33,805"
2024-08-16,RBLX,"9,840",0,0,0,"12,472",0,0,0,0,0,nan,0.00,0.00,"22,312",0
2024-08-16,U,0,0,0,0,"20,560",0,0,0,0,0,nan,0.00,0.00,"20,560",0
2024-08-16,AMZN,0,0,0,0,0,0,"17,790",0,0,0,nan,0.00,0.00,"17,790",0
2024-08-16,SNAP,0,0,0,0,"16,629",0,0,0,0,0,nan,0.00,0.00,"16,629",0
2024-08-16,APH,0,0,0,0,0,0,"16,304",0,0,0,nan,0.00,0.00,"16,304",0
2024-08-16,CORZ,0,0,"5,008","5,088","10,844",0,0,0,0,0,nan,0.00,0.00,"15,852","5,088"
2024-08-16,ENPH,0,0,0,0,0,0,"15,015",0,0,0,nan,0.00,0.00,"15,015",0
2024-08-16,CVNA,0,0,0,0,0,0,0,0,"13,882",0,nan,0.00,0.00,"13,882",0
2024-08-16,CMA,0,0,0,0,0,0,"5,163",0,"8,058",0,nan,0.00,0.00,"13,221",0
2024-08-16,AAOI,0,0,0,0,"13,220",0,0,0,0,0,nan,0.00,0.00,"13,220",0
2024-08-16,CLX,0,0,0,0,0,0,0,0,"12,410",0,nan,0.00,0.00,"12,410",0
2024-08-16,RILY,0,"8,499",0,0,"7,659",0,"3,611",0,0,0,nan,0.00,0.00,"11,270","8,499"
2024-08-16,NVTS,0,0,0,0,0,0,"11,232",0,0,0,nan,0.00,0.00,"11,232",0
2024-08-16,OLLI,0,0,0,0,"11,035",0,0,0,0,0,nan,0.00,0.00,"11,035",0
2024-08-16,AVTR,"8,766",0,0,0,0,0,0,0,0,0,nan,0.00,0.00,"8,766",0
2024-08-16,META,0,0,"8,762",0,0,0,0,0,0,0,nan,0.00,0.00,"8,762",0
2024-08-16,GOOG,"8,237",0,0,0,0,0,0,0,0,0,nan,0.00,0.00,"8,237",0
2024-08-16,HUN,0,0,0,0,0,0,"8,078",0,0,0,nan,0.00,0.00,"8,078",0
2024-08-16,MSFT,"7,204",0,0,0,0,0,0,0,0,0,nan,0.00,0.00,"7,204",0
2024-08-16,CFLT,"7,110",0,0,0,0,0,0,0,0,0,nan,0.00,0.00,"7,110",0
2024-08-16,V,0,0,0,0,"6,830","4,862",0,0,0,0,nan,0.00,0.00,"6,830","4,862"
2024-08-16,DAL,0,0,0,0,0,0,0,0,"6,528","13,254",nan,2.03,0.00,"6,528","13,254"
2024-08-16,SPCE,0,0,"6,493",0,0,0,0,0,0,0,nan,0.00,0.00,"6,493",0
2024-08-16,NWL,0,0,0,0,0,0,0,0,"6,366",0,nan,0.00,0.00,"6,366",0
2024-08-16,CLSK,0,"1,805","6,178",0,0,"1,395",0,0,0,0,nan,0.00,0.00,"6,178","3,200"
2024-08-16,RGTI,0,0,0,0,0,0,0,0,"5,788",0,nan,0.00,0.00,"5,788",0
2024-08-16,NEGG,"2,821",0,"2,689",0,0,0,0,0,0,0,nan,0.00,0.00,"5,510",0
2024-08-16,NKE,0,0,0,0,"5,483",0,0,0,0,0,nan,0.00,0.00,"5,483",0
2024-08-16,PENN,0,0,"5,204",0,0,0,0,0,0,0,nan,0.00,0.00,"5,204",0
2024-08-16,DLTR,0,0,0,0,0,0,0,0,"5,140",0,nan,0.00,0.00,"5,140",0
2024-08-16,LSXMK,"5,066",0,0,0,0,0,0,0,0,0,nan,0.00,0.00,"5,066",0
2024-08-16,AMC,0,0,0,0,"4,913",0,0,0,0,0,nan,0.00,0.00,"4,913",0
2024-08-16,CRWD,0,0,0,0,0,0,0,0,"4,722",0,nan,0.00,0.00,"4,722",0
2024-08-16,KD,0,0,0,0,0,0,0,0,"4,604",0,nan,0.00,0.00,"4,604",0
2024-08-16,UAL,0,0,0,0,0,0,0,0,"4,362",0,nan,0.00,0.00,"4,362",0
2024-08-16,VRT,0,0,0,0,"2,758",0,0,0,"1,288",0,nan,0.00,0.00,"4,046",0
2024-08-16,AXSM,0,0,0,0,"3,939",0,0,0,0,0,nan,0.00,0.00,"3,939",0
2024-08-16,MMM,0,0,0,0,0,0,0,0,"3,562",0,nan,0.00,0.00,"3,562",0
2024-08-16,BGC,0,0,0,0,0,0,0,0,"3,520",0,nan,0.00,0.00,"3,520",0
2024-08-16,MA,"3,393",0,0,0,0,0,0,0,0,0,nan,0.00,0.00,"3,393",0
2024-08-16,REAL,0,0,0,0,"3,346",0,0,0,0,0,nan,0.00,0.00,"3,346",0
2024-08-16,MOD,0,0,0,0,"2,734",0,0,0,0,0,nan,0.00,0.00,"2,734",0
2024-08-16,WMT,0,0,"2,724",0,0,0,0,0,0,0,nan,0.00,0.00,"2,724",0
2024-08-16,GT,0,0,"2,658",0,0,0,0,0,0,0,nan,0.00,0.00,"2,658",0
2024-08-16,DKNG,0,0,0,0,"2,599",0,0,0,0,0,nan,0.00,0.00,"2,599",0
2024-08-16,LUNR,0,0,0,0,"2,525",0,0,0,0,0,nan,0.00,0.00,"2,525",0
2024-08-16,MDT,0,0,0,0,0,0,0,0,"2,454",0,nan,0.00,0.00,"2,454",0
2024-08-16,FTNT,0,0,0,0,0,0,0,0,"2,416",0,nan,0.00,0.00,"2,416",0
2024-08-16,TSM,0,0,0,0,0,710,"1,397",0,"1,014",0,nan,0.00,0.00,"2,411",710
2024-08-16,AMAT,"2,288",0,0,0,0,0,0,0,0,0,nan,0.00,0.00,"2,288",0
2024-08-16,TEAM,0,0,0,0,0,0,0,0,"2,194",0,nan,0.00,0.00,"2,194",0
2024-08-16,KC,0,0,0,0,0,0,"2,017",0,0,0,nan,0.00,0.00,"2,017",0
2024-08-16,KLIC,0,0,0,0,0,0,0,0,"1,630",0,nan,0.00,0.00,"1,630",0
2024-08-16,MBI,0,0,"1,615",0,0,0,0,0,0,0,nan,0.00,0.00,"1,615",0
2024-08-16,ZIM,0,"1,492",0,0,"1,541",0,0,0,0,0,nan,0.00,0.00,"1,541","1,492"
2024-08-16,IREN,0,0,0,0,"1,509",0,0,0,0,0,nan,0.00,0.00,"1,509",0
2024-08-16,NEE,"1,464",0,0,0,0,0,0,0,0,0,nan,0.00,0.00,"1,464",0
2024-08-16,HIMS,0,0,0,0,0,0,"1,454",0,0,0,nan,0.00,0.00,"1,454",0
2024-08-16,IONQ,0,0,"1,395",0,0,0,0,0,0,0,nan,0.00,0.00,"1,395",0
2024-08-16,CMG,0,0,0,0,"1,356",0,0,0,0,0,nan,0.00,0.00,"1,356",0
2024-08-16,MRNA,0,0,0,0,0,0,0,0,"1,334",0,nan,0.00,0.00,"1,334",0
2024-08-16,NCLH,0,0,0,0,0,0,"1,294",0,0,0,nan,0.00,0.00,"1,294",0
2024-08-16,QURE,0,0,0,0,0,0,"1,273",0,0,0,nan,0.00,0.00,"1,273",0
2024-08-16,ALAB,0,0,0,0,0,0,"1,097",0,0,0,nan,0.00,0.00,"1,097",0
2024-08-16,KMX,0,0,0,0,0,0,0,0,"1,096",0,nan,0.00,0.00,"1,096",0
2024-08-16,CTSH,0,0,0,0,0,0,0,0,"1,050",0,nan,0.00,0.00,"1,050",0
2024-08-16,CIM,0,0,0,0,0,0,0,0,"1,014",0,nan,0.00,0.00,"1,014",0
2024-08-16,NRG,0,0,0,0,0,0,"1,011",0,0,0,nan,0.00,0.00,"1,011",0
2024-08-16,SGH,0,0,0,0,0,0,673,0,0,0,nan,0.00,0.00,673,0
2024-08-16,UNM,0,0,618,0,0,0,0,0,0,0,nan,0.00,0.00,618,0
2024-08-16,ACI,0,0,0,0,0,0,607,0,0,0,nan,0.00,0.00,607,0
2024-08-16,T,0,0,0,0,0,0,575,0,0,0,nan,0.00,0.00,575,0
2024-08-16,EVRI,0,0,0,0,0,0,557,0,0,0,nan,0.00,0.00,557,0
2024-08-16,PLL,0,0,0,0,505,0,0,0,0,0,nan,0.00,0.00,505,0
2024-08-16,OWL,0,0,0,0,500,0,0,0,0,0,nan,0.00,0.00,500,0
2024-08-16,AAPL,0,0,0,0,0,0,0,"2,593",0,0,nan,0.00,0.00,0,"2,593"
2024-08-16,ANF,0,0,0,0,0,0,0,"1,932",0,0,nan,0.00,0.00,0,"1,932"
2024-08-16,APA,0,0,0,0,0,0,0,"1,000",0,0,nan,0.00,0.00,0,"1,000"
2024-08-16,ARHS,0,"198,630",0,0,0,0,0,0,0,0,nan,0.00,0.00,0,"198,630"
2024-08-16,AVGO,0,0,0,658,0,0,0,0,0,0,nan,0.00,0.00,0,658
2024-08-16,BIG,0,0,0,"2,205",0,0,0,0,0,0,nan,0.00,0.00,0,"2,205"
2024-08-16,BILI,0,0,0,0,0,500,0,0,0,0,nan,0.00,0.00,0,500
2024-08-16,BP,0,0,0,0,0,0,0,"3,596",0,0,nan,0.00,0.00,0,"3,596"
2024-08-16,BURL,0,0,0,0,0,"2,355",0,0,0,0,nan,0.00,0.00,0,"2,355"
2024-08-16,C,0,0,0,0,0,0,0,"5,680",0,0,nan,0.00,0.00,0,"5,680"
2024-08-16,CAVA,0,0,0,0,0,0,0,0,0,"4,746",nan,0.00,0.00,0,"4,746"
2024-08-16,CCJ,0,0,0,0,0,0,0,0,0,"4,240",nan,0.00,0.00,0,"4,240"
2024-08-16,CIFR,0,0,0,0,0,0,0,650,0,0,nan,0.00,0.00,0,650
2024-08-16,COST,0,0,0,0,0,0,0,0,0,"10,284",nan,0.00,0.00,0,"10,284"
2024-08-16,CRM,0,0,0,0,0,0,0,"11,433",0,0,nan,0.00,0.00,0,"11,433"
2024-08-16,ERIC,0,0,0,0,0,0,0,0,0,"17,562",nan,0.00,0.00,0,"17,562"
2024-08-16,FITB,0,0,0,0,0,0,0,750,0,0,nan,0.00,0.00,0,750
2024-08-16,FTAI,0,0,0,0,0,0,0,0,0,"2,626",nan,0.00,0.00,0,"2,626"
2024-08-16,GME,0,0,0,0,0,0,0,0,0,"5,876",nan,0.00,0.00,0,"5,876"
2024-08-16,GRPN,0,0,0,0,0,0,0,"1,801",0,0,nan,0.00,0.00,0,"1,801"
2024-08-16,MDB,0,"6,906",0,0,0,0,0,0,0,0,nan,0.00,0.00,0,"6,906"
2024-08-16,MNMD,0,0,0,"1,666",0,0,0,0,0,0,nan,0.00,0.00,0,"1,666"
2024-08-16,MOS,0,0,0,0,0,0,0,639,0,0,nan,0.00,0.00,0,639
2024-08-16,OHI,0,0,0,0,0,0,0,0,0,"8,048",nan,0.00,0.00,0,"8,048"
2024-08-16,OKTA,0,0,0,0,0,0,0,682,0,0,nan,0.00,0.00,0,682
2024-08-16,ONON,0,"5,043",0,0,0,0,0,0,0,0,nan,0.00,0.00,0,"5,043"
2024-08-16,PWR,0,0,0,0,0,0,0,0,0,"2,614",nan,0.00,0.00,0,"2,614"
2024-08-16,SNOW,0,0,0,0,0,0,0,"1,067",0,0,nan,0.00,0.00,0,"1,067"
2024-08-16,TKO,0,720,0,0,0,0,0,0,0,0,nan,0.00,0.00,0,720
2024-08-16,TXN,0,0,0,0,0,0,0,756,0,0,nan,0.00,0.00,0,756
2024-08-16,UBER,0,0,0,0,0,0,0,0,0,"66,772",nan,0.00,0.00,0,"66,772"
2024-08-16,UPWK,0,0,0,0,0,0,0,0,0,"2,126",nan,0.00,0.00,0,"2,126"
2024-08-16,USB,0,0,0,0,0,"2,014",0,0,0,0,nan,0.00,0.00,0,"2,014"
2024-08-16,USFD,0,0,0,0,0,0,0,0,0,"2,000",nan,0.00,0.00,0,"2,000"
2024-08-16,VLO,0,0,0,0,0,"9,284",0,0,0,0,nan,0.00,0.00,0,"9,284"
2024-08-16,YETI,0,0,0,0,0,0,0,"2,514",0,0,nan,0.00,0.00,0,"2,514"
2024-08-16,YUM,0,0,0,0,0,"4,645",0,0,0,0,nan,0.00,0.00,0,"4,645"
2024-08-23,NVDA,0,0,0,708,"1,767",0,"40,041",0,"7,236","9,196",nan,1.27,0.00,"49,044","9,904"
2024-08-23,AAPL,0,0,0,0,"5,251",0,"1,249",0,0,0,nan,0.00,0.00,"6,500",0
2024-08-23,SOUN,0,0,0,0,0,0,0,0,"4,090",0,nan,0.00,0.00,"4,090",0
2024-08-23,PLTR,0,0,0,0,"2,475",0,0,0,0,0,nan,0.00,0.00,"2,475",0
2024-08-23,TSLA,0,0,0,0,"1,722",0,0,0,0,0,nan,0.00,0.00,"1,722",0
2024-08-23,T,0,0,0,0,0,0,939,0,0,0,nan,0.00,0.00,939,0
2024-08-23,CHPT,0,0,797,0,0,0,0,0,0,0,nan,0.00,0.00,797,0
2024-08-23,INTC,0,0,0,0,0,0,565,0,0,0,nan,0.00,0.00,565,0
2024-09-20,TSLA,"8,322",0,"3,613",0,"273,646",0,"2,050",0,0,0,nan,0.00,0.00,"287,631",0
2024-09-20,AMD,0,0,0,0,"171,304",0,0,0,0,0,nan,0.00,0.00,"171,304",0
2024-09-20,KHC,0,0,0,0,"150,010",0,0,0,0,0,nan,0.00,0.00,"150,010",0
2024-09-20,WMT,0,0,0,0,0,0,0,0,"117,526",0,nan,0.00,0.00,"117,526",0
2024-09-20,MSFT,0,0,0,0,0,0,0,0,"43,618",0,nan,0.00,0.00,"43,618",0
2024-09-20,EA,0,0,0,0,0,0,"28,517",0,0,0,nan,0.00,0.00,"28,517",0
2024-09-20,CCL,0,0,"25,021","27,460",0,0,0,0,0,0,nan,0.00,0.00,"25,021","27,460"
2024-09-20,TOL,0,0,0,0,0,0,0,0,"24,072","15,532",nan,0.65,0.00,"24,072","15,532"
2024-09-20,WFC,"21,873",0,0,0,0,0,0,0,0,0,nan,0.00,0.00,"21,873",0
2024-09-20,SPHR,0,0,0,0,0,0,0,0,"18,414",0,nan,0.00,0.00,"18,414",0
2024-09-20,CMG,0,0,0,0,0,0,"16,263",0,0,0,nan,0.00,0.00,"16,263",0
2024-09-20,AKAM,0,0,"15,316",0,0,0,0,0,0,0,nan,0.00,0.00,"15,316",0
2024-09-20,CYH,0,0,0,0,0,0,0,0,"15,026",0,nan,0.00,0.00,"15,026",0
2024-09-20,NVDA,"13,215",0,0,0,0,0,0,0,0,"75,274",nan,0.00,0.00,"13,215","75,274"
2024-09-20,INTC,0,0,0,0,0,0,"1,133",0,"10,852",0,nan,0.00,0.00,"11,985",0
2024-09-20,UPS,0,0,0,0,0,0,0,0,"9,492",0,nan,0.00,0.00,"9,492",0
2024-09-20,GLW,0,0,0,0,"3,269",0,"2,716",0,"2,726",0,nan,0.00,0.00,"8,711",0
2024-09-20,ULTA,0,0,0,0,"8,664",0,0,0,0,0,nan,0.00,0.00,"8,664",0
2024-09-20,COIN,0,0,"6,051",0,0,0,0,0,0,0,nan,0.00,0.00,"6,051",0
2024-09-20,SOUN,0,0,0,0,0,0,0,0,"4,980",0,nan,0.00,0.00,"4,980",0
2024-09-20,EOSE,0,0,0,0,0,0,"3,456",0,0,0,nan,0.00,0.00,"3,456",0
2024-09-20,VLO,0,0,0,0,0,0,0,0,"2,248",0,nan,0.00,0.00,"2,248",0
2024-09-20,FGEN,0,0,0,0,"2,134",0,0,0,0,0,nan,0.00,0.00,"2,134",0
2024-09-20,CENX,0,0,0,0,0,0,0,0,"2,000",0,nan,0.00,0.00,"2,000",0
2024-09-20,TEAM,0,0,"1,890",0,0,0,0,0,0,0,nan,0.00,0.00,"1,890",0
2024-09-20,SMCI,0,0,0,0,0,0,"1,852",0,0,0,nan,0.00,0.00,"1,852",0
2024-09-20,ABNB,0,0,0,0,"1,516",0,0,0,0,0,nan,0.00,0.00,"1,516",0
2024-09-20,BABA,0,0,"1,356",0,0,0,0,"2,135",0,0,nan,0.00,0.00,"1,356","2,135"
2024-09-20,MCD,0,0,0,0,0,0,"1,306",0,0,0,nan,0.00,0.00,"1,306",0
2024-09-20,ARM,0,0,"1,185",0,0,0,0,0,0,0,nan,0.00,0.00,"1,185",0
2024-09-20,NVAX,0,0,"1,137","2,210",0,0,0,0,0,0,nan,0.00,0.00,"1,137","2,210"
2024-09-20,PNC,0,0,0,0,0,0,0,0,"1,076",0,nan,0.00,0.00,"1,076",0
2024-09-20,MT,"1,000",0,0,0,0,0,0,0,0,0,nan,0.00,0.00,"1,000",0
2024-09-20,MAXN,0,0,740,0,0,0,0,0,0,0,nan,0.00,0.00,740,0
2024-09-20,M,0,0,0,0,0,0,694,0,0,0,nan,0.00,0.00,694,0
2024-09-20,AVGO,0,0,659,0,0,0,0,0,0,0,nan,0.00,0.00,659,0
2024-09-20,NBIX,0,0,0,0,0,0,633,0,0,0,nan,0.00,0.00,633,0
2024-09-20,SGH,0,0,0,0,588,0,0,0,0,"14,780",nan,0.00,0.00,588,"14,780"
2024-09-20,NE,516,0,0,0,0,0,0,0,0,0,nan,0.00,0.00,516,0
2024-09-20,HD,0,0,0,0,0,0,515,0,0,0,nan,0.00,0.00,515,0
2024-09-20,AAPL,0,0,0,997,0,"1,417",0,0,0,0,nan,0.00,0.00,0,"2,414"
2024-09-20,AMZN,0,0,0,0,0,510,0,0,0,0,nan,0.00,0.00,0,510
2024-09-20,BA,0,0,0,0,0,"2,088",0,0,0,0,nan,0.00,0.00,0,"2,088"
2024-09-20,BAC,0,0,0,"2,814",0,0,0,0,0,0,nan,0.00,0.00,0,"2,814"
2024-09-20,CBOE,0,0,0,"3,090",0,0,0,0,0,0,nan,0.00,0.00,0,"3,090"
2024-09-20,CMA,0,0,0,0,0,0,0,"1,250",0,0,nan,0.00,0.00,0,"1,250"
2024-09-20,CORZ,0,0,0,0,0,"5,004",0,0,0,0,nan,0.00,0.00,0,"5,004"
2024-09-20,FYBR,0,0,0,0,0,0,0,0,0,"1,480",nan,0.00,0.00,0,"1,480"
2024-09-20,GME,0,0,0,0,0,0,0,541,0,0,nan,0.00,0.00,0,541
2024-09-20,HA,0,0,0,0,0,0,0,"7,007",0,0,nan,0.00,0.00,0,"7,007"
2024-09-20,LSXMK,0,716,0,0,0,0,0,0,0,0,nan,0.00,0.00,0,716
2024-09-20,NEM,0,"1,213",0,0,0,0,0,0,0,0,nan,0.00,0.00,0,"1,213"
2024-09-20,NU,0,"8,013",0,0,0,0,0,0,0,0,nan,0.00,0.00,0,"8,013"
2024-09-20,PR,0,"1,500",0,0,0,0,0,0,0,0,nan,0.00,0.00,0,"1,500"
2024-09-20,SIRI,0,0,0,0,0,0,0,0,0,"51,438",nan,0.00,0.00,0,"51,438"
2024-09-20,VKTX,0,0,0,0,0,0,0,0,0,"2,556",nan,0.00,0.00,0,"2,556"
2024-10-18,AMZN,"68,477",0,0,0,0,0,0,0,0,0,nan,0.00,0.00,"68,477",0
2024-10-18,NVDA,0,0,0,0,0,0,"43,192","9,859",0,0,nan,0.00,0.23,"43,192","9,859"
2024-10-18,PENN,0,0,0,0,0,0,0,0,"29,274",0,nan,0.00,0.00,"29,274",0
2024-10-18,WDC,0,0,0,0,0,0,0,0,"24,324",0,nan,0.00,0.00,"24,324",0
2024-10-18,BILI,0,0,0,0,"14,012",0,0,0,0,"10,828",nan,0.00,0.00,"14,012","10,828"
2024-10-18,NKE,"10,736",0,0,0,0,0,0,0,0,0,nan,0.00,0.00,"10,736",0
2024-10-18,INTC,0,0,0,0,"6,401",0,0,0,0,0,nan,0.00,0.00,"6,401",0
2024-10-18,AMAT,0,0,0,0,0,0,"6,148",0,0,0,nan,0.00,0.00,"6,148",0
2024-10-18,OCGN,0,0,0,0,"5,847",0,0,0,0,0,nan,0.00,0.00,"5,847",0
2024-10-18,PZZA,"4,000",0,0,0,0,0,0,0,0,0,nan,0.00,0.00,"4,000",0
2024-10-18,DIS,0,0,0,0,0,0,"3,896",0,0,0,nan,0.00,0.00,"3,896",0
2024-10-18,JD,0,"3,551","3,883",913,0,0,0,0,0,0,nan,0.00,0.00,"3,883","4,464"
2024-10-18,SONY,0,0,0,0,0,0,877,0,"2,640",0,nan,0.00,0.00,"3,517",0
2024-10-18,LQDA,0,0,"3,035",0,0,0,0,0,0,0,nan,0.00,0.00,"3,035",0
2024-10-18,GME,0,0,0,0,0,0,0,0,"2,614",0,nan,0.00,0.00,"2,614",0
2024-10-18,TSLA,0,0,0,"5,181",0,0,"2,560",0,0,0,nan,0.00,0.00,"2,560","5,181"
2024-10-18,PLTR,0,0,"2,262",0,0,0,0,0,0,0,nan,0.00,0.00,"2,262",0
2024-10-18,GFI,0,0,"2,065",0,0,0,0,0,0,0,nan,0.00,0.00,"2,065",0
2024-10-18,RILY,0,0,0,0,"1,946",0,0,0,0,0,nan,0.00,0.00,"1,946",0
2024-10-18,SPCE,0,0,0,0,0,0,0,0,"1,024",0,nan,0.00,0.00,"1,024",0
2024-10-18,HOOD,758,0,0,0,0,0,0,0,0,0,nan,0.00,0.00,758,0
2024-10-18,AI,0,0,730,0,0,0,0,0,0,0,nan,0.00,0.00,730,0
2024-10-18,CRM,0,0,511,0,0,0,0,0,0,0,nan,0.00,0.00,511,0
2024-10-18,RBLX,0,0,0,0,0,0,500,0,0,0,nan,0.00,0.00,500,0
2024-10-18,AAPL,0,0,0,0,0,982,0,0,0,0,nan,0.00,0.00,0,982
2024-10-18,IMCR,0,"2,000",0,0,0,0,0,0,0,0,nan,0.00,0.00,0,"2,000"
2024-10-18,WYNN,0,0,0,"3,592",0,0,0,0,0,0,nan,0.00,0.00,0,"3,592"
2024-10-18,ZTS,0,0,0,0,0,0,0,0,0,"1,390",nan,0.00,0.00,0,"1,390"
2024-11-15,HOOD,0,0,0,0,0,0,"28,461",0,0,0,nan,0.00,0.00,"28,461",0
2024-11-15,GTLB,"22,947",0,0,0,0,0,0,0,0,0,nan,0.00,0.00,"22,947",0
2024-11-15,VKTX,0,0,0,0,0,0,0,0,"15,746",0,nan,0.00,0.00,"15,746",0
2024-11-15,TSLA,"1,174",0,"2,717","5,797",0,0,"11,226",530,0,0,nan,0.00,0.05,"15,117","6,327"
2024-11-15,CAMT,0,0,0,0,0,0,"11,665",0,0,0,nan,0.00,0.00,"11,665",0
2024-11-15,BRK.B,0,0,0,0,0,0,0,0,"8,802",0,nan,0.00,0.00,"8,802",0
2024-11-15,GLW,0,0,0,0,0,0,"6,660",0,0,0,nan,0.00,0.00,"6,660",0
2024-11-15,DHI,0,0,0,0,0,0,0,0,"4,528",0,nan,0.00,0.00,"4,528",0
2024-11-15,RCM,0,0,0,0,0,0,"3,297",0,0,0,nan,0.00,0.00,"3,297",0
2024-11-15,NVDA,0,0,0,0,0,0,0,0,"1,578",0,nan,0.00,0.00,"1,578",0
2024-11-15,LL,0,0,0,0,"1,476",0,0,0,0,0,nan,0.00,0.00,"1,476",0
2024-11-15,HLN,0,0,0,0,0,0,0,0,"1,420",0,nan,0.00,0.00,"1,420",0
2024-11-15,RF,0,0,0,0,0,0,0,0,"1,310",0,nan,0.00,0.00,"1,310",0
2024-11-15,PLTR,0,0,783,0,0,0,0,0,0,0,nan,0.00,0.00,783,0
2024-11-15,RTX,0,0,0,0,604,0,0,0,0,0,nan,0.00,0.00,604,0
2024-11-15,CPRI,0,0,0,0,0,0,501,0,0,"2,334",nan,0.00,0.00,501,"2,334"
2024-11-15,AAPL,0,0,0,0,0,0,0,513,0,0,nan,0.00,0.00,0,513
2024-11-15,C,0,0,0,0,0,0,0,0,0,"51,960",nan,0.00,0.00,0,"51,960"
2024-11-15,WULF,0,0,0,0,0,0,0,0,0,"2,000",nan,0.00,0.00,0,"2,000"
2024-11-15,YETI,0,0,0,0,0,0,0,"4,005",0,0,nan,0.00,0.00,0,"4,005"
2024-12-20,BIDU,"2,567",0,"1,271",0,0,0,0,0,"234,606",0,nan,0.00,0.00,"238,444",0
2024-12-20,RKT,0,0,0,0,0,0,0,0,"48,986",0,nan,0.00,0.00,"48,986",0
2024-12-20,CORZ,0,0,0,0,"8,293",0,0,0,"7,150",0,nan,0.00,0.00,"15,443",0
2024-12-20,UAL,0,0,0,0,0,0,"7,285",0,0,"1,090",nan,0.00,0.00,"7,285","1,090"
2024-12-20,PBI,0,0,0,0,0,0,"7,275",0,0,0,nan,0.00,0.00,"7,275",0
2024-12-20,AMD,0,0,0,0,"5,610",0,0,0,0,0,nan,0.00,0.00,"5,610",0
2024-12-20,NVDA,0,0,"3,015",0,0,0,0,0,"2,302",0,nan,0.00,0.00,"5,317",0
2024-12-20,PARA,0,0,"4,633","11,768",0,0,0,0,0,0,nan,0.00,0.00,"4,633","11,768"
2024-12-20,BTI,0,0,0,0,0,0,0,0,"4,362",0,nan,0.00,0.00,"4,362",0
2024-12-20,CVX,0,0,0,0,"2,574",0,0,0,0,0,nan,0.00,0.00,"2,574",0
2024-12-20,MRVL,0,0,0,0,0,0,"2,178",0,0,0,nan,0.00,0.00,"2,178",0
2024-12-20,LUNR,0,0,0,0,"1,925",0,0,0,0,0,nan,0.00,0.00,"1,925",0
2024-12-20,OKLO,0,0,"1,615",0,0,0,0,0,0,0,nan,0.00,0.00,"1,615",0
2024-12-20,MAXN,0,0,0,0,"1,591",0,0,0,0,0,nan,0.00,0.00,"1,591",0
2024-12-20,BRFS,900,0,0,0,0,0,0,0,0,0,nan,0.00,0.00,900,0
2024-12-20,CMA,0,0,710,0,0,0,0,0,0,0,nan,0.00,0.00,710,0
2024-12-20,AFRM,0,0,533,0,0,0,0,0,0,0,nan,0.00,0.00,533,0
2024-12-20,AAPL,0,0,0,676,0,0,0,0,0,0,nan,0.00,0.00,0,676
2024-12-20,ENPH,0,0,0,600,0,0,0,0,0,0,nan,0.00,0.00,0,600
2024-12-20,PFE,0,0,0,0,0,0,0,0,0,"2,000",nan,0.00,0.00,0,"2,000"
2024-12-20,TSLA,0,0,0,"1,572",0,0,0,0,0,0,nan,0.00,0.00,0,"1,572"
2025-01-17,DAL,0,0,0,0,0,0,0,0,"183,608",0,nan,0.00,0.00,"183,608",0
2025-01-17,NVDA,0,0,0,0,"13,166",0,0,0,"101,666",0,nan,0.00,0.00,"114,832",0
2025-01-17,GLW,0,0,0,0,0,0,"74,468",0,0,0,nan,0.00,0.00,"74,468",0
2025-01-17,UROY,0,0,0,0,0,0,0,0,"49,358",0,nan,0.00,0.00,"49,358",0
2025-01-17,ACI,"48,030",0,0,0,0,0,0,0,0,0,nan,0.00,0.00,"48,030",0
2025-01-17,SIRI,0,0,"36,883",0,0,0,0,0,0,0,nan,0.00,0.00,"36,883",0
2025-01-17,PLTR,0,0,0,0,0,0,0,0,"33,680",0,nan,0.00,0.00,"33,680",0
2025-01-17,DQ,0,0,0,0,0,0,0,0,"10,608",0,nan,0.00,0.00,"10,608",0
2025-01-17,BCE,0,0,0,0,0,0,0,0,"6,988",0,nan,0.00,0.00,"6,988",0
2025-01-17,TSLA,0,657,0,0,0,0,0,0,"5,424",0,nan,0.00,0.00,"5,424",657
2025-01-17,TD,0,0,0,0,"5,198",0,0,0,0,0,nan,0.00,0.00,"5,198",0
2025-01-17,CHWY,0,0,0,0,"4,612",0,0,0,0,0,nan,0.00,0.00,"4,612",0
2025-01-17,MAXN,"4,235",0,0,0,0,0,0,0,0,0,nan,0.00,0.00,"4,235",0
2025-01-17,AFRM,0,0,0,0,0,0,"3,742",0,0,0,nan,0.00,0.00,"3,742",0
2025-01-17,INTC,0,0,0,0,0,0,"2,475",0,0,0,nan,0.00,0.00,"2,475",0
2025-01-17,XRAY,0,0,"2,301",0,0,0,0,0,0,0,nan,0.00,0.00,"2,301",0
2025-01-17,ACHR,0,0,0,0,"2,264",0,0,0,0,0,nan,0.00,0.00,"2,264",0
2025-01-17,HE,0,0,0,0,0,0,"2,252",0,0,0,nan,0.00,0.00,"2,252",0
2025-01-17,MBI,0,0,"2,116",0,0,0,0,0,0,0,nan,0.00,0.00,"2,116",0
2025-01-17,CXW,0,0,0,0,0,0,0,0,"1,400",0,nan,0.00,0.00,"1,400",0
2025-01-17,APLS,0,0,"1,061",0,0,0,0,0,0,0,nan,0.00,0.00,"1,061",0
2025-01-17,VZ,0,0,"1,011",0,0,0,0,0,0,0,nan,0.00,0.00,"1,011",0
2025-01-17,TECK,0,0,0,0,0,0,"1,009",0,0,0,nan,0.00,0.00,"1,009",0
2025-01-17,POET,0,0,0,0,0,0,923,0,0,0,nan,0.00,0.00,923,0
2025-01-17,T,0,0,0,0,0,0,541,0,0,0,nan,0.00,0.00,541,0
2025-01-17,ANVS,0,"2,157",0,0,0,0,0,0,0,0,nan,0.00,0.00,0,"2,157"
2025-01-17,BILI,0,0,0,0,0,"1,053",0,0,0,0,nan,0.00,0.00,0,"1,053"
2025-01-17,ENVX,0,0,0,0,0,0,0,"23,446",0,0,nan,0.00,0.00,0,"23,446"
2025-01-17,JMIA,0,0,0,0,0,0,0,0,0,"4,242",nan,0.00,0.00,0,"4,242"
2025-01-17,MARA,0,0,0,"1,960",0,0,0,0,0,0,nan,0.00,0.00,0,"1,960"
2025-01-17,NWL,0,0,0,0,0,0,0,"3,273",0,0,nan,0.00,0.00,0,"3,273"
2025-01-17,RIVN,0,611,0,0,0,0,0,0,0,0,nan,0.00,0.00,0,611
2025-01-17,TAP,0,0,0,0,0,581,0,0,0,0,nan,0.00,0.00,0,581
2025-02-21,HOOD,0,0,0,0,0,0,"86,936",0,0,0,nan,0.00,0.00,"86,936",0
2025-02-21,TSM,0,0,0,0,0,0,0,0,"4,606",0,nan,0.00,0.00,"4,606",0
2025-02-21,AAL,0,0,0,0,0,0,0,685,0,0,nan,0.00,0.00,0,685
2025-03-21,TSLA,"1,264",0,0,0,"24,339",0,0,0,0,0,nan,0.00,0.00,"25,603",0
2025-03-21,MSFT,0,0,0,0,0,0,0,0,"5,170",0,nan,0.00,0.00,"5,170",0
2025-03-21,CCJ,0,0,0,0,0,0,0,0,"1,126",0,nan,0.00,0.00,"1,126",0
2025-03-21,AAL,0,0,0,"5,867",0,0,0,0,0,0,nan,0.00,0.00,0,"5,867"
2025-03-21,RIVN,0,0,0,"7,251",0,0,0,0,0,0,nan,0.00,0.00,0,"7,251"
2025-06-20,TSLA,0,0,"88,362",0,0,0,"2,735",0,0,0,nan,0.00,0.00,"91,097",0
2025-06-20,INTC,0,0,0,0,0,0,0,0,"18,924",0,nan,0.00,0.00,"18,924",0
2025-06-20,RIVN,"8,097",0,0,0,0,0,0,0,0,0,nan,0.00,0.00,"8,097",0
2025-06-20,PCG,0,0,0,0,0,0,0,0,"8,004",0,nan,0.00,0.00,"8,004",0
2025-06-20,BIDU,"5,377",0,0,0,0,0,0,0,0,0,nan,0.00,0.00,"5,377",0
2025-06-20,PATH,0,0,"1,800",0,0,0,0,0,0,0,nan,0.00,0.00,"1,800",0
2025-06-20,MAXN,0,0,0,0,0,0,0,0,"1,188",0,nan,0.00,0.00,"1,188",0
2025-06-20,MU,916,0,0,0,0,0,0,0,0,0,nan,0.00,0.00,916,0
2025-06-20,AMAT,0,0,0,0,505,0,0,0,0,0,nan,0.00,0.00,505,0
2025-06-20,AAPL,0,0,0,"1,028",0,0,0,0,0,0,nan,0.00,0.00,0,"1,028"
2025-06-20,CHWY,0,"1,478",0,0,0,0,0,0,0,0,nan,0.00,0.00,0,"1,478"
2025-06-20,CLF,0,0,0,0,0,0,0,0,0,"1,260",nan,0.00,0.00,0,"1,260"
2025-06-20,CMG,0,0,0,0,0,"3,204",0,0,0,0,nan,0.00,0.00,0,"3,204"
2025-06-20,CTRA,0,0,0,0,0,0,0,"4,000",0,0,nan,0.00,0.00,0,"4,000"
2025-06-20,DELL,0,0,0,0,0,0,0,0,0,"1,200",nan,0.00,0.00,0,"1,200"
2025-06-20,EXPE,0,0,0,0,0,0,0,"1,583",0,0,nan,0.00,0.00,0,"1,583"
2025-06-20,HPQ,0,0,0,0,0,"1,056",0,0,0,0,nan,0.00,0.00,0,"1,056"
2025-06-20,STLA,0,0,0,0,0,0,0,0,0,"1,580",nan,0.00,0.00,0,"1,580"
2025-06-20,WBA,0,0,0,0,0,"2,155",0,0,0,0,nan,0.00,0.00,0,"2,155"
2025-06-20,WYNN,0,0,0,0,0,721,0,0,0,0,nan,0.00,0.00,0,721
2025-09-19,NVDA,0,0,0,0,0,0,0,0,"4,106",0,nan,0.00,0.00,"4,106",0
2025-09-19,AAPL,0,0,"3,483",0,0,0,0,0,0,0,nan,0.00,0.00,"3,483",0
2025-09-19,INTC,0,0,0,0,0,0,"3,079",0,0,0,nan,0.00,0.00,"3,079",0
2025-09-19,MSFT,0,0,0,0,"2,229",0,0,0,0,0,nan,0.00,0.00,"2,229",0
2025-09-19,BA,0,0,"1,511",0,0,0,0,0,0,0,nan,0.00,0.00,"1,511",0
2025-09-19,CVS,0,0,0,0,0,0,0,0,0,"2,854",nan,0.00,0.00,0,"2,854"
2025-09-19,TSLA,0,705,0,0,0,0,0,"2,248",0,0,nan,0.00,0.00,0,"2,953"
2025-10-17,PAA,0,0,0,0,"1,000",0,0,0,0,0,nan,0.00,0.00,"1,000",0
2025-12-19,MU,0,0,0,0,0,0,0,0,"3,996",0,nan,0.00,0.00,"3,996",0
2025-12-19,AAPL,0,0,0,0,0,600,0,0,0,0,nan,0.00,0.00,0,600
2025-12-19,FCX,0,0,0,0,0,0,0,0,0,"2,002",nan,0.00,0.00,0,"2,002"
2026-01-16,AAPL,0,0,0,0,0,600,"71,977",0,0,0,nan,0.00,0.00,"71,977",600
2026-01-16,FUTU,0,0,"29,944",0,0,0,0,0,0,0,nan,0.00,0.00,"29,944",0
2026-01-16,BTBT,0,0,"16,210",0,0,0,0,0,0,0,nan,0.00,0.00,"16,210",0
2026-01-16,ZI,0,0,0,0,0,0,0,0,"9,972",0,nan,0.00,0.00,"9,972",0
2026-01-16,EOSE,0,0,0,0,"8,568",0,0,0,0,0,nan,0.00,0.00,"8,568",0
2026-01-16,GPRE,0,0,0,0,0,0,"7,738",0,0,0,nan,0.00,0.00,"7,738",0
2026-01-16,ZM,0,0,0,0,0,0,0,0,"3,152",0,nan,0.00,0.00,"3,152",0
2026-01-16,SBUX,0,0,0,0,0,0,0,0,"2,810",0,nan,0.00,0.00,"2,810",0
2026-01-16,NKE,"1,702",0,0,0,0,0,0,0,0,"2,734",nan,0.00,0.00,"1,702","2,734"
2026-01-16,OXY,0,0,0,0,0,0,"1,662",0,0,0,nan,0.00,0.00,"1,662",0
2026-01-16,MAXN,0,0,"1,555",0,0,0,0,0,0,0,nan,0.00,0.00,"1,555",0
2026-01-16,KO,0,0,0,0,0,0,0,0,"1,002",0,nan,0.00,0.00,"1,002",0
2026-01-16,BAC,0,0,0,0,0,0,0,579,0,0,nan,0.00,0.00,0,579
2026-01-16,IREN,0,0,0,0,0,0,0,0,0,"1,782",nan,0.00,0.00,0,"1,782"
2026-01-16,MRVL,0,0,0,0,0,0,0,0,0,"5,202",nan,0.00,0.00,0,"5,202"
2026-01-16,TSLA,0,"3,021",0,0,0,0,0,0,0,0,nan,0.00,0.00,0,"3,021"
2026-01-16,UAA,0,0,0,0,0,0,0,"3,025",0,0,nan,0.00,0.00,0,"3,025"
2026-12-18,TSLA,0,0,0,0,0,0,"5,407",0,0,0,nan,0.00,0.00,"5,407",0
2026-12-18,AAPL,0,0,"5,310",0,0,606,0,0,0,0,nan,0.00,0.00,"5,310",606
2026-12-18,SBUX,0,0,0,0,0,0,0,0,0,"1,630",nan,0.00,0.00,0,"1,630"
