Report Date,Time,Stock Symbol,Stock Last Price,Type,Strike Price,Volume,Expiration Date,Days To Expiration,Bid Price,Midpoint,Ask Price,Last Price,Open Interest,VOI Ratio,Volatility,Delta
07/23/2024,2024-07-2310:02 EST,PLTR,28.98,Call,29,22725,2024-07-26,3,0.5,0.51,0.51,0.51,17214,1.32,0.5975,0.449111
07/23/2024,2024-07-2310:02 EST,DASH,106.55,Call,112,8187,2024-07-26,3,0.29,0.3,0.3,0.3,279,29.34,0.5265,0.122606
07/23/2024,2024-07-2310:02 EST,CVNA,128.33,Call,135,4669,2024-07-26,3,1.81,1.83,1.84,1.84,1628,2.87,0.8202,0.309177
07/23/2024,2024-07-2310:02 EST,CRWD,272.39,Put,260,4952,2024-07-26,3,5,5.23,5.45,5.2,2596,1.91,0.9555,-0.32521
07/23/2024,2024-07-2310:02 EST,SPOT,333.48,Call,360,662,2024-07-26,3,0.3,0.67,1.03,0.5,352,1.88,0.5802,0.066599
07/23/2024,2024-07-2310:02 EST,CRWD,272.39,Put,255,2097,2024-07-26,3,3.4,3.63,3.85,3.6,1629,1.29,0.9532,-0.248604
07/23/2024,2024-07-2310:02 EST,CRWD,272.39,Put,250,7821,2024-07-26,3,2.5,2.62,2.73,2.68,5954,1.31,0.9962,-0.191388
07/23/2024,2024-07-2310:02 EST,SPOT,333.48,Put,310,696,2024-07-26,3,0.55,0.74,0.92,0.92,162,4.3,0.6143,-0.102182
07/23/2024,2024-07-2310:02 EST,DIS,91.37,Call,95,5185,2024-08-02,10,0.44,0.49,0.53,0.47,1066,4.86,0.2746,0.205577
07/23/2024,2024-07-2310:02 EST,CRWD,272.39,Call,300,7098,2024-07-26,3,1.85,1.93,2,1.85,5372,1.32,1.0685,0.144156
07/23/2024,2024-07-2310:02 EST,CRWD,272.39,Call,270,4941,2024-07-26,3,9,9.2,9.4,9.01,2538,1.95,0.9542,0.507206
07/23/2024,2024-07-2310:02 EST,SAVE,2.81,Call,3,5071,2024-08-02,10,0.12,0.14,0.15,0.13,743,6.83,1.178,0.382682
07/23/2024,2024-07-2310:02 EST,GM,46.49,Call,50,2743,2024-08-02,10,0.15,0.16,0.18,0.18,2065,1.33,0.3736,0.128674
07/23/2024,2024-07-2310:02 EST,GE,173.67,Call,170,2560,2024-07-26,3,3.2,3.35,3.5,3.5,1758,1.46,0.4745,0.567276
07/23/2024,2024-07-2310:02 EST,GE,173.67,Call,175,8067,2024-07-26,3,1.19,1.27,1.34,1.15,815,9.9,0.4471,0.295312
07/23/2024,2024-07-2310:02 EST,RBLX,40.7,Put,39.5,1549,2024-07-26,3,0.32,0.33,0.35,0.35,797,1.94,0.5577,-0.270843
07/23/2024,2024-07-2310:02 EST,GM,46.49,Call,49.5,5072,2024-08-02,10,0.21,0.23,0.25,0.22,311,16.31,0.3595,0.156134
07/23/2024,2024-07-2310:02 EST,CRWD,272.39,Call,260,1749,2024-07-26,3,14.35,14.68,15,14.6,594,2.94,0.9551,0.67511
07/23/2024,2024-07-2310:02 EST,VST,79.31,Put,76,505,2024-07-26,3,0.45,0.5,0.55,0.51,370,1.36,0.5876,-0.208524
07/23/2024,2024-07-2310:02 EST,TSLA,248.65,Call,255,22726,2024-07-26,3,9.7,9.75,9.8,9.75,10136,2.24,1.3558,0.452404
07/23/2024,2024-07-2310:02 EST,CRWD,272.39,Call,285,1447,2024-07-26,3,4.05,4.23,4.4,4.2,1023,1.41,1.0128,0.28544
07/23/2024,2024-07-2310:02 EST,SMCI,784,Call,775,611,2024-07-26,3,29.5,30,30.5,29.85,270,2.26,1.0146,0.533564
07/23/2024,2024-07-2310:02 EST,MRVL,69.79,Call,71,11907,2024-07-26,3,0.74,0.75,0.75,0.75,836,14.24,0.552,0.335332
07/23/2024,2024-07-2310:02 EST,GM,46.49,Call,47,1287,2024-07-26,3,0.58,0.71,0.84,0.65,540,2.38,0.5214,0.418132
07/23/2024,2024-07-2310:02 EST,FCX,44.38,Put,43,523,2024-07-26,3,0.32,0.34,0.36,0.32,319,1.64,0.4485,-0.282247
07/23/2024,2024-07-2310:02 EST,COF,146.78,Call,145,1920,2024-07-26,3,4.1,4.15,4.2,4.1,143,13.43,0.6285,0.581561
07/23/2024,2024-07-2310:02 EST,AMZN,189.26,Call,190,35362,2024-07-26,3,1.63,1.64,1.65,1.65,27946,1.27,0.3983,0.363755
07/23/2024,2024-07-2310:02 EST,UPS,127.61,Put,127,2148,2024-07-26,3,1.4,1.44,1.49,1.45,584,3.68,0.4305,-0.398389
07/23/2024,2024-07-2310:02 EST,UPS,127.61,Put,125,8381,2024-07-26,3,0.71,0.75,0.79,0.75,527,15.9,0.4239,-0.250176
07/23/2024,2024-07-2310:02 EST,DIS,91.37,Put,89,1284,2024-07-26,3,0.24,0.26,0.28,0.25,393,3.27,0.3149,-0.175594
07/23/2024,2024-07-2310:02 EST,LMT,489.53,Call,500,597,2024-07-26,3,1.6,1.75,1.9,1.74,298,2,0.275,0.243192
07/23/2024,2024-07-2310:02 EST,AMZN,189.26,Call,187.5,16295,2024-07-26,3,2.7,2.72,2.73,2.71,11342,1.44,0.3997,0.507363
07/23/2024,2024-07-2310:02 EST,ENPH,103.96,Put,90,1233,2024-07-26,3,1.26,1.31,1.35,1.31,956,1.29,1.6779,-0.149039
07/23/2024,2024-07-2310:02 EST,CCL,19.44,Call,20,2153,2024-08-02,10,0.28,0.3,0.31,0.3,1186,1.82,0.4862,0.313984
07/23/2024,2024-07-2310:02 EST,TWLO,60.1,Call,61,9886,2024-07-26,3,0.42,0.44,0.45,0.43,250,39.54,0.4157,0.304983
07/23/2024,2024-07-2310:02 EST,DIS,91.37,Call,92,1070,2024-07-26,3,0.69,0.72,0.74,0.72,231,4.63,0.3034,0.405881
07/23/2024,2024-07-2310:01 EST,VRT,91.69,Call,150,5708,2024-09-20,59,0.6,0.63,0.65,0.65,198,28.83,0.7235,0.062765
07/23/2024,2024-07-2310:01 EST,GE,173.67,Call,175,2489,2024-08-16,24,3.95,4.03,4.1,3.7,1661,1.5,0.3159,0.418371
07/23/2024,2024-07-2310:01 EST,CRWD,272.39,Call,265,3102,2024-07-26,3,11.3,11.63,11.95,11.8,1643,1.89,0.9767,0.591265
07/23/2024,2024-07-2310:01 EST,SPOT,333.48,Call,350,1446,2024-07-26,3,1.34,1.66,1.97,1.53,546,2.65,0.5821,0.167843
07/23/2024,2024-07-2310:01 EST,ABNB,150.7,Call,155,6103,2024-07-26,3,0.35,0.36,0.37,0.35,1196,5.1,0.3583,0.142727
07/23/2024,2024-07-2310:01 EST,BABA,75.67,Put,60,1291,2025-01-17,178,1.05,1.12,1.18,1.17,864,1.49,0.3129,-0.127156
07/23/2024,2024-07-2310:01 EST,GM,46.49,Call,49,2577,2024-10-18,87,1.52,1.69,1.85,1.68,814,3.17,0.2775,0.402449
07/23/2024,2024-07-2310:01 EST,UBER,68.84,Call,69,1957,2024-07-26,3,1.02,1.06,1.09,1.05,1452,1.35,0.4721,0.473378
07/23/2024,2024-07-2310:01 EST,GM,46.49,Call,47.5,3967,2024-07-26,3,0.43,0.46,0.5,0.52,200,19.84,0.5172,0.331995
07/23/2024,2024-07-2310:01 EST,UPS,127.61,Put,130,2576,2024-07-26,3,3,3.13,3.25,3.2,1766,1.46,0.4655,-0.622476
07/23/2024,2024-07-2310:01 EST,CRWD,272.39,Call,265,2122,2024-08-02,10,15.3,15.88,16.45,15.71,480,4.42,0.7515,0.580507
07/23/2024,2024-07-2310:01 EST,FCX,44.38,Call,44,948,2024-07-26,3,0.72,0.75,0.78,0.73,146,6.49,0.464,0.504962
07/23/2024,2024-07-2310:01 EST,UPS,127.61,Put,128,1990,2024-07-26,3,1.82,1.92,2.02,1.98,612,3.25,0.4471,-0.477691
07/23/2024,2024-07-2310:01 EST,CRWD,272.39,Call,260,529,2024-08-02,10,18.05,18.48,18.9,18.5,131,4.04,0.7507,0.639306
07/23/2024,2024-07-2310:01 EST,ZETA,21.59,Put,17.5,5213,2024-08-16,24,0.5,0.58,0.65,0.68,106,49.18,0.9717,-0.177777
07/23/2024,2024-07-2310:01 EST,UPS,127.61,Put,129,1227,2024-07-26,3,2.21,2.55,2.9,2.62,192,6.39,0.4706,-0.550589
07/23/2024,2024-07-2310:01 EST,RBLX,40.7,Put,40.5,650,2024-07-26,3,0.64,0.69,0.74,0.62,513,1.27,0.5311,-0.452839
07/23/2024,2024-07-2310:01 EST,DAL,43.62,Put,43.5,1655,2024-07-26,3,0.62,0.65,0.68,0.64,1332,1.24,0.3417,-0.552461
07/23/2024,2024-07-2310:01 EST,SPOT,333.48,Call,370,554,2024-07-26,3,0.15,0.27,0.39,0.25,174,3.18,0.6395,0.033651
07/23/2024,2024-07-2310:01 EST,UPS,127.61,Put,123,962,2024-07-26,3,0.34,0.37,0.39,0.39,566,1.7,0.4399,-0.145656
07/23/2024,2024-07-2310:01 EST,UPS,127.61,Call,135,737,2024-07-26,3,0.17,0.19,0.21,0.2,202,3.65,0.4199,0.08978
07/23/2024,2024-07-2310:01 EST,SMCI,784,Call,770,686,2024-07-26,3,31.9,32.45,33,33,221,3.1,1.036,0.560934
07/23/2024,2024-07-2310:01 EST,SPOT,333.48,Put,300,603,2024-07-26,3,0.2,0.25,0.29,0.24,279,2.16,0.6177,-0.032309
07/23/2024,2024-07-2310:01 EST,UPS,127.61,Put,124,619,2024-07-26,3,0.47,0.54,0.62,0.48,368,1.68,0.4111,-0.181582
07/23/2024,2024-07-2310:01 EST,MET,75.09,Put,75,1300,2026-01-16,542,5.7,7.15,8.6,7.3,293,4.44,0.238,-0.4024
07/23/2024,2024-07-2310:01 EST,MET,75.09,Call,75,1300,2026-01-16,542,9,9.4,9.8,9.6,1021,1.27,0.241,0.580502
07/23/2024,2024-07-2310:01 EST,DIS,91.37,Call,93,1144,2024-07-26,3,0.38,0.41,0.43,0.37,295,3.88,0.3063,0.265983
07/23/2024,2024-07-2310:01 EST,GM,46.49,Call,48.5,578,2024-07-26,3,0.18,0.21,0.24,0.23,376,1.54,0.5236,0.192852
07/23/2024,2024-07-2310:01 EST,UPS,127.61,Put,126,1221,2024-07-26,3,1,1.14,1.28,1.29,160,7.63,0.446,-0.327987
07/23/2024,2024-07-2310:01 EST,AA,33.86,Call,34.5,522,2024-07-26,3,0.37,0.38,0.39,0.35,203,2.57,0.5659,0.339592
07/23/2024,2024-07-2310:00 EST,MRVL,69.79,Call,72,1350,2024-07-26,3,0.47,0.48,0.49,0.54,724,1.86,0.5518,0.240421
07/23/2024,2024-07-2310:00 EST,AXP,247.62,Put,230,507,2024-11-15,115,5.45,5.55,5.65,5.7,242,2.1,0.245,-0.25626
07/23/2024,2024-07-2310:00 EST,GM,46.49,Call,48,668,2024-08-02,10,0.5,0.53,0.57,0.5,346,1.93,0.3463,0.303471
07/23/2024,2024-07-2310:00 EST,UPS,127.61,Call,134,511,2024-07-26,3,0.21,0.26,0.3,0.32,150,3.41,0.4005,0.114241
07/23/2024,2024-07-2310:00 EST,AZN,78.67,Put,72.5,4901,2024-08-16,24,0.4,0.43,0.45,0.43,257,19.07,0.299,-0.136129
07/23/2024,2024-07-2310:00 EST,JD,26.12,Put,25,579,2024-08-02,10,0.2,0.21,0.22,0.21,403,1.44,0.3672,-0.222389
07/23/2024,2024-07-2310:00 EST,THC,138.72,Call,140,1470,2024-08-16,24,5.8,5.95,6.1,6.11,883,1.66,0.4681,0.489615
07/23/2024,2024-07-2310:00 EST,NCLH,20.4,Put,19,648,2024-08-02,10,0.5,0.52,0.53,0.5,189,3.43,0.7768,-0.287416
07/23/2024,2024-07-2310:00 EST,DIS,91.37,Call,90,954,2024-07-26,3,1.82,2.07,2.31,1.65,167,5.71,0.3867,0.672484
07/23/2024,2024-07-2309:59 EST,STLA,19.83,Put,18,517,2024-09-20,59,0.25,0.28,0.3,0.25,313,1.65,0.3146,-0.174318
07/23/2024,2024-07-2309:59 EST,CVNA,128.33,Put,117,553,2024-07-26,3,0.32,0.38,0.44,0.35,318,1.74,0.8236,-0.077765
07/23/2024,2024-07-2309:59 EST,GE,173.16,Call,175,2177,2024-08-16,24,4.15,4.3,4.45,4.24,1661,1.31,0.3121,0.435758
07/23/2024,2024-07-2309:59 EST,GE,173.16,Call,170,2330,2024-07-26,3,3.65,3.8,3.95,3.84,1758,1.33,0.4674,0.603191
07/23/2024,2024-07-2309:59 EST,GE,173.16,Call,175,7822,2024-07-26,3,1.5,1.53,1.55,1.55,815,9.6,0.4614,0.33411
07/23/2024,2024-07-2309:59 EST,DASH,106.2,Call,112,2808,2024-07-26,3,0.29,0.3,0.31,0.31,279,10.06,0.5329,0.124761
07/23/2024,2024-07-2309:59 EST,GM,46.38,Call,47,1158,2024-07-26,3,0.6,0.64,0.68,0.64,540,2.14,0.5279,0.41059
07/23/2024,2024-07-2309:59 EST,CRWD,271.2,Put,260,4865,2024-07-26,3,5,5.08,5.15,5,2596,1.87,0.9193,-0.325831
07/23/2024,2024-07-2309:59 EST,CRWD,271.2,Call,270,4627,2024-07-26,3,9.15,9.43,9.7,9.35,2538,1.82,1.0081,0.502805
07/23/2024,2024-07-2309:59 EST,CRWD,271.2,Call,260,1702,2024-07-26,3,14.65,15.15,15.65,14.87,594,2.87,1.0131,0.662182
07/23/2024,2024-07-2309:59 EST,CRWD,271.2,Put,255,2048,2024-07-26,3,3.25,3.43,3.6,3.6,1629,1.26,0.9415,-0.251295
07/23/2024,2024-07-2309:59 EST,DIS,91.55,Call,92,750,2024-07-26,3,0.65,0.67,0.68,0.66,231,3.25,0.3068,0.379742
07/23/2024,2024-07-2309:59 EST,CRWD,271.2,Call,265,2755,2024-07-26,3,11.8,11.93,12.05,11.8,1643,1.68,0.9992,0.584205
07/23/2024,2024-07-2309:59 EST,FCX,44.31,Put,43,519,2024-07-26,3,0.34,0.36,0.38,0.35,319,1.63,0.4738,-0.289249
07/23/2024,2024-07-2309:59 EST,AMZN,188.8,Call,187.5,14918,2024-07-26,3,3.15,3.18,3.2,3.15,11342,1.32,0.4214,0.53881
07/23/2024,2024-07-2309:59 EST,COF,147.05,Call,145,1876,2024-07-26,3,4,4.05,4.1,4.1,143,13.12,0.6889,0.552608
07/23/2024,2024-07-2309:58 EST,ABNB,150.85,Call,155,6055,2024-07-26,3,0.35,0.37,0.39,0.39,1196,5.06,0.3664,0.152956
07/23/2024,2024-07-2309:58 EST,GM,46.38,Call,47.5,3828,2024-07-26,3,0.4,0.45,0.49,0.45,200,19.14,0.5181,0.324025
07/23/2024,2024-07-2309:58 EST,LMT,490.61,Call,500,558,2024-07-26,3,1.05,1.28,1.5,1.45,298,1.87,0.2889,0.204129
07/23/2024,2024-07-2309:58 EST,CCL,19.42,Call,20,2068,2024-08-02,10,0.28,0.29,0.29,0.29,1186,1.74,0.493,0.303874
07/23/2024,2024-07-2309:58 EST,RBLX,40.7,Put,39,847,2024-07-26,3,0.22,0.25,0.27,0.28,676,1.25,0.5758,-0.201304
07/23/2024,2024-07-2309:58 EST,DIS,91.55,Put,89,1272,2024-07-26,3,0.26,0.28,0.29,0.25,393,3.24,0.3112,-0.191346
07/23/2024,2024-07-2309:58 EST,DIS,91.55,Call,93,1073,2024-07-26,3,0.35,0.38,0.4,0.36,295,3.64,0.3066,0.243435
07/23/2024,2024-07-2309:58 EST,CVNA,128.87,Put,117,546,2024-07-26,3,0.28,0.34,0.4,0.4,318,1.72,0.8438,-0.085271
07/23/2024,2024-07-2309:57 EST,NVDA,124.27,Put,160,2000,2024-09-20,59,37.05,37.22,37.4,36.85,1161,1.72,0.5152,-0.888643
07/23/2024,2024-07-2309:58 EST,CRWD,271.2,Call,265,2072,2024-08-02,10,16,16.38,16.75,16.85,480,4.32,0.8017,0.574682
07/23/2024,2024-07-2309:57 EST,JD,26.1,Put,25,578,2024-08-02,10,0.21,0.22,0.22,0.23,403,1.43,0.3719,-0.224122
07/23/2024,2024-07-2309:57 EST,FCX,44.31,Call,44,937,2024-07-26,3,0.68,0.72,0.76,0.6,146,6.42,0.4529,0.507994
07/23/2024,2024-07-2309:57 EST,ENPH,103.74,Put,90,1229,2024-07-26,3,1.31,1.36,1.4,1.31,956,1.29,1.6431,-0.152326
07/23/2024,2024-07-2309:57 EST,LUV,27.53,Put,28.5,2504,2024-07-26,3,1.47,1.52,1.56,1.52,219,11.43,0.8407,-0.686419
07/23/2024,2024-07-2309:57 EST,GM,46.38,Call,48.5,569,2024-07-26,3,0.2,0.22,0.24,0.24,376,1.51,0.5406,0.194737
07/23/2024,2024-07-2309:57 EST,AXP,248.01,Put,230,505,2024-11-15,115,5.55,5.65,5.75,5.7,242,2.09,0.243,-0.263884
07/23/2024,2024-07-2309:57 EST,CRWD,271.2,Call,260,510,2024-08-02,10,17.75,18.53,19.3,19.8,131,3.89,0.766,0.633557
07/23/2024,2024-07-2309:57 EST,IVZ,16.9,Put,15,10002,2024-10-18,87,0.25,0.28,0.3,0.3,1902,5.26,0.2865,-0.212332
07/23/2024,2024-07-2309:57 EST,GM,46.38,Call,48,648,2024-08-02,10,0.46,0.51,0.56,0.64,346,1.87,0.3556,0.302348
07/23/2024,2024-07-2309:57 EST,AZN,78.62,Put,72.5,4900,2024-08-16,24,0.41,0.43,0.45,0.42,257,19.07,0.2964,-0.134555
07/23/2024,2024-07-2309:57 EST,DIS,91.55,Call,90,944,2024-07-26,3,1.71,1.78,1.84,1.8,167,5.65,0.3384,0.670587
07/23/2024,2024-07-2309:56 EST,AA,33.87,Call,34.5,521,2024-07-26,3,0.32,0.34,0.36,0.35,203,2.57,0.5774,0.31627
07/23/2024,2024-07-2309:56 EST,TSLA,248.73,Call,255,22135,2024-07-26,3,10.05,10.13,10.2,10.1,10136,2.18,1.3653,0.460521
07/23/2024,2024-07-2309:56 EST,GM,46.38,Call,49.5,5048,2024-08-02,10,0.06,0.22,0.38,0.25,311,16.23,0.3797,0.165908
07/23/2024,2024-07-2309:56 EST,UPS,127.35,Put,123,939,2024-07-26,3,0.28,0.36,0.43,0.37,566,1.66,0.4121,-0.147644
07/23/2024,2024-07-2309:56 EST,UPS,127.35,Put,130,2507,2024-07-26,3,2.62,2.86,3.1,2.99,1766,1.42,0.3594,-0.692868
07/23/2024,2024-07-2309:56 EST,SAVE,2.82,Call,3,1159,2024-08-02,10,0.1,0.11,0.12,0.12,743,1.56,1.0735,0.381569
07/23/2024,2024-07-2309:56 EST,UPS,127.35,Call,135,617,2024-07-26,3,0.2,0.25,0.3,0.23,202,3.05,0.4533,0.094984
07/23/2024,2024-07-2309:56 EST,UPS,127.35,Put,128,1924,2024-07-26,3,1.67,1.87,2.06,1.75,612,3.14,0.3579,-0.511336
07/23/2024,2024-07-2309:56 EST,UPS,127.35,Put,127,1715,2024-07-26,3,1.19,1.32,1.45,1.3,584,2.94,0.3637,-0.416665
07/23/2024,2024-07-2309:56 EST,UPS,127.35,Put,126,1098,2024-07-26,3,0.94,1.07,1.2,0.94,160,6.86,0.3693,-0.328571
07/23/2024,2024-07-2309:56 EST,UPS,127.35,Put,125,7798,2024-07-26,3,0.66,0.73,0.8,0.64,527,14.8,0.3932,-0.260266
07/23/2024,2024-07-2309:56 EST,SMCI,786.49,Call,770,669,2024-07-26,3,31.6,32,32.4,31.95,221,3.03,0.9903,0.564253
07/23/2024,2024-07-2309:56 EST,UPS,127.35,Call,134,509,2024-07-26,3,0.28,0.36,0.43,0.4,150,3.39,0.4795,0.143212
07/23/2024,2024-07-2309:56 EST,SPOT,333.48,Call,360,643,2024-07-26,3,0.57,0.86,1.15,0.77,352,1.83,0.5977,0.093033
07/23/2024,2024-07-2309:56 EST,SPOT,333.48,Call,350,1242,2024-07-26,3,2,2.25,2.5,2.23,546,2.27,0.6108,0.216486
07/23/2024,2024-07-2309:55 EST,VRT,91.56,Call,150,5544,2024-09-20,59,0.6,0.63,0.65,0.64,198,28,0.7254,0.061977
07/23/2024,2024-07-2309:55 EST,UPS,127.35,Put,124,564,2024-07-26,3,0.45,0.51,0.56,0.43,368,1.53,0.3968,-0.194806
07/23/2024,2024-07-2309:55 EST,RBLX,40.87,Put,39.5,1360,2024-07-26,3,0.31,0.35,0.38,0.35,797,1.71,0.551,-0.273497
07/23/2024,2024-07-2309:55 EST,TWLO,60.2,Call,61,9748,2024-07-26,3,0.41,0.43,0.44,0.44,250,38.99,0.4434,0.296593
07/23/2024,2024-07-2309:55 EST,NTAP,129.29,Call,155,700,2024-09-20,59,0.45,0.53,0.6,0.6,398,1.76,0.3135,0.084848
07/23/2024,2024-07-2309:55 EST,MRVL,69.56,Call,71,11152,2024-07-26,3,0.67,0.69,0.7,0.69,836,13.34,0.5542,0.31534
07/23/2024,2024-07-2309:55 EST,THC,137.87,Call,140,1453,2024-08-16,24,5.9,6.05,6.2,6.13,883,1.65,0.4761,0.493799
07/23/2024,2024-07-2309:55 EST,KMI,21.7,Call,23,1660,2024-09-20,59,0.09,0.11,0.13,0.12,204,8.14,0.1559,0.170119
07/23/2024,2024-07-2309:55 EST,SMCI,786.49,Call,775,554,2024-07-26,3,29.1,29.55,30,29.6,270,2.05,0.9982,0.535722
07/23/2024,2024-07-2309:55 EST,SPOT,333.48,Put,300,557,2024-07-26,3,0.22,0.27,0.31,0.27,279,2,0.6671,-0.033228
07/23/2024,2024-07-2309:55 EST,SPOT,333.48,Put,310,649,2024-07-26,3,0.63,0.84,1.04,0.84,162,4.01,0.6438,-0.090491
07/23/2024,2024-07-2309:55 EST,RBLX,40.87,Put,39,843,2024-07-26,3,0.22,0.25,0.28,0.23,676,1.25,0.5554,-0.197345
07/23/2024,2024-07-2309:55 EST,UBER,68.8,Call,69,1821,2024-07-26,3,0.86,0.88,0.89,0.87,1452,1.25,0.4452,0.434995
07/23/2024,2024-07-2309:55 EST,UPS,127.35,Put,129,1218,2024-07-26,3,1.94,2.2,2.46,1.97,192,6.34,0.2781,-0.638198
07/23/2024,2024-07-2309:55 EST,MRVL,69.56,Call,72,1323,2024-07-26,3,0.42,0.44,0.45,0.44,724,1.83,0.5552,0.224311
07/23/2024,2024-07-2309:54 EST,RBLX,40.87,Put,40.5,644,2024-07-26,3,0.67,0.72,0.77,0.76,513,1.26,0.5696,-0.460358
07/23/2024,2024-07-2309:54 EST,STM,40.23,Put,38,628,2024-08-16,24,0.8,0.85,0.9,0.86,480,1.31,0.4467,-0.283149
07/23/2024,2024-07-2309:53 EST,CVNA,128.87,Call,165,1600,2024-08-16,24,2.88,3.12,3.35,2.89,408,3.92,0.9311,0.189242
07/23/2024,2024-07-2309:53 EST,STX,105.9,Put,100,1295,2024-08-16,24,2.15,2.72,3.3,2.3,262,4.94,0.4279,-0.297222
07/23/2024,2024-07-2309:53 EST,SPOT,331.49,Call,350,1072,2024-07-26,3,2.2,2.32,2.44,2.2,546,1.96,0.6083,0.214914
07/23/2024,2024-07-2309:53 EST,SMCI,783.19,Call,770,648,2024-07-26,3,30.9,31.5,32.1,31.8,221,2.93,1.0431,0.547202
07/23/2024,2024-07-2309:53 EST,LMT,492.9,Call,500,537,2024-07-26,3,0.95,1.17,1.4,1.18,298,1.8,0.2752,0.180425
07/23/2024,2024-07-2309:53 EST,TSLA,247.75,Call,255,21824,2024-07-26,3,9.85,9.9,9.95,9.9,10136,2.15,1.3746,0.453195
07/23/2024,2024-07-2309:53 EST,SMCI,783.19,Call,775,521,2024-07-26,3,28.7,29.15,29.6,29.64,270,1.93,1.037,0.519891
07/23/2024,2024-07-2309:53 EST,SPOT,331.49,Put,300,540,2024-07-26,3,0.26,0.31,0.36,0.3,279,1.94,0.6795,-0.035835
07/23/2024,2024-07-2309:53 EST,GE,172.84,Call,175,5798,2024-07-26,3,1.05,1.09,1.12,1.05,815,7.11,0.4828,0.244118
07/23/2024,2024-07-2309:53 EST,DIS,91.22,Call,92,630,2024-07-26,3,0.85,0.86,0.87,0.85,231,2.73,0.3017,0.454729
07/23/2024,2024-07-2309:53 EST,CRWD,270.56,Call,270,3361,2024-07-26,3,8.55,8.68,8.8,8.8,2538,1.32,0.9776,0.493228
07/23/2024,2024-07-2309:53 EST,RBLX,40.91,Put,39.5,1245,2024-07-26,3,0.39,0.42,0.44,0.4,797,1.56,0.5448,-0.305497
07/23/2024,2024-07-2309:53 EST,CRWD,270.56,Put,260,3954,2024-07-26,3,6.05,6.15,6.25,6.05,2596,1.52,1.0181,-0.346218
07/23/2024,2024-07-2309:53 EST,CRWD,270.56,Call,260,1572,2024-07-26,3,13.45,13.68,13.9,13.8,594,2.65,0.9308,0.66463
07/23/2024,2024-07-2309:53 EST,DIS,91.22,Call,93,941,2024-07-26,3,0.47,0.5,0.52,0.5,295,3.19,0.3079,0.30915
07/23/2024,2024-07-2309:53 EST,UPS,126.93,Put,130,2450,2024-07-26,3,2.85,2.93,3,3,1766,1.39,0.414,-0.642116
07/23/2024,2024-07-2309:53 EST,UPS,126.93,Put,125,7357,2024-07-26,3,0.79,0.8,0.81,0.79,527,13.96,0.432,-0.256505
07/23/2024,2024-07-2309:53 EST,CVNA,128.85,Call,165,1200,2024-08-16,24,2.74,2.9,3.05,2.88,408,2.94,0.9562,0.186588
07/23/2024,2024-07-2309:53 EST,UPS,126.93,Call,135,532,2024-07-26,3,0.19,0.26,0.32,0.33,202,2.63,0.4495,0.104017
07/23/2024,2024-07-2309:53 EST,KMI,21.71,Call,23,1344,2024-09-20,59,0.12,0.13,0.13,0.13,204,6.59,0.1592,0.178303
07/23/2024,2024-07-2309:52 EST,UPS,126.93,Put,124,552,2024-07-26,3,0.42,0.52,0.62,0.53,368,1.5,0.4247,-0.191265
07/23/2024,2024-07-2309:52 EST,TWLO,59.97,Call,61,9712,2024-07-26,3,0.36,0.38,0.39,0.36,250,38.85,0.4375,0.258527
07/23/2024,2024-07-2309:52 EST,UPS,126.93,Put,126,1057,2024-07-26,3,0.94,1.02,1.09,1.09,160,6.61,0.4309,-0.325762
07/23/2024,2024-07-2309:52 EST,RBLX,40.91,Put,40.5,641,2024-07-26,3,0.74,0.79,0.84,0.73,513,1.25,0.5246,-0.500026
07/23/2024,2024-07-2309:52 EST,DIS,91.22,Call,90,928,2024-07-26,3,2.07,2.11,2.15,2.12,167,5.56,0.3284,0.737619
07/23/2024,2024-07-2309:52 EST,COF,147.2,Call,145,1796,2024-07-26,3,3.8,3.85,3.9,3.85,143,12.56,0.6934,0.53054
07/23/2024,2024-07-2309:52 EST,ABNB,150.69,Call,155,5458,2024-07-26,3,0.37,0.38,0.39,0.38,1196,4.56,0.3532,0.154021
07/23/2024,2024-07-2309:52 EST,UPS,126.93,Put,127,1650,2024-07-26,3,1.23,1.37,1.5,1.51,584,2.83,0.408,-0.396979
07/23/2024,2024-07-2309:52 EST,STX,105.66,Put,100,1274,2024-08-16,24,2.3,2.38,2.45,2.35,262,4.86,0.427,-0.302812
07/23/2024,2024-07-2309:52 EST,MRVL,69.55,Call,71,10624,2024-07-26,3,0.68,0.69,0.69,0.69,836,12.71,0.5683,0.310064
07/23/2024,2024-07-2309:52 EST,VRT,91.66,Call,150,5365,2024-09-20,59,0.6,0.63,0.65,0.63,198,27.1,0.7265,0.061208
07/23/2024,2024-07-2309:52 EST,UPS,126.93,Put,123,917,2024-07-26,3,0.35,0.41,0.46,0.4,566,1.62,0.4415,-0.148265
07/23/2024,2024-07-2309:52 EST,UPS,126.93,Put,128,1842,2024-07-26,3,1.75,1.93,2.1,2,612,3.01,0.4473,-0.480761
07/23/2024,2024-07-2309:52 EST,GM,46.44,Call,47.5,569,2024-07-26,3,0.49,0.51,0.52,0.51,200,2.85,0.4609,0.382035
07/23/2024,2024-07-2309:52 EST,CCL,19.36,Call,20,2055,2024-08-02,10,0.25,0.26,0.26,0.26,1186,1.73,0.5043,0.277137
07/23/2024,2024-07-2309:52 EST,SPOT,331.49,Put,310,627,2024-07-26,3,0.8,0.96,1.12,0.98,162,3.87,0.6705,-0.099368
07/23/2024,2024-07-2309:52 EST,GM,46.44,Call,48.5,552,2024-07-26,3,0.24,0.25,0.26,0.26,376,1.47,0.4839,0.223995
07/23/2024,2024-07-2309:52 EST,CRWD,270.56,Call,265,1911,2024-08-02,10,14.4,14.95,15.5,15.75,480,3.98,0.7368,0.570684
07/23/2024,2024-07-2309:52 EST,MRVL,69.55,Call,72,1306,2024-07-26,3,0.43,0.44,0.45,0.43,724,1.8,0.5617,0.218658
07/23/2024,2024-07-2309:52 EST,DIS,91.22,Put,89,1105,2024-07-26,3,0.21,0.22,0.24,0.23,393,2.81,0.3305,-0.157579
07/23/2024,2024-07-2309:52 EST,SPOT,331.49,Call,360,603,2024-07-26,3,0.7,0.88,1.05,0.81,352,1.71,0.6062,0.095957
07/23/2024,2024-07-2309:52 EST,ENPH,103.86,Put,90,1217,2024-07-26,3,1.36,1.42,1.47,1.38,956,1.27,1.6699,-0.15666
07/23/2024,2024-07-2309:52 EST,GM,46.44,Call,48,567,2024-08-02,10,0.49,0.6,0.71,0.62,346,1.64,0.345,0.353675
07/23/2024,2024-07-2309:51 EST,FCX,44.22,Call,44,788,2024-07-26,3,0.6,0.61,0.62,0.73,146,5.4,0.4751,0.444121
07/23/2024,2024-07-2309:51 EST,EQT,35.59,Put,35,614,2024-07-26,3,0.35,0.49,0.63,0.4,324,1.9,0.5603,-0.327078
07/23/2024,2024-07-2309:50 EST,NCLH,20.37,Put,19,643,2024-08-02,10,0.51,0.54,0.57,0.57,189,3.4,0.7966,-0.311721
07/23/2024,2024-07-2309:50 EST,GM,46.44,Call,49.5,3045,2024-08-02,10,0.26,0.27,0.27,0.25,311,9.79,0.3499,0.183854
07/23/2024,2024-07-2309:50 EST,UPS,126.93,Put,129,1212,2024-07-26,3,2.22,2.47,2.72,2.98,192,6.31,0.4331,-0.559502
07/23/2024,2024-07-2309:50 EST,UPS,127.35,Put,127,1373,2024-07-26,3,1.79,1.84,1.89,1.89,584,2.35,0.4268,-0.48054
07/23/2024,2024-07-2309:50 EST,UPS,127.35,Put,125,6803,2024-07-26,3,0.99,1,1.01,1.01,527,12.91,0.415,-0.318815
07/23/2024,2024-07-2309:50 EST,UPS,127.35,Put,129,1201,2024-07-26,3,2.88,2.97,3.05,2.88,192,6.26,0.3891,-0.652839
07/23/2024,2024-07-2309:50 EST,UPS,127.35,Put,130,2409,2024-07-26,3,3.6,3.68,3.75,3.64,1766,1.36,0.4037,-0.721916
07/23/2024,2024-07-2309:50 EST,UPS,127.35,Put,128,1805,2024-07-26,3,2.31,2.38,2.44,2.38,612,2.95,0.4166,-0.563013
07/23/2024,2024-07-2309:50 EST,UPS,127.35,Call,135,506,2024-07-26,3,0.15,0.17,0.19,0.18,202,2.5,0.4575,0.077051
07/23/2024,2024-07-2309:50 EST,UPS,127.35,Put,123,795,2024-07-26,3,0.5,0.52,0.54,0.51,566,1.4,0.4217,-0.187797
07/23/2024,2024-07-2309:50 EST,MPW,4.96,Put,4.5,30075,2024-08-30,38,0.26,0.29,0.32,0.26,837,35.93,0.673,-0.33004
07/23/2024,2024-07-2309:50 EST,UPS,127.35,Put,126,940,2024-07-26,3,1.31,1.38,1.45,1.38,160,5.88,0.4145,-0.397646
07/23/2024,2024-07-2309:50 EST,TSLA,248.24,Call,255,21072,2024-07-26,3,10.45,10.5,10.55,10.51,10136,2.08,1.3611,0.472604
07/23/2024,2024-07-2309:50 EST,GE,173.08,Call,175,5134,2024-07-26,3,1.03,1.05,1.07,1.06,815,6.3,0.5195,0.233488
07/23/2024,2024-07-2309:50 EST,DIS,91.3,Call,92,550,2024-07-26,3,0.71,0.76,0.8,0.74,231,2.38,0.3001,0.416381
07/23/2024,2024-07-2309:50 EST,DIS,91.3,Call,90,859,2024-07-26,3,1.92,1.96,1.99,1.92,167,5.14,0.3193,0.713113
07/23/2024,2024-07-2309:50 EST,VRT,91.72,Call,150,5200,2024-09-20,59,0.6,0.63,0.65,0.64,198,26.26,0.7245,0.062
07/23/2024,2024-07-2309:50 EST,DIS,91.3,Put,89,676,2024-07-26,3,0.27,0.28,0.28,0.28,393,1.72,0.3349,-0.182681
07/23/2024,2024-07-2309:50 EST,CRWD,270.71,Put,260,3790,2024-07-26,3,5.85,6.05,6.25,6.04,2596,1.46,1.0043,-0.349661
07/23/2024,2024-07-2309:50 EST,CRWD,270.71,Call,265,1896,2024-08-02,10,15.25,15.53,15.8,15.74,480,3.95,0.7928,0.565567
07/23/2024,2024-07-2309:49 EST,ABNB,150.4,Call,155,4940,2024-07-26,3,0.42,0.44,0.45,0.44,1196,4.13,0.3669,0.168022
07/23/2024,2024-07-2309:49 EST,SPOT,333.51,Put,310,579,2024-07-26,3,0.69,0.79,0.9,0.98,162,3.57,0.6523,-0.08525
07/23/2024,2024-07-2309:49 EST,XPEV,8.53,Put,8,1001,2024-09-20,59,0.64,0.66,0.68,0.65,405,2.47,0.728,-0.33097
07/23/2024,2024-07-2309:49 EST,SPOT,333.51,Call,360,593,2024-07-26,3,1,1.07,1.13,1.03,352,1.68,0.6268,0.113744
07/23/2024,2024-07-2309:49 EST,SPOT,333.51,Call,350,1008,2024-07-26,3,2.33,2.62,2.91,2.7,546,1.85,0.6374,0.242473
07/23/2024,2024-07-2309:49 EST,DIS,91.3,Call,93,791,2024-07-26,3,0.42,0.44,0.47,0.47,295,2.68,0.3223,0.286163
07/23/2024,2024-07-2309:49 EST,MRVL,69.48,Call,71,10027,2024-07-26,3,0.77,0.78,0.79,0.78,836,11.99,0.5606,0.341119
07/23/2024,2024-07-2309:49 EST,GM,46.61,Call,48.5,540,2024-07-26,3,0.26,0.28,0.3,0.29,376,1.44,0.5055,0.235727
07/23/2024,2024-07-2309:49 EST,TWLO,60.17,Call,61,9694,2024-07-26,3,0.37,0.4,0.43,0.41,250,38.78,0.442,0.282383
07/23/2024,2024-07-2309:49 EST,CRWD,270.71,Call,260,1398,2024-07-26,3,13.55,13.98,14.4,14.3,594,2.35,1.011,0.64987
07/23/2024,2024-07-2309:49 EST,FCX,44,Call,44,748,2024-07-26,3,0.69,0.71,0.73,0.77,146,5.12,0.4825,0.484663
07/23/2024,2024-07-2309:49 EST,JD,26.1,Put,25,508,2024-08-02,10,0.2,0.21,0.22,0.21,403,1.26,0.3602,-0.22603
07/23/2024,2024-07-2309:49 EST,MRVL,69.48,Call,72,1295,2024-07-26,3,0.48,0.5,0.51,0.51,724,1.79,0.5633,0.24791
07/23/2024,2024-07-2309:49 EST,COF,147.24,Call,145,1738,2024-07-26,3,3.8,3.85,3.9,3.9,143,12.15,0.6753,0.542739
07/23/2024,2024-07-2309:49 EST,THC,136.93,Call,140,1404,2024-08-16,24,5.8,6.1,6.4,6,883,1.59,0.4729,0.48937
07/23/2024,2024-07-2309:49 EST,THC,136.93,Call,150,1406,2024-08-16,24,2.45,2.6,2.75,2.48,419,3.36,0.4562,0.267031
07/23/2024,2024-07-2309:49 EST,GM,46.61,Call,49.5,3041,2024-08-02,10,0.26,0.28,0.3,0.28,311,9.78,0.3563,0.189357
07/23/2024,2024-07-2309:49 EST,KMI,21.7,Call,23,1334,2024-09-20,59,0.12,0.13,0.14,0.13,204,6.54,0.156,0.180837
07/23/2024,2024-07-2309:48 EST,STX,105.17,Put,100,1273,2024-08-16,24,2.25,2.35,2.45,2.33,262,4.86,0.4207,-0.304694
07/23/2024,2024-07-2309:48 EST,CCL,19.29,Call,20,2021,2024-08-02,10,0.24,0.25,0.26,0.25,1186,1.7,0.4882,0.275186
07/23/2024,2024-07-2309:48 EST,GM,46.61,Call,48,542,2024-08-02,10,0.63,0.7,0.77,0.7,346,1.57,0.3715,0.366433
07/23/2024,2024-07-2309:48 EST,ENPH,103.96,Put,90,1197,2024-07-26,3,1.27,1.33,1.38,1.38,956,1.25,1.7116,-0.152692
07/23/2024,2024-07-2309:47 EST,EQT,35.74,Put,35,612,2024-07-26,3,0.4,0.47,0.53,0.49,324,1.89,0.6102,-0.355651
07/23/2024,2024-07-2309:47 EST,ZETA,21.57,Put,17.5,5211,2024-08-16,24,0.4,0.5,0.6,0.55,106,49.16,0.9602,-0.173221
07/23/2024,2024-07-2309:47 EST,MPW,4.94,Put,4.5,30025,2024-08-30,38,0.26,0.29,0.32,0.29,837,35.87,0.735,-0.331438
07/23/2024,2024-07-2309:47 EST,MRVL,69.6,Call,71,8742,2024-07-26,3,0.7,0.71,0.72,0.72,836,10.46,0.5776,0.31612
07/23/2024,2024-07-2309:47 EST,TSLA,248.6,Call,255,20166,2024-07-26,3,10.45,10.52,10.6,10.51,10136,1.99,1.3917,0.466875
07/23/2024,2024-07-2309:47 EST,SPOT,333.28,Call,350,997,2024-07-26,3,2,2.31,2.62,2.35,546,1.83,0.6599,0.213414
07/23/2024,2024-07-2309:47 EST,UPS,127.68,Put,130,2276,2024-07-26,3,2.46,2.59,2.72,2.72,1766,1.29,0.4406,-0.584362
07/23/2024,2024-07-2309:47 EST,UPS,127.68,Put,125,5815,2024-07-26,3,0.62,0.65,0.67,0.64,527,11.03,0.433,-0.217229
07/23/2024,2024-07-2309:47 EST,TWLO,59.99,Call,61,9540,2024-07-26,3,0.39,0.4,0.41,0.39,250,38.16,0.4271,0.27883
07/23/2024,2024-07-2309:47 EST,SPOT,333.28,Call,360,570,2024-07-26,3,0.75,1.07,1.39,1.14,352,1.62,0.6932,0.114743
07/23/2024,2024-07-2309:47 EST,UPS,127.68,Put,126,854,2024-07-26,3,0.85,0.93,1.01,0.9,160,5.34,0.4327,-0.281298
07/23/2024,2024-07-2309:47 EST,ABNB,150.18,Call,155,4648,2024-07-26,3,0.48,0.49,0.5,0.48,1196,3.89,0.3621,0.181612
07/23/2024,2024-07-2309:47 EST,FCX,43.78,Call,44,512,2024-07-26,3,0.66,0.74,0.81,0.66,146,3.51,0.4779,0.465479
07/23/2024,2024-07-2309:47 EST,CRWD,271.72,Call,265,1514,2024-08-02,10,15.05,15.45,15.85,15.37,480,3.15,0.793,0.558105
07/23/2024,2024-07-2309:46 EST,MRVL,69.6,Call,72,1211,2024-07-26,3,0.45,0.46,0.48,0.49,724,1.67,0.5769,0.227622
07/23/2024,2024-07-2309:46 EST,GM,46.41,Call,49.5,3033,2024-08-02,10,0.27,0.3,0.33,0.31,311,9.75,0.3703,0.199175
07/23/2024,2024-07-2309:46 EST,DIS,90.99,Call,90,802,2024-07-26,3,1.92,1.96,2,1.99,167,4.8,0.366,0.67851
07/23/2024,2024-07-2309:46 EST,UPS,127.68,Put,127,1290,2024-07-26,3,1.11,1.19,1.27,1.27,584,2.21,0.4418,-0.355487
07/23/2024,2024-07-2309:46 EST,CRWD,271.72,Call,260,1203,2024-07-26,3,13.35,13.63,13.9,13.62,594,2.03,0.9833,0.642598
07/23/2024,2024-07-2309:46 EST,CRWD,271.72,Put,260,3494,2024-07-26,3,6.55,6.68,6.8,6.8,2596,1.35,1.0619,-0.365224
07/23/2024,2024-07-2309:46 EST,COF,146.84,Call,145,1725,2024-07-26,3,3.8,3.85,3.9,3.9,143,12.06,0.6918,0.535349
07/23/2024,2024-07-2309:46 EST,LUV,27.5,Put,28.5,2503,2024-07-26,3,1.47,1.54,1.6,1.5,219,11.43,0.8489,-0.677702
07/23/2024,2024-07-2309:46 EST,JD,26.12,Put,25,507,2024-08-02,10,0.2,0.21,0.22,0.2,403,1.26,0.3585,-0.218317
07/23/2024,2024-07-2309:46 EST,ENPH,104.25,Put,90,1189,2024-07-26,3,1.25,1.3,1.35,1.3,956,1.24,1.6481,-0.15084
07/23/2024,2024-07-2309:46 EST,UPS,127.68,Put,129,909,2024-07-26,3,1.99,2.08,2.17,1.95,192,4.73,0.4239,-0.508816
07/23/2024,2024-07-2309:46 EST,GM,46.41,Call,48,513,2024-08-02,10,0.63,0.68,0.72,0.7,346,1.48,0.3715,0.366433
07/23/2024,2024-07-2309:46 EST,GM,46.41,Call,48.5,512,2024-07-26,3,0.25,0.28,0.3,0.29,376,1.36,0.5055,0.235727
07/23/2024,2024-07-2309:46 EST,VRT,91.25,Call,150,1610,2024-09-20,59,0.55,0.58,0.6,0.58,198,8.13,0.7119,0.057763
07/23/2024,2024-07-2309:46 EST,UPS,127.68,Put,128,1672,2024-07-26,3,1.55,1.67,1.79,1.5,612,2.73,0.44,-0.430437
07/23/2024,2024-07-2309:46 EST,ZETA,21.55,Put,17.5,5201,2024-08-16,24,0,0.3,0.6,0.6,106,49.07,0.9702,-0.185003
07/23/2024,2024-07-2309:46 EST,DIS,90.99,Put,89,628,2024-07-26,3,0.27,0.28,0.29,0.3,393,1.6,0.327,-0.186337
07/23/2024,2024-07-2309:46 EST,UPS,127.68,Put,123,754,2024-07-26,3,0.28,0.33,0.38,0.3,566,1.33,0.436,-0.118111
07/23/2024,2024-07-2309:46 EST,DIS,90.99,Call,93,751,2024-07-26,3,0.45,0.46,0.48,0.46,295,2.55,0.3283,0.278078
07/23/2024,2024-07-2309:45 EST,SPOT,333.28,Put,310,554,2024-07-26,3,0.82,0.98,1.15,1.01,162,3.42,0.6491,-0.105094
07/23/2024,2024-07-2309:45 EST,STM,40.3,Put,38,627,2024-08-16,24,0.8,0.83,0.85,0.8,480,1.31,0.4326,-0.275059
07/23/2024,2024-07-2309:45 EST,CCL,19.28,Call,20,1996,2024-08-02,10,0.25,0.26,0.27,0.28,1186,1.68,0.5043,0.277156
07/23/2024,2024-07-2309:45 EST,MPW,4.92,Put,4.5,30015,2024-08-30,38,0.26,0.28,0.3,0.3,837,35.86,0.7316,-0.342294
07/23/2024,2024-07-2309:44 EST,CRWD,268.85,Put,260,3208,2024-07-26,3,7.5,7.7,7.9,7.5,2596,1.24,1.0346,-0.400707
07/23/2024,2024-07-2309:44 EST,CRWD,268.85,Call,260,1121,2024-07-26,3,12.45,12.7,12.95,12.61,594,1.89,1.0413,0.599193
07/23/2024,2024-07-2309:44 EST,CRWD,268.85,Call,265,1447,2024-08-02,10,13.8,14,14.2,14.2,480,3.01,0.8034,0.530198
07/23/2024,2024-07-2309:44 EST,DIS,91.12,Call,90,760,2024-07-26,3,1.68,1.71,1.75,1.7,167,4.55,0.3413,0.64784
07/23/2024,2024-07-2309:44 EST,DIS,91.12,Call,93,687,2024-07-26,3,0.38,0.4,0.41,0.41,295,2.33,0.3414,0.248275
07/23/2024,2024-07-2309:44 EST,KMI,21.69,Call,23,1331,2024-09-20,59,0.12,0.13,0.14,0.12,204,6.52,0.1512,0.17382
07/23/2024,2024-07-2309:44 EST,COF,146.78,Call,145,1390,2024-07-26,3,3.6,3.65,3.7,3.7,143,9.72,0.6908,0.519178
07/23/2024,2024-07-2309:44 EST,ABNB,149.7,Call,155,4149,2024-07-26,3,0.55,0.56,0.56,0.55,1196,3.47,0.3671,0.199757
07/23/2024,2024-07-2309:43 EST,GM,46.58,Call,48,505,2024-08-02,10,0.89,1,1.11,0.98,346,1.46,0.3729,0.456328
07/23/2024,2024-07-2309:43 EST,DIS,91.12,Put,89,618,2024-07-26,3,0.37,0.38,0.39,0.38,393,1.57,0.3407,-0.229284
07/23/2024,2024-07-2309:43 EST,MPW,4.92,Put,4.5,30005,2024-08-30,38,0.25,0.29,0.32,0.29,837,35.85,0.7291,-0.334037
07/23/2024,2024-07-2309:43 EST,KMI,21.69,Call,23,1305,2024-09-20,59,0.12,0.13,0.13,0.12,204,6.4,0.1574,0.168933
07/23/2024,2024-07-2309:43 EST,CCL,19.2,Call,20,1977,2024-08-02,10,0.25,0.26,0.27,0.25,1186,1.67,0.4657,0.283754
07/23/2024,2024-07-2309:41 EST,CLF,15.26,Put,15,1192,2024-08-02,10,0.35,0.38,0.4,0.36,883,1.35,0.4544,-0.415996
07/23/2024,2024-07-2309:41 EST,AXP,246.59,Put,230,500,2024-11-15,115,5.65,5.83,6,5.75,242,2.07,0.243,-0.265703
07/23/2024,2024-07-2309:41 EST,CRWD,269.24,Call,260,770,2024-07-26,3,11.05,11.23,11.4,11.34,594,1.3,1.0781,0.554575
07/23/2024,2024-07-2309:41 EST,TWLO,59.74,Call,61,8180,2024-07-26,3,0.46,0.48,0.49,0.47,250,32.72,0.4448,0.310308
07/23/2024,2024-07-2309:41 EST,UPS,128.04,Put,127,1088,2024-07-26,3,1.78,1.9,2.03,1.78,584,1.86,0.3918,-0.489415
07/23/2024,2024-07-2309:41 EST,TSLA,248.49,Call,255,13014,2024-07-26,3,11.3,11.35,11.4,11.41,10136,1.28,1.3108,0.505049
07/23/2024,2024-07-2309:41 EST,UPS,128.04,Put,126,617,2024-07-26,3,1.4,1.48,1.55,1.44,160,3.86,0.4185,-0.406888
07/23/2024,2024-07-2309:41 EST,UPS,128.04,Put,125,4519,2024-07-26,3,1.01,1.06,1.1,1.05,527,8.57,0.4164,-0.327221
07/23/2024,2024-07-2309:41 EST,DIS,91.17,Put,89,606,2024-07-26,3,0.38,0.4,0.41,0.4,393,1.54,0.3468,-0.235232
07/23/2024,2024-07-2309:41 EST,SPOT,333.8,Call,350,876,2024-07-26,3,2.35,3.13,3.9,2.81,546,1.6,0.6961,0.235134
07/23/2024,2024-07-2309:41 EST,DIS,91.17,Call,90,713,2024-07-26,3,1.66,1.71,1.77,1.7,167,4.27,0.3456,0.643649
07/23/2024,2024-07-2309:41 EST,COF,146.05,Call,145,704,2024-07-26,3,3.8,3.85,3.9,3.89,143,4.92,0.684,0.538001
07/23/2024,2024-07-2309:41 EST,UPS,128.04,Put,128,1477,2024-07-26,3,2.32,2.52,2.72,2.58,612,2.41,0.4476,-0.565621
07/23/2024,2024-07-2309:41 EST,CRWD,269.24,Call,265,1156,2024-08-02,10,12.4,12.95,13.5,12.95,480,2.41,0.8144,0.499091
07/23/2024,2024-07-2309:41 EST,SPOT,333.8,Put,310,509,2024-07-26,3,0.8,1.2,1.6,1.55,162,3.14,0.7508,-0.131815
07/23/2024,2024-07-2309:41 EST,ABNB,149.8,Call,155,3796,2024-07-26,3,0.6,0.61,0.62,0.62,1196,3.17,0.3617,0.22133
07/23/2024,2024-07-2309:40 EST,UPS,128.04,Put,129,812,2024-07-26,3,2.88,3.14,3.4,3.2,192,4.23,0.448,-0.639321
07/23/2024,2024-07-2309:40 EST,GM,46.58,Call,49.5,3016,2024-08-02,10,0.43,0.45,0.48,0.48,311,9.7,0.3755,0.27303
07/23/2024,2024-07-2309:38 EST,RVNC,4.15,Call,2.5,511,2024-08-16,24,1.6,1.75,1.9,1.6,126,4.06,2.6873,0.857035
07/23/2024,2024-07-2309:40 EST,CLF,15.13,Put,15,1188,2024-08-02,10,0.37,0.43,0.48,0.4,883,1.35,0.4905,-0.42334
07/23/2024,2024-07-2309:40 EST,DIS,91.17,Call,93,677,2024-07-26,3,0.37,0.41,0.45,0.4,295,2.29,0.3395,0.244735
07/23/2024,2024-07-2309:40 EST,CCL,19.12,Call,20,1962,2024-08-02,10,0.18,0.2,0.22,0.21,1186,1.65,0.47,0.248652
07/23/2024,2024-07-2309:40 EST,CVNA,129.37,Put,117,544,2024-07-26,3,0.8,0.95,1.1,1,318,1.71,0.8244,-0.188707
07/23/2024,2024-07-2309:39 EST,EQT,35.68,Put,35,606,2024-07-26,3,0.44,0.52,0.6,0.45,324,1.87,0.5042,-0.386138
07/23/2024,2024-07-2309:38 EST,SABR,3.3,Call,4.5,769,2025-01-17,178,0.33,0.35,0.36,0.33,389,1.98,0.8087,0.346246
07/23/2024,2024-07-2309:38 EST,SPOT,332.42,Call,350,710,2024-07-26,3,3.5,4.15,4.8,3.7,546,1.3,0.7201,0.281058
07/23/2024,2024-07-2309:38 EST,RVNC,4.15,Call,2.5,510,2024-08-16,24,1.6,1.65,1.7,1.7,126,4.05,1.8316,0.900657
07/23/2024,2024-07-2309:38 EST,UPS,127.27,Put,125,2712,2024-07-26,3,1.08,1.11,1.13,1.13,527,5.15,0.436,-0.333505
07/23/2024,2024-07-2309:38 EST,TWLO,59.72,Call,61,7184,2024-07-26,3,0.45,0.46,0.48,0.46,250,28.74,0.4794,0.290213
07/23/2024,2024-07-2309:37 EST,UPS,127.27,Put,129,782,2024-07-26,3,2.77,2.96,3.15,3,192,4.07,0.402,-0.655743
07/23/2024,2024-07-2309:37 EST,ABNB,149.58,Call,155,3211,2024-07-26,3,0.61,0.65,0.69,0.63,1196,2.68,0.3785,0.216741
07/23/2024,2024-07-2309:37 EST,GM,46.43,Call,49.5,1815,2024-08-02,10,0.45,0.49,0.53,0.45,311,5.84,0.3741,0.261121
07/23/2024,2024-07-2309:37 EST,UPS,127.27,Put,128,1428,2024-07-26,3,2.13,2.31,2.49,2.4,612,2.33,0.4085,-0.572905
07/23/2024,2024-07-2309:37 EST,UPS,127.27,Put,127,995,2024-07-26,3,1.75,1.86,1.96,1.81,584,1.7,0.3988,-0.488913
07/23/2024,2024-07-2309:35 EST,TWLO,59.68,Call,61,5837,2024-07-26,3,0.41,0.42,0.42,0.42,250,23.35,0.4987,0.264251
07/23/2024,2024-07-2309:35 EST,UPS,127.21,Put,129,706,2024-07-26,3,2.7,2.84,2.97,2.85,192,3.68,0.4187,-0.622248
07/23/2024,2024-07-2309:35 EST,UPS,127.21,Put,128,925,2024-07-26,3,2.17,2.21,2.25,2.25,612,1.51,0.4181,-0.54244
07/23/2024,2024-07-2309:35 EST,UPS,127.21,Put,125,1250,2024-07-26,3,0.97,0.99,1,0.97,527,2.37,0.4241,-0.304209
07/23/2024,2024-07-2309:34 EST,CRWD,271.82,Call,265,1081,2024-08-02,10,12.05,12.45,12.85,12.5,480,2.25,0.8223,0.486282
07/23/2024,2024-07-2309:34 EST,X,38.14,Put,35,1500,2025-06-20,332,2.26,4.46,6.65,4.59,243,6.17,0.4852,-0.314107
07/23/2024,2024-07-2309:33 EST,INTC,33.02,Call,29,515,2024-10-18,87,5.1,5.15,5.2,5.05,263,1.96,0.4172,0.778821
