Report Date,Time,Stock Symbol,Stock Last Price,Type,Strike Price,Volume,Expiration Date,Days To Expiration,Bid Price,Midpoint,Ask Price,Last Price,Open Interest,VOI Ratio,Volatility
12/10/2024,2024-12-1015:59 EST,NVDA,135.07,Call,140,165934,2024-12-13,3,0.67,0.69,0.7,0.67,40379,4.11,47.15%
12/10/2024,2024-12-1015:59 EST,GOOGL,185.17,Call,185,106722,2024-12-13,3,2.14,2.19,2.23,2.22,9690,11.01,31.40%
12/10/2024,2024-12-1015:59 EST,TSLA,400.99,Put,400,104092,2024-12-13,3,8.55,8.68,8.8,8.7,7631,13.64,63.89%
12/10/2024,2024-12-1015:59 EST,TSLA,400.99,Call,420,102510,2024-12-13,3,3.25,3.33,3.4,3.35,44655,2.3,68.05%
12/10/2024,2024-12-1016:00 EST,TSLA,400.99,Call,410,100712,2024-12-13,3,5.85,5.9,5.95,5.91,13125,7.67,66.18%
12/10/2024,2024-12-1015:59 EST,NVDA,135.07,Call,144,100342,2024-12-13,3,0.23,0.24,0.25,0.25,27192,3.69,51.06%
12/10/2024,2024-12-1015:59 EST,TSLA,400.99,Call,400,98068,2024-12-13,3,9.9,9.95,10,9.95,41227,2.38,64.70%
12/10/2024,2024-12-1015:59 EST,NVDA,135.07,Call,147,97124,2024-12-13,3,0.12,0.13,0.13,0.13,41423,2.34,54.86%
12/10/2024,2024-12-1015:59 EST,NVDA,135.07,Put,138,96207,2024-12-13,3,3.95,4.15,4.35,4,71904,1.34,46.00%
12/10/2024,2024-12-1015:59 EST,NVDA,135.07,Call,145,95059,2024-12-13,3,0.18,0.19,0.2,0.2,105227,0.9,52.32%
12/10/2024,2024-12-1015:59 EST,NVDA,135.07,Call,138,94174,2024-12-13,3,1.09,1.12,1.15,1.13,20313,4.64,46.32%
12/10/2024,2024-12-1015:59 EST,NVDA,135.07,Call,148,83299,2024-12-13,3,0.1,0.11,0.11,0.1,86539,0.96,55.58%
12/10/2024,2024-12-1015:59 EST,NVDA,135.07,Put,135,79082,2024-12-13,3,2.12,2.18,2.23,2.16,29122,2.72,45.40%
12/10/2024,2024-12-1015:59 EST,NVDA,135.07,Call,142,74526,2024-12-13,3,0.39,0.4,0.41,0.39,75371,0.99,48.35%
12/10/2024,2024-12-1015:59 EST,NVDA,135.07,Call,137,67659,2024-12-13,3,1.4,1.44,1.48,1.43,15534,4.36,45.65%
12/10/2024,2024-12-1015:59 EST,NVDA,135.07,Call,142,66908,2024-12-20,10,1.33,1.38,1.43,1.39,16660,4.02,42.28%
12/10/2024,2024-12-1015:59 EST,NVDA,135.07,Put,136,65257,2024-12-13,3,2.55,2.66,2.77,2.72,13587,4.8,45.90%
12/10/2024,2024-12-1015:59 EST,GOOGL,185.17,Call,187.5,65136,2024-12-13,3,1.16,1.19,1.23,1.22,968,67.29,32.17%
12/10/2024,2024-12-1015:59 EST,NVDA,135.07,Put,137,64062,2024-12-13,3,3.25,3.33,3.4,3.35,39185,1.63,46.44%
12/10/2024,2024-12-1015:59 EST,TSLA,400.99,Call,405,63730,2024-12-13,3,7.6,7.73,7.85,7.68,7634,8.35,65.09%
12/10/2024,2024-12-1015:59 EST,AAPL,247.77,Call,250,63481,2024-12-13,3,0.78,0.8,0.83,0.81,29497,2.15,18.53%
12/10/2024,2024-12-1015:59 EST,CELH,30.61,Call,32.5,63477,2024-12-13,3,0.34,0.36,0.37,0.37,448,141.69,92.35%
12/10/2024,2024-12-1015:59 EST,NVDA,135.07,Call,141,61594,2024-12-13,3,0.5,0.52,0.53,0.53,12175,5.06,48.30%
12/10/2024,2024-12-1015:58 EST,NVDA,135.07,Call,152,60473,2024-12-20,10,0.27,0.28,0.29,0.28,13387,4.52,45.47%
12/10/2024,2024-12-1015:59 EST,AAPL,247.77,Put,245,59256,2024-12-13,3,0.72,0.73,0.74,0.72,15248,3.89,20.15%
12/10/2024,2024-12-1015:59 EST,NVDA,135.07,Call,139,56101,2024-12-13,3,0.85,0.88,0.9,0.87,20165,2.78,46.61%
12/10/2024,2024-12-1015:59 EST,TSLA,400.99,Call,390,55746,2024-12-13,3,15.7,15.83,15.95,15.8,39206,1.42,64.18%
12/10/2024,2024-12-1015:59 EST,GOOGL,185.17,Call,200,55443,2025-01-17,38,1.72,1.73,1.75,1.74,100563,0.55,26.14%
12/10/2024,2024-12-1015:59 EST,NVDA,135.07,Call,140,53578,2024-12-20,10,1.85,1.9,1.95,1.93,112182,0.48,42.43%
12/10/2024,2024-12-1015:59 EST,NVDA,135.07,Put,140,53025,2024-12-13,3,5.45,5.55,5.65,5.55,30463,1.74,46.98%
12/10/2024,2024-12-1015:59 EST,NVDA,135.07,Call,135,51587,2024-12-13,3,2.2,2.27,2.33,2.3,7697,6.7,45.86%
12/10/2024,2024-12-1015:59 EST,GOOGL,185.17,Call,190,51280,2024-12-13,3,0.62,0.63,0.64,0.64,1436,35.71,33.47%
12/10/2024,2024-12-1015:59 EST,GOOGL,185.17,Call,190,50597,2024-12-20,10,1.69,1.71,1.72,1.71,24242,2.09,28.69%
12/10/2024,2024-12-1015:45 EST,KSS,15.22,Put,17.5,50010,2024-12-13,3,2.73,2.78,2.83,2.76,117,427.44,222.20%
12/10/2024,2024-12-1015:59 EST,NVDA,135.07,Put,139,47527,2024-12-13,3,4.6,4.93,5.25,4.8,35962,1.32,47.74%
12/10/2024,2024-12-1015:59 EST,NVDA,135.07,Call,136,46619,2024-12-13,3,1.77,1.83,1.88,1.81,3008,15.5,45.34%
12/10/2024,2024-12-1015:59 EST,NVDA,135.07,Call,143,46405,2024-12-13,3,0.29,0.31,0.32,0.3,32405,1.43,49.19%
12/10/2024,2024-12-1015:59 EST,TSLA,400.99,Put,390,45685,2024-12-13,3,4.5,4.58,4.65,4.59,3909,11.69,63.57%
12/10/2024,2024-12-1015:59 EST,TSLA,400.99,Call,400,43782,2024-12-20,10,16.9,16.98,17.05,17,58437,0.75,61.49%
12/10/2024,2024-12-1015:59 EST,GOOGL,185.17,Call,185,43247,2024-12-20,10,3.6,3.65,3.7,3.6,17722,2.44,27.90%
12/10/2024,2024-12-1015:59 EST,TSLA,400.99,Call,500,42671,2024-12-20,10,0.88,0.9,0.92,0.91,10404,4.1,75.80%
12/10/2024,2024-12-1015:32 EST,SMCI,40.54,Call,25,41506,2024-12-13,3,15.45,15.58,15.7,15.85,970,42.79,233.39%
12/10/2024,2024-12-1015:59 EST,NVDA,135.07,Call,150,41330,2024-12-20,10,0.37,0.38,0.38,0.38,118170,0.35,44.54%
12/10/2024,2024-12-1015:59 EST,NVDA,135.07,Put,133,39863,2024-12-13,3,1.3,1.34,1.37,1.3,11234,3.55,45.34%
12/10/2024,2024-12-1015:59 EST,TSLA,400.99,Call,407.5,38046,2024-12-13,3,6.7,6.75,6.8,6.75,1506,25.26,65.65%
12/10/2024,2024-12-1015:59 EST,TSLA,400.99,Call,440,38020,2024-12-20,10,5.1,5.18,5.25,5.2,4155,9.15,66.28%
12/10/2024,2024-12-1015:59 EST,NVDA,135.07,Put,130,37949,2024-12-13,3,0.57,0.59,0.61,0.58,20011,1.9,47.60%
12/10/2024,2024-12-1015:59 EST,PFE,25.57,Put,25,37231,2024-12-20,10,0.33,0.34,0.35,0.37,25213,1.48,34.56%
12/10/2024,2024-12-1015:59 EST,TSLA,400.99,Call,415,37043,2024-12-13,3,4.4,4.45,4.5,4.45,7162,5.17,66.91%
12/10/2024,2024-12-1015:59 EST,NVDA,135.07,Call,150,36860,2024-12-27,17,0.64,0.66,0.67,0.65,67907,0.54,39.11%
12/10/2024,2024-12-1015:59 EST,NIO,4.77,Call,10,36412,2025-05-16,157,0.35,0.36,0.36,0.35,33952,1.07,105.51%
12/10/2024,2024-12-1015:59 EST,AAPL,247.77,Call,247.5,36352,2024-12-13,3,1.9,1.95,2,1.95,15768,2.31,19.73%
12/10/2024,2024-12-1015:58 EST,UAA,10.09,Call,10,36169,2025-01-17,38,0.6,0.65,0.7,0.6,43266,0.84,41.00%
12/10/2024,2024-12-1015:59 EST,PCG,19.88,Call,20,35239,2024-12-20,10,0.22,0.27,0.32,0.25,72587,0.49,22.46%
12/10/2024,2024-12-1015:59 EST,PLTR,70.89,Put,70,35052,2024-12-13,3,1.59,1.62,1.65,1.61,8474,4.14,79.87%
12/10/2024,2024-12-1015:59 EST,GOOGL,185.17,Put,180,34869,2024-12-13,3,0.41,0.42,0.42,0.42,436,79.97,31.19%
12/10/2024,2024-12-1016:00 EST,GOOG,186.53,Call,185,34827,2024-12-13,3,2.79,2.88,2.97,2.96,9255,3.76,30.77%
12/10/2024,2024-12-1015:59 EST,TSLA,400.99,Call,450,34382,2024-12-13,3,0.53,0.55,0.56,0.53,13829,2.49,74.71%
12/10/2024,2024-12-1015:59 EST,TSLA,400.99,Put,380,34197,2024-12-13,3,2.2,2.23,2.25,2.25,6488,5.27,65.18%
12/10/2024,2024-12-1015:59 EST,PLTR,70.89,Call,75,34112,2024-12-13,3,0.83,0.84,0.85,0.83,16738,2.04,88.09%
12/10/2024,2024-12-1015:59 EST,TSLA,400.99,Put,405,33603,2024-12-13,3,11.35,11.48,11.6,11.5,513,65.5,64.75%
12/10/2024,2024-12-1015:59 EST,NVDA,135.07,Put,134,33068,2024-12-13,3,1.66,1.71,1.76,1.71,12456,2.65,45.70%
12/10/2024,2024-12-1015:59 EST,TSLA,400.99,Call,402.5,32747,2024-12-13,3,8.7,8.77,8.85,8.74,2463,13.3,64.74%
12/10/2024,2024-12-1015:59 EST,NVDA,135.07,Put,132,32591,2024-12-13,3,0.98,1.02,1.05,1.01,21386,1.52,46.18%
12/10/2024,2024-12-1015:59 EST,NVDA,135.07,Call,145,32082,2024-12-20,10,0.83,0.86,0.88,0.85,62516,0.51,42.78%
12/10/2024,2024-12-1015:59 EST,AAPL,247.77,Put,242.5,30902,2024-12-13,3,0.35,0.36,0.36,0.36,17455,1.77,22.41%
12/10/2024,2024-12-1015:59 EST,GOOG,186.53,Call,187.5,30593,2024-12-13,3,1.63,1.65,1.68,1.65,4063,7.53,30.64%
12/10/2024,2024-12-1015:59 EST,TSLA,400.99,Put,385,30576,2024-12-13,3,3.15,3.22,3.3,3.2,4860,6.29,63.85%
12/10/2024,2024-12-1015:59 EST,GOOG,186.53,Call,190,30174,2024-12-13,3,0.86,0.88,0.89,0.88,1553,19.43,31.89%
12/10/2024,2024-12-1015:59 EST,TSLA,400.99,Put,395,30009,2024-12-13,3,6.3,6.4,6.5,6.5,2124,14.13,64.22%
12/10/2024,2024-12-1015:59 EST,INTC,20.16,Call,21,29729,2025-01-17,38,0.97,0.98,0.98,0.98,17715,1.68,50.79%
12/10/2024,2024-12-1015:59 EST,GSAT,2.29,Call,2.5,29062,2024-12-20,10,0.15,0.18,0.2,0.2,8715,3.33,185.50%
12/10/2024,2024-12-1015:59 EST,PLTR,70.89,Call,80,28066,2024-12-13,3,0.27,0.29,0.31,0.29,28212,0.99,99.85%
12/10/2024,2024-12-1015:59 EST,NVDA,135.07,Call,146,27843,2024-12-13,3,0.15,0.16,0.16,0.15,26510,1.05,52.81%
12/10/2024,2024-12-1015:59 EST,RGTI,6.49,Call,9,27734,2024-12-20,10,0.45,0.48,0.5,0.5,177,156.69,281.09%
12/10/2024,2024-12-1015:59 EST,NVDA,135.07,Put,130,27592,2024-12-20,10,1.7,1.73,1.75,1.73,53150,0.52,43.22%
12/10/2024,2024-12-1015:59 EST,TSLA,400.99,Call,420,27323,2024-12-20,10,9.4,9.53,9.65,9.45,9657,2.83,63.27%
12/10/2024,2024-12-1015:59 EST,NVDA,135.07,Call,150,27321,2025-01-17,38,2.4,2.45,2.49,2.48,145949,0.19,41.35%
12/10/2024,2024-12-1015:59 EST,BAC,45.75,Call,46.5,27011,2024-12-13,3,0.21,0.22,0.23,0.23,3320,8.14,31.09%
12/10/2024,2024-12-1015:59 EST,NVDA,135.07,Call,165,26250,2025-02-21,73,2.4,2.55,2.7,2.52,10719,2.45,43.72%
12/10/2024,2024-12-1015:59 EST,TSLA,400.99,Call,450,26112,2024-12-20,10,3.75,3.8,3.85,3.81,9296,2.81,67.60%
12/10/2024,2024-12-1015:59 EST,WBA,10.42,Call,10,25918,2024-12-20,10,0.65,0.7,0.75,0.72,30468,0.85,72.67%
12/10/2024,2024-12-1015:59 EST,AI,41.73,Call,42,25780,2024-12-13,3,1.33,1.38,1.42,1.39,17759,1.45,100.03%
12/10/2024,2024-12-1015:59 EST,PFE,25.57,Put,24,25753,2024-12-20,10,0.12,0.13,0.13,0.12,46903,0.55,37.01%
12/10/2024,2024-12-1015:59 EST,TSLA,400.99,Call,425,25608,2024-12-13,3,2.44,2.47,2.5,2.47,6077,4.21,68.88%
12/10/2024,2024-12-1015:59 EST,GOOGL,185.17,Call,180,25390,2024-12-20,10,6.7,6.78,6.85,6.8,29341,0.87,28.82%
12/10/2024,2024-12-1015:59 EST,PLTR,70.89,Put,65,25194,2024-12-13,3,0.32,0.33,0.34,0.33,15871,1.59,84.39%
12/10/2024,2024-12-1015:59 EST,GOOGL,185.17,Call,182.5,24998,2024-12-13,3,3.7,3.75,3.8,3.75,5001,5,31.72%
12/10/2024,2024-12-1015:59 EST,NVDA,135.07,Put,110,24570,2025-01-17,38,0.66,0.68,0.69,0.68,64656,0.38,46.64%
12/10/2024,2024-12-1015:59 EST,RIVN,14.06,Call,15,24399,2024-12-13,3,0.16,0.17,0.17,0.17,9388,2.6,96.31%
12/10/2024,2024-12-1015:59 EST,TSLA,400.99,Put,370,24364,2024-12-13,3,1.1,1.11,1.12,1.1,9257,2.63,68.72%
12/10/2024,2024-12-1015:59 EST,TSLA,400.99,Call,430,24213,2024-12-13,3,1.79,1.84,1.89,1.79,5979,4.05,69.56%
12/10/2024,2024-12-1015:59 EST,TSLA,400.99,Call,440,24066,2024-12-13,3,0.96,0.98,1,0.98,6965,3.46,72.19%
12/10/2024,2024-12-1015:59 EST,AAPL,247.77,Put,240,23865,2024-12-13,3,0.19,0.2,0.2,0.2,26784,0.89,25.19%
12/10/2024,2024-12-1015:59 EST,NVDA,135.07,Put,135,23754,2024-12-20,10,3.55,3.65,3.75,3.65,51417,0.46,42.17%
12/10/2024,2024-12-1015:56 EST,NVDA,135.07,Call,166,23741,2025-02-21,73,2.32,2.42,2.52,2.42,1565,15.17,43.95%
12/10/2024,2024-12-1015:59 EST,INTC,20.16,Put,21,23415,2025-01-17,38,1.61,1.69,1.77,1.65,26086,0.9,45.80%
12/10/2024,2024-12-1015:59 EST,BA,164.1,Call,170,23273,2024-12-13,3,0.57,0.73,0.89,0.7,4053,5.74,44.34%
12/10/2024,2024-12-1015:59 EST,AAPL,247.77,Call,275,22854,2025-01-17,38,0.29,0.31,0.32,0.31,16799,1.36,18.59%
12/10/2024,2024-12-1015:59 EST,TSLA,400.99,Call,410,22715,2024-12-20,10,12.7,12.8,12.9,12.85,8088,2.81,62.65%
12/10/2024,2024-12-1015:59 EST,TSLA,400.99,Put,375,22187,2024-12-13,3,1.49,1.53,1.57,1.55,6324,3.51,66.50%
12/10/2024,2024-12-1015:59 EST,INTC,20.16,Call,22.5,22085,2025-01-17,38,0.5,0.53,0.56,0.54,25738,0.86,51.09%
12/10/2024,2024-12-1015:59 EST,SOFI,15.29,Call,16,21875,2024-12-13,3,0.14,0.15,0.15,0.16,17056,1.28,71.24%
12/10/2024,2024-12-1015:59 EST,FOXA,46.37,Call,50,21728,2025-04-17,128,1.4,1.42,1.45,1.45,18708,1.16,24.68%
12/10/2024,2024-12-1015:59 EST,MSFT,443.33,Call,450,21679,2024-12-13,3,1,1.05,1.09,1.05,10046,2.16,20.74%
12/10/2024,2024-12-1015:59 EST,PFE,25.57,Call,27,21614,2025-01-03,24,0.22,0.23,0.24,0.22,1508,14.33,27.14%
12/10/2024,2024-12-1015:59 EST,AMD,127.74,Call,130,21575,2024-12-13,3,1.21,1.22,1.23,1.22,3209,6.72,46.07%
12/10/2024,2024-12-1015:59 EST,TSLA,400.99,Put,402.5,21162,2024-12-13,3,9.95,10.05,10.15,10.05,692,30.58,64.34%
12/10/2024,2024-12-1015:59 EST,AAPL,247.77,Call,245,21025,2024-12-13,3,3.55,3.63,3.7,3.65,19065,1.1,21.22%
12/10/2024,2024-12-1015:59 EST,GOOG,186.53,Call,200,20734,2025-01-17,38,1.9,1.95,2,1.98,11957,1.73,25.82%
12/10/2024,2024-12-1015:59 EST,NVDA,135.07,Put,120,20523,2025-01-17,38,1.65,1.78,1.9,1.75,74870,0.27,42.35%
12/10/2024,2024-12-1015:59 EST,AMD,127.74,Put,130,19694,2024-12-13,3,3.3,3.35,3.4,3.3,7481,2.63,42.87%
12/10/2024,2024-12-1015:59 EST,TSLA,400.99,Put,397.5,19672,2024-12-13,3,7.4,7.48,7.55,7.4,1717,11.46,63.02%
12/10/2024,2024-12-1015:59 EST,TSLA,400.99,Call,435,19644,2024-12-13,3,1.31,1.35,1.38,1.34,3090,6.36,71.08%
12/10/2024,2024-12-1015:59 EST,BA,164.1,Call,165,19538,2024-12-13,3,1.93,2.16,2.38,2.1,5275,3.7,42.46%
12/10/2024,2024-12-1015:59 EST,NIO,4.77,Call,7.5,19513,2025-01-17,38,0.13,0.14,0.14,0.14,99425,0.2,120.03%
12/10/2024,2024-12-1015:59 EST,NVDA,135.07,Put,140,19428,2024-12-20,10,5.35,6.07,6.8,6.75,82257,0.24,42.96%
12/10/2024,2024-12-1015:59 EST,TSLA,400.99,Call,405,19304,2024-12-20,10,14.65,14.78,14.9,14.75,7080,2.73,61.85%
12/10/2024,2024-12-1015:59 EST,TSLA,400.99,Call,400,19278,2025-01-17,38,33.3,33.4,33.5,33.46,41619,0.46,62.32%
12/10/2024,2024-12-1015:59 EST,ORCL,177.74,Put,170,19165,2024-12-20,10,0.65,0.76,0.86,0.7,16774,1.14,28.06%
12/10/2024,2024-12-1015:59 EST,AAPL,247.77,Call,250,18922,2024-12-20,10,2,2.04,2.07,2.05,46773,0.4,17.78%
12/10/2024,2024-12-1015:59 EST,NVDA,135.07,Call,145,18735,2025-01-17,38,3.6,3.68,3.75,3.67,82074,0.23,41.15%
12/10/2024,2024-12-1012:33 EST,RIG,3.98,Put,5.5,18653,2025-01-17,38,1.3,1.46,1.61,1.48,22571,0.83,81.22%
12/10/2024,2024-12-1015:55 EST,NVDA,135.07,Call,110,18614,2025-01-17,38,25.75,26.35,26.95,26.63,51811,0.36,52.23%
12/10/2024,2024-12-1015:55 EST,AI,41.73,Call,48,18559,2024-12-13,3,0.27,0.29,0.31,0.18,17496,1.06,128.10%
12/10/2024,2024-12-1015:59 EST,NVDA,135.07,Call,133,18526,2024-12-13,3,3.1,3.45,3.8,3.41,2166,8.55,45.16%
12/10/2024,2024-12-1015:59 EST,NVDA,135.07,Call,155,18522,2024-12-20,10,0.18,0.19,0.2,0.19,50639,0.37,47.45%
12/10/2024,2024-12-1015:59 EST,GOOGL,185.17,Call,180,18505,2024-12-13,3,5.7,5.8,5.9,5.68,18720,0.99,34.78%
12/10/2024,2024-12-1015:59 EST,INTC,20.16,Call,20.5,18304,2024-12-13,3,0.26,0.27,0.27,0.26,1558,11.75,55.27%
12/10/2024,2024-12-1015:59 EST,NVDA,135.07,Put,141,18263,2024-12-13,3,5.8,6.35,6.9,6.25,7617,2.4,42.51%
12/10/2024,2024-12-1015:58 EST,LCID,2.36,Call,3,18240,2025-01-17,38,0.11,0.13,0.15,0.14,31580,0.58,109.23%
12/10/2024,2024-12-1015:59 EST,SMCI,40.54,Call,50,18221,2024-12-13,3,0.12,0.14,0.15,0.13,23093,0.79,142.81%
12/10/2024,2024-12-1015:59 EST,AI,41.73,Call,45,17974,2024-12-13,3,0.51,0.55,0.6,0.61,5544,3.24,109.27%
12/10/2024,2024-12-1015:59 EST,NVDA,135.07,Call,120,17799,2025-01-17,38,17.2,17.58,17.95,17.65,70702,0.25,44.82%
12/10/2024,2024-12-1015:59 EST,SOFI,15.29,Put,15,17734,2024-12-13,3,0.23,0.25,0.26,0.24,14617,1.21,67.38%
12/10/2024,2024-12-1015:59 EST,PLTR,70.89,Call,74,17734,2024-12-13,3,1.01,1.04,1.06,1.05,5058,3.51,86.51%
12/10/2024,2024-12-1015:59 EST,PLTR,70.89,Put,72,17602,2024-12-13,3,2.68,2.7,2.72,2.71,11911,1.48,82.18%
12/10/2024,2024-12-1015:59 EST,AI,41.73,Call,40,17581,2025-01-17,38,4.15,4.43,4.7,4.6,21198,0.83,67.95%
12/10/2024,2024-12-1015:59 EST,INTC,20.16,Call,22,17536,2024-12-20,10,0.18,0.19,0.2,0.2,37482,0.47,57.85%
12/10/2024,2024-12-1015:59 EST,NVDA,135.07,Put,110,17358,2024-12-20,10,0.13,0.14,0.15,0.13,63137,0.27,64.38%
12/10/2024,2024-12-1015:59 EST,AAPL,247.77,Put,247.5,17301,2024-12-13,3,1.46,1.5,1.53,1.5,6552,2.64,18.61%
12/10/2024,2024-12-1015:59 EST,GOOG,186.53,Call,185,17231,2024-12-20,10,4.25,4.33,4.4,4.25,15011,1.15,26.98%
12/10/2024,2024-12-1015:59 EST,AAPL,247.77,Call,252.5,17226,2024-12-13,3,0.26,0.27,0.28,0.25,18319,0.94,18.21%
12/10/2024,2024-12-1015:59 EST,AMD,127.74,Put,129,17207,2024-12-13,3,2.65,2.71,2.76,2.73,3254,5.29,44.47%
12/10/2024,2024-12-1015:59 EST,TSLA,400.99,Put,407.5,17139,2024-12-13,3,12.85,13,13.15,13.05,225,76.17,65.16%
12/10/2024,2024-12-1015:59 EST,GOOGL,185.17,Call,190,17081,2025-01-17,38,4.25,4.3,4.35,4.3,22793,0.75,25.32%
12/10/2024,2024-12-1015:59 EST,WBA,10.42,Call,12.5,16965,2025-01-17,38,0.28,0.29,0.3,0.29,40973,0.41,69.67%
12/10/2024,2024-12-1015:59 EST,NVDA,135.07,Call,145,16949,2024-12-27,17,1.3,1.34,1.37,1.37,29536,0.57,39.00%
12/10/2024,2024-12-1015:59 EST,RGTI,6.49,Call,7.5,16848,2024-12-20,10,0.75,0.78,0.8,0.75,8870,1.9,258.84%
12/10/2024,2024-12-1015:59 EST,SMCI,40.54,Put,40,16754,2024-12-13,3,1.37,1.4,1.43,1.41,7365,2.27,114.88%
12/10/2024,2024-12-1015:59 EST,SNAP,12.41,Call,15,16747,2025-01-17,38,0.21,0.22,0.24,0.22,42092,0.4,58.30%
12/10/2024,2024-12-1015:59 EST,TSLA,400.99,Call,412.5,16624,2024-12-13,3,5.1,5.15,5.2,5.14,1611,10.32,66.56%
12/10/2024,2024-12-1015:59 EST,AAL,17.49,Call,18,16539,2024-12-13,3,0.11,0.11,0.12,0.11,2382,6.94,46.30%
12/10/2024,2024-12-1015:59 EST,AMD,127.74,Put,125,16267,2024-12-13,3,0.93,0.95,0.96,0.94,9112,1.79,44.56%
12/10/2024,2024-12-1015:59 EST,AMD,127.74,Put,127,16211,2024-12-13,3,1.61,1.65,1.68,1.65,4806,3.37,43.80%
12/10/2024,2024-12-1015:59 EST,TSLA,400.99,Call,430,16196,2024-12-20,10,6.95,7,7.05,7.02,3380,4.79,64.75%
12/10/2024,2024-12-1014:45 EST,SNAP,12.41,Call,20,16120,2025-05-16,157,0.38,0.59,0.8,0.56,13529,1.19,68.78%
12/10/2024,2024-12-1015:59 EST,CELH,30.61,Call,32.5,16099,2024-12-20,10,0.86,0.91,0.95,0.93,2158,7.46,81.57%
12/10/2024,2024-12-1015:59 EST,PFE,25.57,Call,26,16070,2024-12-20,10,0.42,0.45,0.48,0.42,28173,0.57,36.20%
12/10/2024,2024-12-1015:59 EST,NVDA,135.07,Call,110,15873,2024-12-20,10,24.8,25.45,26.1,25.45,80890,0.2,71.92%
12/10/2024,2024-12-1015:59 EST,NVDA,135.07,Call,140,15862,2025-01-17,38,5.25,5.38,5.5,5.3,79907,0.2,41.00%
12/10/2024,2024-12-1015:59 EST,RGTI,6.49,Call,6,15843,2024-12-20,10,1.25,1.28,1.3,1.28,334,47.43,247.37%
12/10/2024,2024-12-1015:51 EST,C,72.5,Call,80,15622,2025-01-17,38,0.43,0.44,0.45,0.43,58054,0.27,26.75%
12/10/2024,2024-12-1015:59 EST,TSLA,400.99,Call,425,15531,2024-12-20,10,8.1,8.2,8.3,8.14,5551,2.8,63.97%
12/10/2024,2024-12-1015:58 EST,PACB,2.34,Call,2,15420,2025-01-17,38,0.5,0.55,0.6,0.57,59954,0.26,133.80%
12/10/2024,2024-12-1015:59 EST,GOOGL,185.17,Call,185,15410,2025-01-17,38,5.8,6.2,6.6,6.55,23807,0.65,25.49%
12/10/2024,2024-12-1015:59 EST,TSLA,400.99,Call,395,15371,2024-12-13,3,12.45,12.6,12.75,12.6,7164,2.15,63.99%
12/10/2024,2024-12-1015:59 EST,GOOG,186.53,Call,190,15278,2024-12-20,10,2.09,2.17,2.25,2.11,13106,1.17,28.17%
12/10/2024,2024-12-1015:59 EST,TSLA,400.99,Put,400,15224,2024-12-20,10,15.25,15.35,15.45,15.5,5444,2.8,60.77%
12/10/2024,2024-12-1015:59 EST,GSAT,2.29,Call,3,15167,2024-12-20,10,0.1,0.13,0.15,0.15,4524,3.35,237.82%
12/10/2024,2024-12-1015:59 EST,PLTR,70.89,Call,78,15026,2024-12-13,3,0.44,0.45,0.46,0.46,5130,2.93,96.73%
12/10/2024,2024-12-1015:59 EST,MARA,22.805,Call,26,14992,2024-12-13,3,0.21,0.22,0.22,0.22,16380,0.92,135.52%
12/10/2024,2024-12-1015:59 EST,TSLA,400.99,Put,350,14794,2024-12-13,3,0.39,0.41,0.42,0.41,15401,0.96,83.74%
12/10/2024,2024-12-1015:59 EST,NVDA,135.07,Call,139,14684,2024-12-20,10,2.15,2.24,2.33,2.2,15071,0.97,41.87%
12/10/2024,2024-12-1015:59 EST,BA,164.1,Call,165,14637,2024-12-20,10,3.7,3.8,3.9,3.8,15072,0.97,39.07%
12/10/2024,2024-12-1015:59 EST,TSLA,400.99,Call,415,14627,2024-12-20,10,10.95,11.02,11.1,10.95,5081,2.88,62.59%
12/10/2024,2024-12-1015:59 EST,GOOGL,185.17,Call,200,14559,2025-02-21,73,4.75,4.83,4.9,4.85,10687,1.36,29.58%
12/10/2024,2024-12-1015:59 EST,TSLA,400.99,Call,385,14490,2024-12-13,3,19.2,19.45,19.7,19.5,9879,1.47,65.37%
12/10/2024,2024-12-1015:59 EST,GOOGL,185.17,Call,200,14456,2024-12-20,10,0.37,0.38,0.38,0.38,8827,1.64,32.71%
12/10/2024,2024-12-1015:59 EST,NVDA,135.07,Call,135,14421,2024-12-20,10,3.8,3.88,3.95,3.95,55617,0.26,42.99%
12/10/2024,2024-12-1015:59 EST,INTC,20.16,Call,20,14396,2024-12-13,3,0.48,0.49,0.5,0.49,1453,9.91,55.52%
12/10/2024,2024-12-1015:59 EST,GOOG,186.53,Call,190,14373,2025-01-17,38,4.8,4.82,4.85,4.82,13101,1.1,25.05%
12/10/2024,2024-12-1015:59 EST,PLTR,70.89,Call,73,14127,2024-12-13,3,1.27,1.31,1.34,1.3,8115,1.74,84.02%
12/10/2024,2024-12-1015:59 EST,AMD,127.74,Call,129,14026,2024-12-13,3,1.54,1.57,1.6,1.59,387,36.24,46.14%
12/10/2024,2024-12-1015:59 EST,NVDA,135.07,Call,140,14025,2024-12-27,17,2.6,2.7,2.8,2.62,11688,1.2,38.63%
12/10/2024,2024-12-1015:59 EST,PLTR,70.89,Put,71,13971,2024-12-13,3,2.03,2.09,2.16,2.08,3506,3.98,79.40%
12/10/2024,2024-12-1015:59 EST,AAPL,247.77,Call,260,13949,2025-01-17,38,1.74,1.8,1.85,1.74,76553,0.18,17.29%
12/10/2024,2024-12-1015:59 EST,GOOGL,185.17,Call,195,13937,2024-12-13,3,0.19,0.2,0.21,0.21,603,23.11,38.63%
12/10/2024,2024-12-1015:59 EST,SMCI,40.54,Call,45,13923,2024-12-13,3,0.45,0.46,0.47,0.48,10111,1.38,124.01%
12/10/2024,2024-12-1015:59 EST,META,619.32,Call,630,13881,2024-12-13,3,3.25,3.33,3.4,3.35,4565,3.04,32.94%
12/10/2024,2024-12-1015:59 EST,NVDA,135.07,Call,160,13871,2025-01-17,38,1.05,1.07,1.09,1.08,74028,0.19,42.00%
12/10/2024,2024-12-1015:59 EST,NVDA,135.07,Call,144,13837,2024-12-20,10,0.95,0.99,1.03,1.02,16263,0.85,42.85%
12/10/2024,2024-12-1015:59 EST,AMD,127.74,Put,128,13788,2024-12-13,3,2.05,2.12,2.18,2.14,3442,4.01,43.89%
12/10/2024,2024-12-1015:59 EST,NVDA,135.07,Put,120,13668,2024-12-20,10,0.33,0.34,0.35,0.34,71270,0.19,49.64%
12/10/2024,2024-12-1015:59 EST,GOOGL,185.17,Call,195,13635,2025-01-17,38,2.25,2.5,2.75,2.71,12988,1.05,25.39%
12/10/2024,2024-12-1015:59 EST,RIOT,11.1,Call,12,13611,2024-12-13,3,0.18,0.19,0.2,0.2,11560,1.18,127.55%
12/10/2024,2024-12-1015:59 EST,MSFT,443.33,Call,460,13579,2024-12-13,3,0.12,0.18,0.24,0.16,6705,2.03,23.27%
12/10/2024,2024-12-1015:59 EST,WBA,10.42,Put,10,13555,2024-12-20,10,0.25,0.27,0.29,0.29,9737,1.39,69.19%
12/10/2024,2024-12-1015:59 EST,GME,26.93,Call,30,13497,2024-12-13,3,0.89,0.9,0.91,0.9,15773,0.86,203.14%
12/10/2024,2024-12-1015:59 EST,PLTR,70.89,Put,68,13366,2024-12-13,3,0.69,0.79,0.9,0.88,4564,2.93,80.06%
12/10/2024,2024-12-1015:58 EST,GSAT,2.29,Call,2,13362,2025-01-17,38,0.45,0.48,0.5,0.49,53039,0.25,116.33%
12/10/2024,2024-12-1015:59 EST,TSLA,400.99,Call,397.5,13277,2024-12-13,3,11.15,11.28,11.4,11.2,4119,3.22,64.20%
12/10/2024,2024-12-1015:59 EST,GOOGL,185.17,Call,195,13229,2024-12-20,10,0.77,0.78,0.79,0.77,9716,1.36,30.16%
12/10/2024,2024-12-1015:59 EST,CLSK,12.94,Call,15,13184,2024-12-13,3,0.11,0.12,0.13,0.12,14388,0.92,144.86%
12/10/2024,2024-12-1015:59 EST,NVDA,135.07,Put,134,13153,2024-12-20,10,3.1,3.3,3.5,3.13,20610,0.64,41.76%
12/10/2024,2024-12-1015:59 EST,TSLA,400.99,Call,500,13095,2025-01-17,38,8.45,8.52,8.6,8.5,29817,0.44,68.33%
12/10/2024,2024-12-1015:59 EST,MARA,22.805,Call,30,13050,2025-01-17,38,1.91,1.92,1.94,1.9,72101,0.18,138.27%
12/10/2024,2024-12-1014:29 EST,LCID,2.36,Put,3,13049,2025-01-17,38,0.69,0.75,0.8,0.74,135852,0.1,98.44%
12/10/2024,2024-12-1015:59 EST,PLTR,70.89,Put,70,12908,2024-12-20,10,2.85,2.89,2.93,2.87,8343,1.55,71.70%
12/10/2024,2024-12-1015:59 EST,TSLA,400.99,Put,365,12902,2024-12-13,3,0.79,0.81,0.83,0.84,10843,1.19,71.66%
12/10/2024,2024-12-1015:59 EST,PLTR,70.89,Call,76,12874,2024-12-13,3,0.63,0.66,0.69,0.67,6455,1.99,90.54%
12/10/2024,2024-12-1015:59 EST,NVDA,135.07,Put,132,12765,2024-12-20,10,2.29,2.35,2.41,2.32,20717,0.62,42.09%
12/10/2024,2024-12-1015:59 EST,AMD,127.74,Call,135,12752,2024-12-13,3,0.31,0.32,0.32,0.32,10004,1.27,49.72%
12/10/2024,2024-12-1015:59 EST,RGTI,6.49,Call,5,12677,2024-12-20,10,1.85,1.88,1.9,1.85,18612,0.68,243.96%
12/10/2024,2024-12-1015:59 EST,NVDA,135.07,Put,130,12672,2025-01-17,38,4.4,4.6,4.8,4.5,89157,0.14,40.85%
12/10/2024,2024-12-1015:59 EST,NVDA,135.07,Put,125,12565,2024-12-13,3,0.15,0.16,0.17,0.16,10853,1.16,54.63%
12/10/2024,2024-12-1015:59 EST,C,72.5,Put,72,12548,2024-12-20,10,0.77,0.89,1.01,0.81,14244,0.88,22.08%
12/10/2024,2024-12-1015:59 EST,META,619.32,Call,620,12535,2024-12-27,17,14.25,14.9,15.55,14.88,8686,1.44,27.41%
12/10/2024,2024-12-1015:59 EST,AVGO,171.81,Call,180,12535,2024-12-13,3,3,3.05,3.1,3.07,7514,1.67,99.48%
12/10/2024,2024-12-1015:59 EST,GOOGL,185.17,Call,187.5,12393,2024-12-20,10,2.48,2.53,2.57,2.52,2645,4.69,28.28%
12/10/2024,2024-12-1015:59 EST,SMCI,40.54,Call,40,12380,2024-12-13,3,1.95,2.01,2.07,2.03,5514,2.25,119.44%
12/10/2024,2024-12-1015:59 EST,MSFT,443.33,Call,455,12358,2024-12-13,3,0.37,0.39,0.41,0.37,6935,1.78,21.29%
12/10/2024,2024-12-1015:59 EST,NKE,76.74,Call,79,12324,2024-12-13,3,0.16,0.19,0.21,0.17,3551,3.47,30.78%
12/10/2024,2024-12-1015:59 EST,MRVL,106.68,Call,113,12320,2024-12-13,3,0.23,0.26,0.28,0.25,8605,1.43,50.25%
12/10/2024,2024-12-1015:59 EST,COIN,302.42,Call,400,12293,2024-12-20,10,1.2,1.33,1.45,1.27,11781,1.04,102.98%
12/10/2024,2024-12-1015:59 EST,AMD,127.74,Call,131,12251,2024-12-13,3,0.91,0.92,0.93,0.92,2894,4.23,46.09%
12/10/2024,2024-12-1015:59 EST,GOOGL,185.17,Call,180,12220,2025-01-17,38,9.45,9.5,9.55,9.5,25925,0.47,25.92%
12/10/2024,2024-12-1015:59 EST,X,35.26,Call,45,12209,2024-12-27,17,0.75,1,1.25,0.94,26993,0.45,118.82%
12/10/2024,2024-12-1015:59 EST,TSLA,400.99,Put,350,12186,2024-12-20,10,1.65,1.67,1.7,1.71,15047,0.81,62.58%
12/10/2024,2024-12-1015:59 EST,INTC,20.16,Put,20,12184,2024-12-13,3,0.3,0.31,0.31,0.31,11165,1.09,53.18%
12/10/2024,2024-12-1015:59 EST,M,16.72,Put,15.5,12129,2024-12-13,3,0.34,0.36,0.37,0.36,2199,5.52,142.93%
12/10/2024,2024-12-1015:59 EST,TSLA,400.99,Call,417.5,12057,2024-12-13,3,3.8,3.85,3.9,3.8,5974,2.02,66.93%
12/10/2024,2024-12-1015:54 EST,ALK,61.29,Call,57.5,12056,2025-01-17,38,5.2,5.6,6,5.4,4221,2.86,40.16%
12/10/2024,2024-12-1015:59 EST,RGTI,6.49,Call,3,12042,2025-01-17,38,3.5,3.65,3.8,3.62,5447,2.21,184.96%
12/10/2024,2024-12-1015:59 EST,PLTR,70.89,Call,72,11962,2024-12-13,3,1.65,1.66,1.67,1.65,7885,1.52,83.17%
12/10/2024,2024-12-1015:59 EST,NVDA,135.07,Call,138,11895,2024-12-20,10,2.48,2.57,2.65,2.6,17710,0.67,42.43%
12/10/2024,2024-12-1015:58 EST,NVDA,135.07,Call,155,11864,2024-12-27,17,0.33,0.34,0.35,0.33,29388,0.4,40.51%
12/10/2024,2024-12-1015:58 EST,ARM,137.29,Put,130,11790,2024-12-13,3,0.5,0.54,0.58,0.52,828,14.24,57.37%
12/10/2024,2024-12-1015:59 EST,GOOGL,185.17,Call,192.5,11682,2024-12-13,3,0.34,0.36,0.37,0.35,886,13.19,35.68%
12/10/2024,2024-12-1015:59 EST,NVDA,135.07,Put,131,11673,2024-12-13,3,0.65,0.72,0.79,0.79,8632,1.35,47.42%
12/10/2024,2024-12-1015:58 EST,GSAT,2.29,Call,3,11515,2025-01-17,38,0.15,0.18,0.2,0.2,24492,0.47,139.78%
12/10/2024,2024-12-1015:59 EST,TSLA,400.99,Call,400,11505,2024-12-27,17,20.25,20.55,20.85,20.55,11874,0.97,56.99%
12/10/2024,2024-12-1015:58 EST,PLTR,70.89,Put,50,11496,2025-01-17,38,0.3,0.31,0.31,0.31,40924,0.28,68.77%
12/10/2024,2024-12-1015:55 EST,COIN,302.42,Call,375,11479,2024-12-13,3,0.31,0.35,0.38,0.35,11926,0.96,120.93%
12/10/2024,2024-12-1015:59 EST,ARM,137.29,Call,145,11459,2024-12-13,3,0.65,0.68,0.7,0.66,1981,5.78,60.57%
12/10/2024,2024-12-1015:59 EST,WBA,10.42,Call,11,11307,2024-12-13,3,0.1,0.13,0.15,0.13,431,26.23,89.49%
12/10/2024,2024-12-1015:56 EST,HSY,187.19,Call,210,11257,2025-02-21,73,3.3,3.6,3.9,3.5,442,25.47,31.99%
12/10/2024,2024-12-1015:59 EST,SOUN,14.225,Call,15,11232,2024-12-13,3,0.55,0.59,0.63,0.6,6621,1.7,177.14%
12/10/2024,2024-12-1015:59 EST,MARA,22.805,Call,27,11232,2024-12-13,3,0.14,0.15,0.16,0.15,13005,0.86,143.93%
12/10/2024,2024-12-1016:00 EST,TSLA,400.99,Call,420,11206,2025-01-17,38,25.4,25.53,25.65,25.49,12349,0.91,63.31%
12/10/2024,2024-12-1015:59 EST,NVDA,135.07,Put,137,11142,2024-12-20,10,4.55,4.88,5.2,4.75,7413,1.5,42.24%
12/10/2024,2024-12-1015:59 EST,STLA,13.89,Call,22,11139,2026-01-16,402,0.35,0.4,0.45,0.45,6954,1.6,36.21%
12/10/2024,2024-12-1015:59 EST,META,619.32,Call,620,11088,2024-12-13,3,6.9,7.1,7.3,6.9,4408,2.52,31.82%
12/10/2024,2024-12-1015:59 EST,NVDA,135.07,Put,135,11025,2025-01-17,38,5.85,6.5,7.15,6.75,29959,0.37,40.70%
12/10/2024,2024-12-1015:55 EST,MPW,4.1,Put,4,10977,2024-12-20,10,0.16,0.17,0.17,0.16,74746,0.15,76.72%
12/10/2024,2024-12-1015:59 EST,ORCL,177.74,Call,180,10903,2024-12-13,3,1.3,1.35,1.39,1.38,902,12.09,35.84%
12/10/2024,2024-12-1015:59 EST,AI,41.73,Call,40,10892,2024-12-13,3,2.4,2.49,2.57,2.46,2437,4.47,96.15%
12/10/2024,2024-12-1015:57 EST,DASH,173.9,Call,185,10881,2024-12-13,3,0.16,0.17,0.18,0.17,339,32.1,42.93%
12/10/2024,2024-12-1015:59 EST,TSLA,400.99,Put,387.5,10878,2024-12-13,3,3.8,3.85,3.9,3.85,1880,5.79,63.72%
12/10/2024,2024-12-1015:59 EST,PYPL,88.76,Call,130,10807,2025-03-21,101,0.46,0.52,0.57,0.5,343,31.51,42.71%
12/10/2024,2024-12-1015:56 EST,NVDA,135.07,Put,140,10789,2024-12-27,17,7.15,7.55,7.95,7.1,12213,0.88,41.03%
12/10/2024,2024-12-1015:57 EST,INTC,20.16,Call,27.5,10742,2025-01-17,38,0.12,0.13,0.14,0.13,46232,0.23,62.56%
12/10/2024,2024-12-1015:50 EST,HSY,187.19,Call,220,10739,2025-02-21,73,0.1,1.18,2.25,2.3,452,23.76,27.59%
12/10/2024,2024-12-1015:59 EST,AMD,127.74,Call,132,10729,2024-12-13,3,0.69,0.71,0.72,0.71,4829,2.22,46.95%
12/10/2024,2024-12-1015:59 EST,META,619.32,Call,650,10712,2024-12-13,3,0.54,0.57,0.59,0.56,7691,1.39,34.82%
12/10/2024,2024-12-1015:59 EST,AAPL,247.77,Put,245,10683,2024-12-20,10,1.64,1.71,1.79,1.65,9667,1.11,17.92%
12/10/2024,2024-12-1015:59 EST,NVDA,135.07,Call,148,10652,2024-12-20,10,0.5,0.52,0.53,0.53,23632,0.45,43.92%
12/10/2024,2024-12-1015:59 EST,PLTR,70.89,Call,77,10639,2024-12-13,3,0.5,0.53,0.55,0.53,8323,1.28,92.23%
12/10/2024,2024-12-1015:59 EST,X,35.26,Put,33,10630,2024-12-20,10,0.78,0.84,0.9,0.9,8625,1.23,80.96%
12/10/2024,2024-12-1015:59 EST,SMCI,40.54,Put,39,10577,2024-12-13,3,0.94,0.99,1.03,1,3993,2.65,115.67%
12/10/2024,2024-12-1015:59 EST,MSTR,377.32,Call,400,10560,2024-12-13,3,7.5,7.68,7.85,7.6,9381,1.13,117.29%
12/10/2024,2024-12-1015:59 EST,QBTS,4.68,Call,5,10544,2024-12-20,10,0.45,0.5,0.55,0.55,8517,1.24,219.08%
12/10/2024,2024-12-1015:59 EST,NVDA,135.07,Put,130,10543,2024-12-27,17,2,2.25,2.5,2.27,19949,0.53,38.88%
12/10/2024,2024-12-1015:59 EST,NVDA,135.07,Call,143,10522,2024-12-20,10,1.1,1.2,1.3,1.16,17325,0.61,42.08%
12/10/2024,2024-12-1015:59 EST,PLTR,70.89,Call,74,10522,2024-12-20,10,2.25,2.29,2.33,2.29,4768,2.21,75.35%
12/10/2024,2024-12-1015:59 EST,GOOGL,185.17,Call,177.5,10483,2024-12-13,3,7.65,7.88,8.1,8.05,25513,0.41,37.86%
12/10/2024,2024-12-1015:59 EST,TSLA,400.99,Put,382.5,10437,2024-12-13,3,2.62,2.66,2.7,2.7,2541,4.11,64.62%
12/10/2024,2024-12-1015:59 EST,TSLA,400.99,Put,410,10433,2024-12-13,3,14.45,14.63,14.8,14.75,455,22.93,65.96%
12/10/2024,2024-12-1015:59 EST,INTC,20.16,Call,21,10404,2024-12-13,3,0.13,0.14,0.14,0.14,15942,0.65,58.67%
12/10/2024,2024-12-1015:59 EST,GOOG,186.53,Call,200,10404,2025-02-21,73,5.15,5.2,5.25,5.2,7736,1.34,29.23%
12/10/2024,2024-12-1015:31 EST,AAL,17.49,Call,20,10391,2025-06-20,192,1.4,1.44,1.48,1.42,3297,3.15,44.98%
12/10/2024,2024-12-1015:59 EST,CSCO,58.72,Call,62.5,10386,2025-01-17,38,0.18,0.2,0.22,0.18,25535,0.41,15.86%
12/10/2024,2024-12-1015:59 EST,ORCL,177.74,Call,200,10382,2025-01-17,38,0.77,0.8,0.84,0.8,9969,1.04,27.68%
12/10/2024,2024-12-1015:59 EST,TSLA,400.99,Put,360,10355,2024-12-13,3,0.6,0.62,0.63,0.62,9034,1.15,75.18%
12/10/2024,2024-12-1015:59 EST,CHWY,31.37,Call,33.5,10355,2024-12-13,3,0.14,0.16,0.17,0.13,293,35.34,68.98%
12/10/2024,2024-12-1015:59 EST,MARA,22.805,Call,25,10340,2024-12-13,3,0.33,0.34,0.34,0.34,10331,1,128.10%
12/10/2024,2024-12-1015:59 EST,GOOG,186.53,Put,180,10334,2024-12-13,3,0.27,0.28,0.28,0.28,272,37.99,32.16%
12/10/2024,2024-12-1015:59 EST,NVDA,135.07,Put,135,10308,2024-12-27,17,3.9,4.28,4.65,4.4,12605,0.82,39.25%
12/10/2024,2024-12-1015:59 EST,AAPL,247.77,Put,237.5,10278,2024-12-13,3,0.12,0.14,0.15,0.14,10455,0.98,28.97%
12/10/2024,2024-12-1015:59 EST,NVDA,135.07,Put,128,10275,2024-12-20,10,1.18,1.31,1.44,1.22,10333,0.99,43.59%
12/10/2024,2024-12-1015:58 EST,STLA,13.89,Call,17,10265,2026-01-16,402,1.05,1.1,1.15,1.12,22839,0.45,33.31%
12/10/2024,2024-12-1015:59 EST,PLTR,70.89,Call,75,10152,2024-12-20,10,1.98,2.01,2.03,2.02,19764,0.51,76.63%
12/10/2024,2024-12-1015:59 EST,RIOT,11.1,Call,11.5,10143,2024-12-13,3,0.3,0.31,0.31,0.32,9395,1.08,116.79%
12/10/2024,2024-12-1015:49 EST,ALK,61.29,Call,55,10139,2025-01-17,38,7.1,7.5,7.9,7.38,12237,0.83,43.26%
12/10/2024,2024-12-1015:41 EST,X,35.26,Call,51,10125,2024-12-27,17,0.02,0.36,0.7,0.3,13263,0.76,113.23%
12/10/2024,2024-12-1015:59 EST,BAC,45.75,Call,45,10118,2025-01-17,38,1.98,2.07,2.16,2.11,30700,0.33,28.30%
12/10/2024,2024-12-1015:59 EST,NVDA,135.07,Call,137,10106,2024-12-20,10,2.75,2.93,3.1,2.99,5076,1.99,42.40%
12/10/2024,2024-12-1015:57 EST,WMT,94.55,Put,95,10103,2024-12-20,10,1.51,1.53,1.54,1.51,857,11.79,21.08%
12/10/2024,2024-12-1015:59 EST,PLTR,70.89,Put,74,10080,2024-12-20,10,5.2,5.25,5.3,5.25,5528,1.82,73.87%
12/10/2024,2024-12-1015:59 EST,NVDA,135.07,Call,141,10052,2024-12-20,10,1.5,1.59,1.67,1.63,9920,1.01,42.18%
12/10/2024,2024-12-1015:32 EST,NKLA,1.57,Put,1.5,10051,2024-12-20,10,0.14,0.17,0.19,0.15,11448,0.88,181.97%
12/10/2024,2024-12-1011:24 EST,PLTR,70.89,Put,32,10041,2026-01-16,402,1.91,2.02,2.12,1.84,11111,0.9,69.33%
12/10/2024,2024-12-1015:59 EST,TSLA,400.99,Call,420,10022,2024-12-27,17,12.6,12.8,13,12.8,4459,2.25,58.41%
12/10/2024,2024-12-1015:48 EST,MPW,4.1,Put,3,10006,2025-03-21,101,0.27,0.29,0.3,0.3,11201,0.89,98.01%
12/10/2024,2024-12-1015:59 EST,SMCI,40.54,Call,42,9993,2024-12-13,3,1.08,1.15,1.22,1.16,6410,1.56,120.03%
12/10/2024,2024-12-1015:59 EST,ORCL,177.74,Put,170,9903,2024-12-13,3,0.21,0.24,0.27,0.24,4857,2.04,36.77%
12/10/2024,2024-12-1012:23 EST,COIN,302.42,Call,417.5,9903,2024-12-13,3,0,0.08,0.16,0.19,9939,1,155.31%
12/10/2024,2024-12-1015:59 EST,META,619.32,Call,635,9900,2024-12-13,3,2.13,2.19,2.24,2.2,2901,3.41,33.24%
12/10/2024,2024-12-1015:59 EST,PLTR,70.89,Put,74,9895,2024-12-13,3,4,4.08,4.15,4,3961,2.5,80.45%
12/10/2024,2024-12-1015:59 EST,NVDA,135.07,Put,131,9889,2024-12-20,10,1.52,1.82,2.11,2.02,6031,1.64,42.82%
12/10/2024,2024-12-1015:59 EST,TSLA,400.99,Call,425,9881,2024-12-27,17,11.1,11.3,11.5,11.2,5363,1.84,58.44%
12/10/2024,2024-12-1015:48 EST,PLTR,70.89,Call,25,9864,2026-06-18,555,48.5,49.3,50.1,49.11,10320,0.96,71.38%
12/10/2024,2024-12-1015:59 EST,MU,98.1,Call,105,9856,2024-12-13,3,0.23,0.24,0.25,0.25,5208,1.89,57.99%
12/10/2024,2024-12-1015:59 EST,AMD,127.74,Call,140,9854,2024-12-20,10,0.51,0.53,0.54,0.52,19709,0.5,44.45%
12/10/2024,2024-12-1015:59 EST,NVDA,135.07,Call,165,9841,2025-01-17,38,0.69,0.71,0.72,0.7,35934,0.27,42.39%
12/10/2024,2024-12-1015:50 EST,PLTR,70.89,Call,27,9798,2026-12-18,738,48.6,49.03,49.45,48.65,1033,9.48,67.56%
12/10/2024,2024-12-1015:59 EST,GOOGL,185.17,Call,190,9791,2024-12-27,17,2.15,2.25,2.34,2.3,2078,4.71,25.77%
12/10/2024,2024-12-1015:59 EST,PLTR,70.89,Call,80,9766,2024-12-20,10,1.02,1.05,1.07,1.04,33701,0.29,81.41%
12/10/2024,2024-12-1015:59 EST,META,619.32,Call,625,9753,2024-12-13,3,4.8,4.93,5.05,4.9,5196,1.88,32.49%
12/10/2024,2024-12-1015:59 EST,SMCI,40.54,Call,41,9736,2024-12-13,3,1.49,1.53,1.56,1.55,4215,2.31,119.67%
12/10/2024,2024-12-1012:49 EST,RIG,3.98,Put,5,9622,2026-01-16,402,1.41,1.46,1.51,1.43,6326,1.52,26.99%
12/10/2024,2024-12-1015:59 EST,AMC,4.45,Call,5,9619,2024-12-20,10,0.11,0.11,0.12,0.12,47377,0.2,103.65%
12/10/2024,2024-12-1015:59 EST,INTC,20.16,Call,25,9616,2025-01-17,38,0.22,0.23,0.24,0.24,82133,0.12,56.26%
12/10/2024,2024-12-1015:59 EST,TSLA,400.99,Put,392.5,9609,2024-12-13,3,5.35,5.45,5.55,5.45,1007,9.54,63.58%
12/10/2024,2024-12-1015:59 EST,NVDA,135.07,Put,130,9584,2025-03-21,101,9.35,9.93,10.5,10.25,65265,0.15,47.89%
12/10/2024,2024-12-1015:59 EST,TSLA,400.99,Call,450,9572,2025-01-17,38,16.75,16.88,17,16.85,17387,0.55,65.11%
12/10/2024,2024-12-1015:59 EST,EQT,43.05,Call,50,9561,2025-06-20,192,2.3,2.43,2.56,2.39,646,14.8,36.82%
12/10/2024,2024-12-1015:59 EST,AMD,127.74,Call,135,9515,2024-12-20,10,1.15,1.17,1.18,1.16,10697,0.89,42.29%
12/10/2024,2024-12-1015:59 EST,AAPL,247.77,Call,247.5,9493,2024-12-20,10,3.2,3.25,3.3,3.2,7920,1.2,17.84%
12/10/2024,2024-12-1015:57 EST,PFE,25.57,Put,25.5,9467,2024-12-20,10,0.52,0.54,0.57,0.54,6411,1.48,33.76%
12/10/2024,2024-12-1015:59 EST,MSFT,443.33,Call,450,9407,2024-12-20,10,2.8,2.95,3.1,3,33629,0.28,18.86%
12/10/2024,2024-12-1015:59 EST,SOFI,15.29,Call,17,9344,2024-12-20,10,0.18,0.2,0.22,0.19,23414,0.4,70.58%
12/10/2024,2024-12-1015:59 EST,BABA,89.83,Call,100,9341,2024-12-20,10,0.57,0.6,0.62,0.61,38008,0.25,58.47%
12/10/2024,2024-12-1015:57 EST,PLTR,70.89,Call,81,9319,2024-12-13,3,0.22,0.24,0.25,0.21,4990,1.87,101.87%
12/10/2024,2024-12-1015:59 EST,PLTR,70.89,Put,67,9309,2024-12-13,3,0.64,0.65,0.65,0.64,9427,0.99,81.15%
12/10/2024,2024-12-1015:59 EST,JPM,242.86,Call,247.5,9280,2024-12-13,3,0.6,0.65,0.7,0.65,3279,2.83,25.19%
12/10/2024,2024-12-1015:59 EST,GOOGL,185.17,Put,175,9243,2024-12-13,3,0.12,0.13,0.13,0.13,2286,4.04,38.10%
12/10/2024,2024-12-1015:59 EST,TSLA,400.99,Put,360,9235,2024-12-20,10,2.66,2.7,2.74,2.75,6630,1.39,60.73%
12/10/2024,2024-12-1015:56 EST,HOOD,37.36,Put,36,9203,2024-12-13,3,0.38,0.42,0.46,0.49,1110,8.29,71.88%
12/10/2024,2024-12-1015:59 EST,AMD,127.74,Put,130,9167,2024-12-20,10,4.5,4.58,4.65,4.61,17249,0.53,40.52%
12/10/2024,2024-12-1015:59 EST,ORCL,177.74,Put,175,9159,2024-12-13,3,1,1.07,1.14,1.08,5521,1.66,34.47%
12/10/2024,2024-12-1015:58 EST,X,35.26,Call,50,9151,2025-01-17,38,0.55,0.6,0.65,0.55,57254,0.16,84.28%
12/10/2024,2024-12-1015:00 EST,COIN,302.42,Call,372.5,9148,2024-12-13,3,0.21,0.46,0.72,0.41,9116,1,120.97%
12/10/2024,2024-12-1015:59 EST,GOOGL,185.17,Put,185,9134,2024-12-13,3,1.85,1.89,1.92,1.92,108,84.57,30.34%
12/10/2024,2024-12-1015:59 EST,SFIX,4.6,Put,4,9124,2024-12-13,3,0.25,0.28,0.3,0.3,1632,5.59,355.23%
12/10/2024,2024-12-1015:59 EST,AAL,17.49,Call,17,9123,2024-12-20,10,0.78,0.79,0.8,0.8,4771,1.91,44.95%
12/10/2024,2024-12-1015:59 EST,APP,321.06,Put,300,9114,2024-12-20,10,6.7,7,7.3,6.7,1344,6.78,73.46%
12/10/2024,2024-12-1015:59 EST,NVDA,135.07,Call,134,9084,2024-12-13,3,2.76,2.84,2.91,2.83,4619,1.97,45.75%
12/10/2024,2024-12-1015:59 EST,TSLA,400.99,Put,350,9068,2025-01-17,38,9.55,9.65,9.75,9.74,7511,1.21,59.60%
12/10/2024,2024-12-1010:22 EST,RIG,3.98,Put,7,9056,2026-01-16,402,2.85,3.13,3.4,3.08,775,11.69,50.72%
12/10/2024,2024-12-1015:59 EST,MSFT,443.33,Put,440,9054,2024-12-13,3,1.73,1.87,2,1.82,4240,2.14,20.41%
12/10/2024,2024-12-1015:59 EST,NVDA,135.07,Put,128,9027,2024-12-13,3,0.32,0.33,0.35,0.33,7572,1.19,49.63%
12/10/2024,2024-12-1015:59 EST,GOOG,186.53,Put,185,9001,2024-12-13,3,1.28,1.3,1.31,1.3,111,81.09,29.68%
12/10/2024,2024-12-1015:59 EST,SMCI,40.54,Call,50,8979,2024-12-20,10,0.61,0.63,0.65,0.65,24022,0.37,118.54%
12/10/2024,2024-12-1015:59 EST,NVDA,135.07,Put,138,8885,2024-12-20,10,5,5.25,5.5,5.35,17289,0.51,42.14%
12/10/2024,2024-12-1015:59 EST,MSFT,443.33,Call,447.5,8881,2024-12-13,3,1.53,1.64,1.75,1.7,3073,2.89,20.70%
12/10/2024,2024-12-1015:59 EST,NVDA,135.07,Call,146,8872,2024-12-20,10,0.7,0.72,0.73,0.71,18407,0.48,42.83%
12/10/2024,2024-12-1015:59 EST,BABA,89.83,Call,100,8871,2024-12-13,3,0.17,0.18,0.19,0.19,14971,0.59,78.20%
12/10/2024,2024-12-1015:59 EST,TSLA,400.99,Call,460,8847,2024-12-27,17,4.8,4.85,4.9,4.85,972,9.1,62.74%
12/10/2024,2024-12-1015:59 EST,BA,164.1,Call,170,8738,2025-01-17,38,5.4,5.55,5.7,5.5,12608,0.69,37.95%
12/10/2024,2024-12-1015:43 EST,RIOT,11.1,Call,20,8736,2025-03-21,101,1.18,1.22,1.26,1.22,15764,0.55,136.30%
12/10/2024,2024-12-1015:57 EST,WULF,6.72,Call,15,8729,2025-01-17,38,0.1,0.13,0.15,0.11,32401,0.27,161.27%
12/10/2024,2024-12-1015:59 EST,ORCL,177.74,Put,172.5,8701,2024-12-13,3,0.46,0.49,0.51,0.5,2060,4.22,34.83%
12/10/2024,2024-12-1015:48 EST,C,72.5,Put,73,8689,2024-12-20,10,1.25,1.38,1.5,1.34,10603,0.82,22.65%
12/10/2024,2024-12-1015:59 EST,WBA,10.42,Call,10,8675,2025-01-17,38,1.04,1.11,1.17,1.04,49693,0.17,64.26%
12/10/2024,2024-12-1015:42 EST,NVDA,135.07,Call,120,8647,2024-12-13,3,14.6,15.6,16.6,15.05,725,11.93,138.85%
12/10/2024,2024-12-1015:59 EST,GME,26.93,Put,25,8642,2024-12-13,3,0.77,0.79,0.82,0.81,6152,1.4,169.78%
12/10/2024,2024-12-1015:59 EST,AVGO,171.81,Call,190,8636,2024-12-13,3,1,1.1,1.19,1.17,8326,1.04,101.75%
12/10/2024,2024-12-1015:53 EST,DASH,173.9,Put,170,8619,2024-12-13,3,0.9,0.98,1.06,1.08,716,12.04,39.74%
12/10/2024,2024-12-1015:59 EST,INTC,20.16,Call,24,8565,2025-01-17,38,0.31,0.33,0.35,0.31,41673,0.21,53.14%
12/10/2024,2024-12-1015:59 EST,NVDA,135.07,Put,133,8558,2024-12-20,10,2.35,2.58,2.81,2.78,8210,1.04,42.81%
12/10/2024,2024-12-1015:56 EST,AI,41.73,Put,30,8545,2025-01-17,38,0.13,0.23,0.32,0.26,14456,0.59,71.10%
12/10/2024,2024-12-1015:59 EST,SMCI,40.54,Call,45,8463,2024-12-20,10,1.37,1.42,1.47,1.42,14118,0.6,111.63%
12/10/2024,2024-12-1015:59 EST,TSLA,400.99,Call,450,8449,2024-12-27,17,6.1,6.18,6.25,6.1,3479,2.43,61.28%
12/10/2024,2024-12-1015:42 EST,CORZ,15.78,Call,17,8449,2024-12-20,10,0.35,0.4,0.45,0.44,22255,0.38,84.94%
12/10/2024,2024-12-1015:42 EST,BAC,45.75,Put,45,8424,2025-01-17,38,0.39,0.79,1.19,1.02,5152,1.64,24.08%
12/10/2024,2024-12-1015:59 EST,STLA,13.89,Call,14,8399,2025-01-17,38,0.6,0.63,0.65,0.65,2376,3.53,37.53%
12/10/2024,2024-12-1015:59 EST,PLTR,70.89,Put,69,8351,2024-12-13,3,1.17,1.19,1.22,1.2,4667,1.79,79.64%
12/10/2024,2024-12-1015:59 EST,AAPL,247.77,Put,240,8340,2024-12-20,10,0.66,0.68,0.69,0.68,17677,0.47,20.00%
12/10/2024,2024-12-1015:59 EST,TSLA,400.99,Call,410,8276,2024-12-27,17,16.15,16.23,16.3,16.21,2850,2.9,57.43%
12/10/2024,2024-12-1015:59 EST,BA,164.1,Call,167.5,8274,2024-12-13,3,1.1,1.3,1.49,1.18,3664,2.26,42.13%
12/10/2024,2024-12-1015:59 EST,HOOD,37.36,Call,40,8269,2024-12-13,3,0.31,0.33,0.34,0.31,13168,0.63,85.06%
12/10/2024,2024-12-1015:48 EST,PLTR,70.89,Put,55,8253,2025-03-21,101,3,3.03,3.05,3.06,9248,0.89,68.91%
12/10/2024,2024-12-1015:59 EST,NVDA,135.07,Call,140,8252,2025-03-21,101,12.5,12.78,13.05,12.59,38216,0.22,49.48%
12/10/2024,2024-12-1015:59 EST,TSLA,400.99,Put,390,8247,2024-12-20,10,10.5,10.63,10.75,10.67,2119,3.89,60.29%
12/10/2024,2024-12-1015:59 EST,AAPL,247.77,Call,250,8234,2025-01-17,38,5.1,5.18,5.25,5.15,107314,0.08,17.86%
12/10/2024,2024-12-1015:59 EST,AVGO,171.81,Call,182.5,8177,2024-12-13,3,2.18,2.31,2.44,2.4,2344,3.49,99.22%
12/10/2024,2024-12-1015:59 EST,AMD,127.74,Call,130,8173,2024-12-20,10,2.58,2.59,2.61,2.59,7152,1.14,41.64%
12/10/2024,2024-12-1015:59 EST,AMD,127.74,Call,150,8171,2024-12-27,17,0.29,0.3,0.3,0.3,17509,0.47,45.34%
12/10/2024,2024-12-1015:59 EST,GOOG,186.53,Call,195,8133,2024-12-13,3,0.26,0.27,0.27,0.27,969,8.39,36.55%
12/10/2024,2024-12-1015:56 EST,INTC,20.16,Call,24,8090,2025-04-17,128,1.34,1.56,1.78,1.38,2390,3.38,55.45%
12/10/2024,2024-12-1015:53 EST,SNOW,171.55,Put,172.5,8048,2024-12-13,3,3.05,3.18,3.3,3.54,6043,1.33,43.48%
12/10/2024,2024-12-1015:59 EST,WBA,10.42,Call,11,7985,2024-12-20,10,0.27,0.28,0.29,0.28,833,9.59,74.18%
12/10/2024,2024-12-1015:59 EST,GOOG,186.53,Call,180,7966,2024-12-13,3,6.75,6.9,7.05,6.9,8126,0.98,33.09%
12/10/2024,2024-12-1015:59 EST,GOOGL,185.17,Call,185,7959,2024-12-27,17,4.3,4.35,4.4,4.35,2221,3.58,25.64%
12/10/2024,2024-12-1015:59 EST,MARA,22.805,Put,23,7953,2024-12-13,3,1.02,1.06,1.09,1.05,8767,0.91,115.17%
12/10/2024,2024-12-1015:59 EST,TSLA,400.99,Put,380,7939,2024-12-20,10,6.9,6.98,7.05,7.03,3292,2.41,59.93%
12/10/2024,2024-12-1015:59 EST,VZ,42.3,Call,43,7920,2024-12-13,3,0.11,0.13,0.14,0.14,4800,1.65,25.73%
12/10/2024,2024-12-1015:59 EST,MSFT,443.33,Call,452.5,7916,2024-12-13,3,0.6,0.63,0.65,0.63,2719,2.91,20.95%
12/10/2024,2024-12-1015:59 EST,AMD,127.74,Call,134,7903,2024-12-13,3,0.39,0.4,0.41,0.4,4072,1.94,48.09%
12/10/2024,2024-12-1015:59 EST,TSLA,400.99,Put,377.5,7862,2024-12-13,3,1.83,1.87,1.9,1.87,2941,2.67,65.82%
12/10/2024,2024-12-1015:59 EST,UBER,64.96,Call,66,7850,2024-12-13,3,0.51,0.55,0.59,0.56,5092,1.54,41.63%
12/10/2024,2024-12-1015:47 EST,PCOR,80.34,Call,80,7817,2024-12-20,10,1.95,2.2,2.45,2,16817,0.46,33.48%
12/10/2024,2024-12-1015:59 EST,AMD,127.74,Put,120,7813,2024-12-13,3,0.2,0.21,0.22,0.22,4641,1.68,50.47%
12/10/2024,2024-12-1015:59 EST,MSTR,377.32,Put,330,7789,2024-12-13,3,2.55,2.78,3,2.87,2101,3.71,133.51%
12/10/2024,2024-12-1015:59 EST,TSLA,400.99,Call,465,7772,2024-12-13,3,0.25,0.26,0.26,0.25,3033,2.56,80.45%
12/10/2024,2024-12-1015:59 EST,RIOT,11.1,Call,11,7772,2024-12-13,3,0.49,0.5,0.5,0.47,2638,2.95,110.41%
12/10/2024,2024-12-1015:46 EST,NVO,109.19,Put,100,7755,2025-01-17,38,2.4,2.45,2.5,2.45,10565,0.73,45.09%
12/10/2024,2024-12-1015:59 EST,TSLA,400.99,Call,382.5,7739,2024-12-13,3,20.6,21.15,21.7,21.45,2106,3.67,65.78%
12/10/2024,2024-12-1015:59 EST,AI,41.73,Call,50,7739,2024-12-13,3,0.17,0.19,0.21,0.19,4868,1.59,137.89%
12/10/2024,2024-12-1015:50 EST,WBA,10.42,Call,15,7736,2025-01-17,38,0.1,0.11,0.11,0.1,27359,0.28,78.26%
12/10/2024,2024-12-1015:55 EST,CVNA,236.52,Call,257.5,7705,2024-12-13,3,0.12,0.24,0.35,0.25,7536,1.02,56.07%
12/10/2024,2024-12-1015:59 EST,SOUN,14.225,Call,15,7699,2024-12-20,10,1.02,1.18,1.34,1.18,4637,1.66,159.00%
12/10/2024,2024-12-1015:52 EST,AAL,17.49,Put,17.5,7690,2024-12-13,3,0.27,0.29,0.3,0.31,1281,6,44.50%
12/10/2024,2024-12-1015:59 EST,NVDA,135.07,Put,142,7684,2024-12-13,3,6.25,7.23,8.2,7.29,11128,0.69,48.78%
12/10/2024,2024-12-1015:59 EST,BA,164.1,Call,180,7684,2024-12-20,10,0.41,0.48,0.54,0.43,17489,0.44,40.27%
12/10/2024,2024-12-1015:59 EST,GOOG,186.53,Call,175,7667,2025-01-17,38,14.05,14.18,14.3,14.17,17093,0.45,26.68%
12/10/2024,2024-12-1015:59 EST,MSFT,443.33,Call,450,7663,2024-12-27,17,4.2,4.48,4.75,4.24,11381,0.67,17.63%
12/10/2024,2024-12-1015:59 EST,NVDA,135.07,Put,140,7637,2025-01-17,38,8.85,9.33,9.8,9.5,43806,0.17,40.18%
12/10/2024,2024-12-1015:57 EST,AVGO,171.81,Put,167.5,7596,2024-12-13,3,3.65,3.78,3.9,3.85,4284,1.77,94.03%
12/10/2024,2024-12-1015:59 EST,MU,98.1,Call,105,7592,2025-01-17,38,4.75,4.83,4.9,4.9,9421,0.81,59.17%
12/10/2024,2024-12-1015:59 EST,MSFT,443.33,Put,445,7572,2024-12-13,3,3.85,4,4.15,4.1,1641,4.61,20.34%
12/10/2024,2024-12-1015:59 EST,PLTR,70.89,Put,73,7557,2024-12-13,3,3.3,3.38,3.45,3.37,4303,1.76,83.40%
12/10/2024,2024-12-1015:59 EST,NVDA,135.07,Call,142,7520,2024-12-27,17,2,2.27,2.54,2.04,8519,0.88,38.77%
12/10/2024,2024-12-1015:59 EST,AVGO,171.81,Call,185,7518,2024-12-13,3,1.76,1.83,1.9,1.9,7346,1.02,100.05%
12/10/2024,2024-12-1015:58 EST,SOUN,14.225,Put,14,7515,2024-12-13,3,0.67,0.72,0.77,0.75,3910,1.92,168.69%
12/10/2024,2024-12-1015:59 EST,NVDA,135.07,Call,160,7513,2024-12-20,10,0.1,0.11,0.11,0.1,57771,0.13,50.41%
12/10/2024,2024-12-1015:59 EST,TSLA,400.99,Call,427.5,7483,2024-12-13,3,2.1,2.14,2.18,2.18,1278,5.86,70.04%
12/10/2024,2024-12-1015:59 EST,COIN,302.42,Call,330,7478,2024-12-13,3,2.19,2.33,2.46,2.34,2692,2.78,96.64%
12/10/2024,2024-12-1015:58 EST,DELL,116.79,Call,135,7472,2025-01-17,38,1,1.05,1.1,1.01,4928,1.52,38.83%
12/10/2024,2024-12-1015:59 EST,AMD,127.74,Call,150,7466,2025-01-17,38,1.18,1.19,1.2,1.19,47021,0.16,42.33%
12/10/2024,2024-12-1015:55 EST,PTON,9.5,Call,10,7460,2024-12-13,3,0.14,0.16,0.17,0.15,9259,0.81,97.18%
12/10/2024,2024-12-1015:59 EST,BA,164.1,Put,155,7458,2024-12-13,3,0.19,0.22,0.25,0.18,2255,3.31,44.07%
12/10/2024,2024-12-1014:46 EST,AVGO,171.81,Call,140,7447,2024-12-13,3,31.4,31.95,32.5,31,119,62.58,108.74%
12/10/2024,2024-12-1015:58 EST,FSLY,10.32,Call,12,7444,2024-12-20,10,0.17,0.19,0.2,0.18,5301,1.4,99.33%
12/10/2024,2024-12-1015:59 EST,COIN,302.42,Call,320,7433,2024-12-13,3,3.8,3.9,4,3.9,2892,2.57,92.25%
12/10/2024,2024-12-1015:59 EST,RIOT,11.1,Call,11,7430,2024-12-20,10,0.78,0.82,0.85,0.83,8237,0.9,105.98%
12/10/2024,2024-12-1015:59 EST,NVDA,135.07,Put,136,7415,2024-12-20,10,3.7,3.98,4.25,4.05,13521,0.55,40.76%
12/10/2024,2024-12-1015:59 EST,GOOGL,185.17,Call,200,7381,2025-03-21,101,5.8,6.05,6.3,6.25,7383,1,28.62%
12/10/2024,2024-12-1015:59 EST,AMD,127.74,Call,135,7378,2025-01-17,38,3.95,4,4.05,4.05,11338,0.65,40.69%
12/10/2024,2024-12-1015:57 EST,IONQ,32.97,Put,30,7377,2024-12-13,3,0.5,0.52,0.54,0.51,1605,4.6,138.12%
12/10/2024,2024-12-1015:59 EST,NVDA,135.07,Call,147,7364,2024-12-20,10,0.59,0.61,0.62,0.6,15419,0.48,43.09%
12/10/2024,2024-12-1015:59 EST,PLTR,70.89,Call,80,7359,2025-01-17,38,2.8,2.83,2.85,2.82,17291,0.43,64.58%
12/10/2024,2024-12-1015:21 EST,MRNA,41.51,Put,105,7339,2025-01-17,38,62.95,63.45,63.95,63.7,13165,0.56,157.51%
12/10/2024,2024-12-1015:59 EST,MSTR,377.32,Put,350,7312,2024-12-13,3,5.1,5.53,5.95,5.7,4547,1.61,120.00%
12/10/2024,2024-12-1015:59 EST,GME,26.93,Call,35,7310,2024-12-13,3,0.41,0.43,0.45,0.42,11569,0.63,249.22%
12/10/2024,2024-12-1015:47 EST,XFOR,0.6734,Call,0.5,7309,2025-01-17,38,0.25,0.33,0.4,0.35,4702,1.55,356.14%
12/10/2024,2024-12-1015:59 EST,MSTR,377.32,Call,450,7300,2024-12-13,3,2.07,2.18,2.3,2.07,6820,1.07,141.57%
12/10/2024,2024-12-1015:59 EST,SOFI,15.29,Call,16,7276,2024-12-20,10,0.38,0.42,0.46,0.4,17415,0.42,66.96%
12/10/2024,2024-12-1015:59 EST,RIVN,14.06,Put,14.5,7240,2024-12-13,3,0.69,0.71,0.73,0.71,2994,2.42,89.10%
12/10/2024,2024-12-1015:59 EST,RVPH,2.52,Call,5,7205,2024-12-20,10,0.25,0.3,0.35,0.3,7770,0.93,486.76%
12/10/2024,2024-12-1015:59 EST,NVDA,135.07,Put,129,7189,2024-12-27,17,1.49,1.98,2.46,2,1046,6.87,39.34%
12/10/2024,2024-12-1015:59 EST,AMC,4.45,Call,4.5,7186,2024-12-13,3,0.12,0.13,0.13,0.13,5944,1.21,94.83%
12/10/2024,2024-12-1015:59 EST,TSLA,400.99,Call,460,7170,2024-12-13,3,0.31,0.32,0.33,0.33,3982,1.8,79.00%
12/10/2024,2024-12-1015:33 EST,CVS,55.15,Put,50,7162,2025-03-21,101,1.73,1.81,1.88,1.8,9650,0.74,34.95%
12/10/2024,2024-12-1015:25 EST,BTDR,18.9,Call,20,7157,2025-03-21,101,4,4.3,4.6,4.2,12150,0.59,115.57%
12/10/2024,2024-12-1015:58 EST,AAPL,247.77,Put,200,7156,2025-01-17,38,0.18,0.21,0.23,0.22,147285,0.05,34.18%
12/10/2024,2024-12-1015:58 EST,TSLA,400.99,Put,330,7147,2024-12-20,10,0.73,0.75,0.77,0.77,17029,0.42,69.73%
12/10/2024,2024-12-1015:59 EST,TSLA,400.99,Call,610,7143,2025-01-17,38,2.29,2.33,2.36,2.29,64922,0.11,76.27%
12/10/2024,2024-12-1015:58 EST,INTC,20.16,Put,20,7127,2024-12-20,10,0.57,0.59,0.61,0.6,27774,0.26,51.48%
12/10/2024,2024-12-1015:58 EST,HOOD,37.36,Put,37,7124,2024-12-13,3,0.7,0.77,0.85,0.88,2528,2.82,70.64%
12/10/2024,2024-12-1015:59 EST,AI,41.73,Call,50,7114,2024-12-20,10,0.44,0.56,0.67,0.49,1730,4.11,97.37%
12/10/2024,2024-12-1015:59 EST,BA,164.1,Put,160,7100,2024-12-13,3,0.63,0.77,0.9,0.85,1734,4.09,40.14%
12/10/2024,2024-12-1015:59 EST,RIVN,14.06,Call,14.5,7088,2024-12-13,3,0.27,0.29,0.3,0.28,4034,1.76,90.15%
12/10/2024,2024-12-1015:59 EST,ORCL,177.74,Call,175,7085,2024-12-13,3,3.75,3.88,4,3.93,305,23.23,35.52%
12/10/2024,2024-12-1015:59 EST,TSLA,400.99,Call,470,7057,2024-12-13,3,0.19,0.2,0.2,0.21,3546,1.99,82.20%
12/10/2024,2024-12-1015:43 EST,NVO,109.19,Put,105,7027,2024-12-20,10,2.78,2.97,3.15,3.1,14592,0.48,70.03%
12/10/2024,2024-12-1015:59 EST,CVNA,236.52,Call,260,7024,2024-12-20,10,1.07,1.22,1.36,1.24,4689,1.5,48.95%
12/10/2024,2024-12-1015:59 EST,SOFI,15.29,Call,15,7016,2025-01-17,38,1.49,1.5,1.51,1.5,117389,0.06,67.57%
12/10/2024,2024-12-1015:59 EST,AMD,127.74,Put,126,7013,2024-12-13,3,1.21,1.25,1.28,1.28,2646,2.65,44.67%
12/10/2024,2024-12-1015:59 EST,SOUN,14.225,Put,13,7012,2024-12-13,3,0.32,0.4,0.47,0.34,5674,1.24,164.96%
12/10/2024,2024-12-1015:59 EST,SOFI,15.29,Call,15.5,6982,2024-12-13,3,0.28,0.3,0.32,0.3,4419,1.58,70.73%
12/10/2024,2024-12-1015:59 EST,PLTR,70.89,Call,79,6975,2024-12-13,3,0.33,0.36,0.38,0.35,8258,0.84,97.11%
12/10/2024,2024-12-1015:59 EST,RIVN,14.06,Put,14,6960,2024-12-13,3,0.39,0.41,0.42,0.42,3999,1.74,89.04%
12/10/2024,2024-12-1015:59 EST,MARA,22.805,Put,22,6952,2024-12-13,3,0.55,0.57,0.58,0.55,11516,0.6,110.96%
12/10/2024,2024-12-1015:59 EST,AMD,127.74,Call,133,6933,2024-12-13,3,0.53,0.54,0.54,0.53,4770,1.45,47.34%
12/10/2024,2024-12-1014:10 EST,CRDF,3.78,Put,2.5,6887,2025-01-17,38,0.15,0.2,0.25,0.11,8041,0.86,165.88%
12/10/2024,2024-12-1015:59 EST,TSLA,400.99,Call,380,6871,2024-12-13,3,23.2,23.4,23.6,23.5,12567,0.55,66.46%
12/10/2024,2024-12-1015:59 EST,TSLA,400.99,Call,350,6861,2025-01-17,38,62.5,62.78,63.05,62.72,22596,0.3,60.61%
12/10/2024,2024-12-1015:47 EST,PTON,9.5,Call,10.5,6854,2024-12-20,10,0.24,0.28,0.32,0.25,2823,2.43,94.59%
12/10/2024,2024-12-1015:59 EST,TSLA,400.99,Call,452.5,6828,2024-12-13,3,0.46,0.48,0.49,0.48,958,7.13,76.10%
12/10/2024,2024-12-1015:59 EST,GOOG,186.53,Call,192.5,6801,2024-12-13,3,0.45,0.46,0.48,0.46,148,45.95,33.60%
12/10/2024,2024-12-1015:59 EST,NVDA,135.07,Call,180,6755,2025-01-17,38,0.23,0.24,0.24,0.24,41098,0.16,45.60%
12/10/2024,2024-12-1015:59 EST,TSLA,400.99,Call,377.5,6722,2024-12-13,3,25,25.5,26,25.49,1835,3.66,65.70%
12/10/2024,2024-12-1015:59 EST,SMCI,40.54,Call,43,6721,2024-12-13,3,0.79,0.83,0.87,0.84,5568,1.21,119.58%
12/10/2024,2024-12-1015:59 EST,RIVN,14.06,Call,16,6716,2024-12-20,10,0.19,0.21,0.22,0.2,13743,0.49,83.81%
12/10/2024,2024-12-1015:58 EST,NIO,4.77,Call,5,6706,2024-12-20,10,0.18,0.19,0.2,0.2,79084,0.08,92.75%
12/10/2024,2024-12-1015:58 EST,NIO,4.77,Call,6,6690,2025-01-17,38,0.24,0.25,0.25,0.25,63975,0.1,100.79%
12/10/2024,2024-12-1015:59 EST,GOOG,186.53,Call,200,6670,2024-12-20,10,0.44,0.45,0.47,0.46,10533,0.63,31.81%
12/10/2024,2024-12-1015:58 EST,CCJ,56.42,Call,57,6669,2024-12-13,3,0.83,0.91,0.98,0.9,131,50.91,56.56%
12/10/2024,2024-12-1015:58 EST,MSFT,443.33,Call,447.5,6658,2024-12-27,17,5,5.2,5.4,5.2,102,65.27,17.63%
12/10/2024,2024-12-1015:59 EST,NVDA,135.07,Call,138,6641,2025-01-17,38,6,6.18,6.35,6.15,22230,0.3,41.28%
12/10/2024,2024-12-1015:59 EST,SMCI,40.54,Put,40,6632,2024-12-20,10,2.52,2.57,2.61,2.56,20087,0.33,107.10%
12/10/2024,2024-12-1015:59 EST,GOOGL,185.17,Call,175,6624,2024-12-20,10,10.85,10.95,11.05,10.9,15854,0.42,29.82%
12/10/2024,2024-12-1015:46 EST,WULF,6.72,Call,11,6611,2024-12-27,17,0.05,0.08,0.1,0.1,9277,0.71,164.35%
12/10/2024,2024-12-1015:59 EST,AVGO,171.81,Call,175,6589,2024-12-13,3,4.1,4.55,5,4.68,6764,0.97,97.69%
12/10/2024,2024-12-1015:59 EST,MARA,22.805,Call,24,6587,2024-12-13,3,0.53,0.54,0.55,0.53,2992,2.2,119.98%
12/10/2024,2024-12-1015:59 EST,TSLA,400.99,Call,437.5,6583,2024-12-13,3,1.13,1.19,1.26,1.14,1661,3.96,71.53%
12/10/2024,2024-12-1015:59 EST,ORCL,177.74,Call,177.5,6576,2024-12-13,3,2.3,2.39,2.47,2.4,152,43.26,35.04%
12/10/2024,2024-12-1015:59 EST,WMT,94.55,Call,95,6566,2024-12-13,3,0.49,0.52,0.54,0.52,8679,0.76,20.74%
