Expiration Date,Stock Symbol,Strike Price,"('09::00', 'Call')","('09::00', 'Put')","('10::00', 'Call')","('10::00', 'Put')","('11::00', 'Call')","('11::00', 'Put')","('12::00', 'Call')","('12::00', 'Put')","('13::00', 'Call')","('13::00', 'Put')","('14::00', 'Call')","('14::00', 'Put')","('15::00', 'Call')","('15::00', 'Put')",Separator,Total Calls,Total Puts,Current Price,Diff,Diff Percentage
2024-07-19,SOFI,7.5,0,0,"95,739",0,"132,032","2,679","96,137",0,"35,319",0,"164,446","3,530","97,563",0,nan,"621,236","6,209",7.33,0.17,2.27%
2024-07-19,COIN,250.0,0,0,"74,920",0,"89,451",0,"80,829",0,"77,365",0,"67,947",0,"17,940",0,nan,"408,452",0,242.85,7.15,2.86%
2024-07-19,CVNA,150.0,"38,670",0,"107,485",0,"59,779",0,"39,223",0,"74,931",0,"32,066",0,"33,277",0,nan,"385,431",0,142.11,7.89,5.26%
2024-07-19,ENPH,125.0,"42,550",0,"89,075",0,"39,511",0,"30,185",0,"83,175",0,"84,629",0,0,0,nan,"369,125",0,113.06,11.94,9.55%
2024-07-19,NVAX,15.0,"61,873",0,"42,876",0,"14,929",0,"70,513",0,"44,029",0,"50,561",0,"79,064",0,nan,"363,845",0,15.12,-0.12,-0.80%
2024-07-19,SMCI,"1,000.0","6,217",0,"76,294",0,"74,297",0,"97,313",0,"11,489",0,"48,627",0,"25,315",0,nan,"339,552",0,897.68,102.32,10.23%
2024-07-19,HOOD,25.5,"53,617",0,"96,902",0,"82,764",0,"29,642",0,"30,410",0,0,0,0,0,nan,"293,335",0,23.94,1.56,6.12%
2024-07-19,QCOM,215.0,0,0,"79,084",0,"105,749",0,"28,051",0,"29,750",0,"15,187",0,"15,469",0,nan,"273,290",0,208.18,6.82,3.17%
2024-07-19,PLTR,29.5,0,0,"24,672",0,"59,317",0,"67,955",0,"73,259",0,"30,644",0,0,0,nan,"255,847",0,28.69,0.81,2.75%
2024-07-19,COIN,240.0,"17,035",0,"99,962",0,"22,572","9,851","25,110","12,515","26,600","25,005","13,996","5,729","29,307","12,208",nan,"234,582","65,308",242.85,-2.85,-1.19%
2024-07-19,MARA,23.0,0,0,0,0,0,803,"90,906","10,250","109,077","37,503","24,041","6,838",0,0,nan,"224,024","55,394",24.58,-1.58,-6.87%
2024-07-19,UPST,30.0,0,0,0,0,"77,956","3,618","29,245","7,288","32,393","2,862","83,043","9,231",0,0,nan,"222,637","22,999",29.96,0.04,0.13%
2024-07-19,MARA,22.0,0,0,0,0,0,"10,234","83,548","29,656","89,872","47,619","23,679","16,134","23,763",0,nan,"220,862","103,643",24.58,-2.58,-11.73%
2024-07-19,CLSK,20.0,0,0,"7,547",0,0,0,"53,535",0,"57,951",0,"37,202",0,"38,415",0,nan,"194,650",0,18.30,1.70,8.50%
2024-07-19,MARA,25.0,0,0,0,0,0,0,0,0,"139,107",0,"54,643","1,558",0,0,nan,"193,750","1,558",24.58,0.42,1.68%
2024-07-19,CLSK,18.0,0,0,"5,659",0,"21,366",0,"43,622",0,"44,269",0,"13,578",0,"42,475",0,nan,"170,969",0,18.30,-0.30,-1.67%
2024-07-19,SMCI,950.0,0,"1,574","41,633",0,"18,724",0,"35,869",0,"16,752",0,"37,086",0,"20,584",844,nan,"170,648","2,418",897.68,52.32,5.51%
2024-07-19,RBLX,42.0,0,0,"10,572",0,"64,354",0,"57,931",0,0,0,"35,554",0,0,0,nan,"168,411",0,41.11,0.89,2.12%
2024-07-19,RIVN,18.0,0,0,0,0,"37,795",0,"35,218",0,"28,901",0,"53,153",0,0,0,nan,"155,067",0,17.50,0.50,2.78%
2024-07-19,RIOT,11.5,0,0,"2,855",0,"23,035",0,"50,148",0,0,0,"55,680",0,"20,122",0,nan,"151,840",0,11.48,0.02,0.17%
2024-07-19,F,14.5,0,"1,758",0,"5,490","37,694","4,628","41,537","2,642","15,057","2,800","33,237","2,957","16,854",0,nan,"144,379","20,275",14.22,0.28,1.92%
2024-07-19,FFIE,0.5,0,0,0,0,0,0,0,0,0,0,0,0,"143,766",0,nan,"143,766",0,0.52,-0.02,-3.04%
2024-07-19,COIN,245.0,"5,471",0,"28,311",0,"17,062",0,"8,694",0,"47,619","1,269","10,151",0,"21,954",802,nan,"139,262","2,071",242.85,2.15,0.88%
2024-07-19,ZM,60.0,0,0,"37,646",0,"40,743",0,"19,010",0,"10,015",0,"31,485",0,0,0,nan,"138,899",0,58.33,1.67,2.79%
2024-07-19,AFRM,31.0,0,0,"68,842",0,"31,712",573,"17,240",0,"8,834",761,"8,951",0,0,0,nan,"135,579","1,334",32.10,-1.10,-3.55%
2024-07-19,SMCI,"1,050.0","9,708",0,"20,097",0,"21,695",0,"16,931",0,"12,424",0,"26,688",0,"15,195",0,nan,"122,738",0,897.68,152.32,14.51%
2024-07-19,GOOGL,187.5,0,0,"16,556",0,"34,105",0,"23,221",0,"17,141",0,"17,944",0,"9,794",0,nan,"118,761",0,186.53,0.97,0.52%
2024-07-19,RIOT,10.5,0,0,"8,822",0,"29,502",0,"44,092","1,404","11,852","3,803","24,353","3,988",0,"4,036",nan,"118,621","13,231",11.48,-0.98,-9.33%
2024-07-19,MARA,24.0,0,0,0,0,0,0,"46,306","1,149","53,277","30,998","14,516","18,513",0,0,nan,"114,099","50,660",24.58,-0.58,-2.42%
2024-07-19,GME,27.5,"26,020",0,"14,655",0,"33,272",0,"6,651",0,"7,063",0,"7,115",0,"14,842",0,nan,"109,618",0,26.97,0.53,1.93%
2024-07-19,GME,27.0,0,0,0,0,0,0,0,0,"54,458",0,"18,987",0,"30,535","3,097",nan,"103,980","3,097",26.97,0.03,0.11%
2024-07-19,MARA,24.5,"7,828",0,"3,270",0,0,0,"8,205",0,"47,014",0,"19,888",0,"10,564",0,nan,"96,769",0,24.58,-0.08,-0.33%
2024-07-19,PLTR,28.5,0,0,0,0,0,"31,596",0,"11,198","51,577","13,084","26,764",0,"13,614",0,nan,"91,955","55,878",28.69,-0.19,-0.67%
2024-07-19,COIN,270.0,0,0,0,0,0,0,"40,619",0,"23,295",0,"8,551",0,"17,965",0,nan,"90,430",0,242.85,27.15,10.06%
2024-07-19,MARA,22.5,0,0,"11,167",0,"24,177","3,552","40,987","3,630","12,518","5,220",0,0,0,0,nan,"88,849","12,402",24.58,-2.08,-9.24%
2024-07-19,SMCI,"1,100.0",0,0,"18,486",0,"22,735",0,"20,984",0,"9,150",0,"14,005",0,0,0,nan,"85,360",0,897.68,202.32,18.39%
2024-07-19,RDDT,80.0,0,0,0,0,"33,433",0,"27,240",0,"7,221",0,"16,927",0,0,0,nan,"84,821",0,72.97,7.03,8.78%
2024-07-19,ZS,210.0,"16,667",0,"21,867",0,"25,074",0,"5,082",0,0,0,"15,765",0,0,0,nan,"84,455",0,204.47,5.53,2.63%
2024-07-19,CLSK,18.5,"9,811",0,"13,558",0,"5,053",0,"17,152",0,"15,010",0,0,0,"22,305",0,nan,"82,889",0,18.30,0.20,1.08%
2024-07-19,PLTR,31.0,0,0,0,0,"50,839",0,"21,584",0,0,0,0,0,0,0,nan,"72,423",0,28.69,2.31,7.45%
2024-07-19,ZS,215.0,"4,033",0,"25,051",0,"15,091",0,"4,099",0,"4,271",0,"13,696",0,"4,711",0,nan,"70,952",0,204.47,10.53,4.90%
2024-07-19,MARA,23.5,"3,907",0,"7,119",0,0,0,"31,614",0,"27,882",0,0,0,0,0,nan,"70,522",0,24.58,-1.08,-4.60%
2024-07-19,COIN,255.0,0,0,"11,279",0,"6,068",0,"9,117",0,"18,062",0,0,0,"21,990",0,nan,"66,516",0,242.85,12.15,4.76%
2024-07-19,COIN,235.0,"14,012","2,184","26,826","11,892","7,006","4,611","3,730","5,922","3,793","13,519",0,0,"7,953",0,nan,"63,320","38,128",242.85,-7.85,-3.34%
2024-07-19,COIN,265.0,0,0,"17,814",0,"6,002",0,"9,125",0,"22,730",0,0,0,"7,080",0,nan,"62,751",0,242.85,22.15,8.36%
2024-07-19,HOOD,24.0,0,0,0,0,"49,026",0,"13,223",0,0,0,0,0,0,0,nan,"62,249",0,23.94,0.06,0.25%
2024-07-19,CLSK,17.0,0,0,"6,618",0,"7,782",0,"17,073",0,"9,195",0,"9,753","4,734","9,921","2,755",nan,"60,342","7,489",18.30,-1.30,-7.65%
2024-07-19,HOOD,23.5,"11,613",556,"31,557","5,024","10,203","4,361",0,"3,784",0,0,"5,734",0,0,0,nan,"59,107","13,725",23.94,-0.44,-1.87%
2024-07-19,GME,26.5,0,0,0,0,"16,540",0,"7,264",780,"4,056","2,330","8,458","1,445","14,415",0,nan,"50,733","4,555",26.97,-0.47,-1.77%
2024-07-19,SMCI,920.0,0,0,"5,319","2,059","14,919",980,"11,862",0,"7,007",0,"7,145",0,"3,713",0,nan,"49,965","3,039",897.68,22.32,2.43%
2024-07-19,CELH,55.0,"2,410",0,"16,613",0,"3,023",0,"7,206",0,"11,525",0,"4,060",0,"4,767",0,nan,"49,604",0,52.63,2.37,4.31%
2024-07-19,MARA,26.0,0,0,0,0,0,0,"3,564",0,"32,324",0,"13,478",0,0,0,nan,"49,366",0,24.58,1.42,5.46%
2024-07-19,SQ,72.0,0,0,"3,701",0,"14,493",0,"12,228",0,"8,850",0,"4,566",0,"4,641",0,nan,"48,479",0,72.07,-0.07,-0.10%
2024-07-19,AFRM,33.0,0,0,"4,354",0,"10,462",0,"8,493",0,"10,119",0,"6,935",0,"7,394",0,nan,"47,757",0,32.10,0.90,2.73%
2024-07-19,NKE,73.0,0,0,0,0,0,0,"6,395",0,"23,019",0,"8,569",0,"9,491",0,nan,"47,474",0,71.32,1.68,2.30%
2024-07-19,UPST,31.0,0,0,"1,195",0,"9,811",0,"10,153",0,"4,651",0,"19,877",0,0,0,nan,"45,687",0,29.96,1.04,3.35%
2024-07-19,SMCI,940.0,"9,171",0,"7,208",0,"8,614",0,"9,826",0,"6,869",0,"3,486",0,0,0,nan,"45,174",0,897.68,42.32,4.50%
2024-07-19,WFC,57.0,0,0,0,0,"7,425",0,"8,925",0,"9,257",0,"19,297",0,0,0,nan,"44,904",0,57.75,-0.75,-1.32%
2024-07-19,GS,490.0,0,0,"14,777",0,"3,379",0,0,0,0,0,"7,841",0,"16,456",0,nan,"42,453",0,492.64,-2.64,-0.54%
2024-07-19,UPS,144.0,0,0,"12,858",0,"12,539",0,0,0,0,0,"16,713",0,0,0,nan,"42,110",0,144.25,-0.25,-0.17%
2024-07-19,AFRM,32.0,0,0,"8,472",0,"17,345",0,"5,025",0,"10,880",0,0,0,0,0,nan,"41,722",0,32.10,-0.10,-0.31%
2024-07-19,SMCI,900.0,0,"6,954",0,"21,280",0,"22,628","2,830","28,557","16,325",0,"14,264","12,479","8,296",0,nan,"41,715","91,898",897.68,2.32,0.26%
2024-07-19,FDX,305.0,0,0,"18,622",0,"12,229",0,"4,288",0,0,0,"4,388",0,0,0,nan,"39,527",0,305.07,-0.07,-0.02%
2024-07-19,CLSK,19.0,0,0,0,0,0,0,0,0,"13,040",0,"11,966",0,"13,728",0,nan,"38,734",0,18.30,0.70,3.68%
2024-07-19,FDX,307.5,"7,932",0,"19,395",0,"10,297",0,0,0,0,0,0,0,0,0,nan,"37,624",0,305.07,2.43,0.79%
2024-07-19,TMUS,182.5,0,0,"8,581",0,"11,212",0,"6,467",0,"7,256",0,"3,834",0,0,0,nan,"37,350",0,181.75,0.75,0.41%
2024-07-19,MARA,27.0,0,0,0,0,0,0,"10,338",0,"9,576",0,"10,566",0,"5,786",0,nan,"36,266",0,24.58,2.42,8.96%
2024-07-19,GME,28.0,0,0,0,0,0,0,0,0,"19,042",0,"7,561",0,"8,195",0,nan,"34,798",0,26.97,1.03,3.68%
2024-07-19,UPST,35.0,0,0,0,0,0,0,0,0,"8,345",0,"25,642",0,0,0,nan,"33,987",0,29.96,5.04,14.40%
2024-07-19,RIVN,19.0,0,0,0,0,0,0,0,0,0,0,"21,463",0,"10,885",0,nan,"32,348",0,17.50,1.50,7.89%
2024-07-19,MARA,25.5,0,0,0,0,0,0,"8,800",0,"10,696",0,"8,228",0,"4,385",0,nan,"32,109",0,24.58,0.92,3.61%
2024-07-19,AFRM,30.5,"4,099",0,"19,007",0,"8,729",0,0,0,0,0,0,0,0,0,nan,"31,835",0,32.10,-1.60,-5.25%
2024-07-19,GS,495.0,0,0,"7,871",0,"9,186",0,"1,909",0,"2,319",0,"7,275",0,"2,582",0,nan,"31,142",0,492.64,2.36,0.48%
2024-07-19,SMCI,925.0,"1,527",0,"7,483",0,"7,219",0,"6,364",0,0,0,"7,033",0,0,0,nan,"29,626",0,897.68,27.32,2.95%
2024-07-19,COIN,237.5,"3,303",0,"16,339",0,"2,070",0,"2,489",0,"5,130",0,0,0,0,0,nan,"29,331",0,242.85,-5.35,-2.25%
2024-07-19,CORZ,11.5,"3,539",0,"7,249",0,"5,576",0,0,0,"5,869",0,0,0,"6,223",0,nan,"28,456",0,11.01,0.49,4.26%
2024-07-19,JPM,212.5,0,0,0,0,0,0,"6,547",0,"14,309",0,0,0,"7,535",0,nan,"28,391",0,210.13,2.37,1.12%
2024-07-19,GS,500.0,0,0,0,0,0,0,"7,955",0,"4,347",0,0,0,"15,317",0,nan,"27,619",0,492.64,7.36,1.47%
2024-07-19,BA,182.5,0,0,"4,038",0,"11,706",0,"6,226",0,0,0,"5,557",0,0,0,nan,"27,527",0,179.19,3.31,1.81%
2024-07-19,UPST,32.0,0,0,0,0,"11,911",0,0,0,"4,996",0,"10,439",0,0,0,nan,"27,346",0,29.96,2.04,6.38%
2024-07-19,RIVN,18.5,0,0,0,0,0,0,"12,116",0,0,0,"14,641",0,0,0,nan,"26,757",0,17.50,1.00,5.41%
2024-07-19,WM,217.5,0,0,"18,455",0,"8,295",0,0,0,0,0,0,0,0,0,nan,"26,750",0,216.00,1.50,0.69%
2024-07-19,SMCI,960.0,"4,396",0,"5,028",0,"6,014",0,"6,134",0,"4,356",0,0,0,0,0,nan,"25,928",0,897.68,62.32,6.49%
2024-07-19,MARA,28.0,0,0,0,0,0,0,"2,243",0,"12,807",0,"4,911",0,"5,111",0,nan,"25,072",0,24.58,3.42,12.21%
2024-07-19,UNH,550.0,0,0,0,0,"2,135",0,"4,649",0,"2,412",0,"5,751",0,"9,306",0,nan,"24,253",0,515.40,34.60,6.29%
2024-07-19,PLTR,29.0,0,0,0,"3,907",0,"40,985",0,"45,087",0,"33,933",0,"36,648","23,946","12,490",nan,"23,946","173,050",28.69,0.31,1.07%
2024-07-19,AFRM,31.5,0,0,0,0,"10,254",561,"9,053","2,173",0,"1,208",0,0,"3,501",0,nan,"22,808","3,942",32.10,-0.60,-1.90%
2024-07-19,WFC,58.0,0,0,0,"4,289","2,656","5,820","5,924","4,554","4,280",0,"9,039","6,049",0,"3,092",nan,"21,899","23,804",57.75,0.25,0.43%
2024-07-19,VRT,91.0,0,0,"5,282",0,"5,315",0,"5,357",0,0,0,"5,577",0,0,0,nan,"21,531",0,87.91,3.09,3.40%
2024-07-19,PLTR,30.5,0,0,"3,220",0,"12,698",0,"5,416",0,0,0,0,0,0,0,nan,"21,334",0,28.69,1.81,5.93%
2024-07-19,DAL,43.0,0,0,"8,828",0,"2,996",0,"4,441",0,0,0,0,0,"4,555",0,nan,"20,820",0,43.03,-0.03,-0.07%
2024-07-19,ARM,182.5,0,0,"11,340",740,"3,305",0,"4,695","1,640",0,0,0,"2,091",0,0,nan,"19,340","4,471",177.53,4.97,2.72%
2024-07-19,SWBI,16.0,"9,528",0,"4,204",0,0,0,"4,589",0,0,0,0,0,0,0,nan,"18,321",0,15.61,0.39,2.41%
2024-07-19,COIN,275.0,0,0,"2,825",0,0,0,"4,323",0,"5,762",0,0,0,"4,456",0,nan,"17,366",0,242.85,32.15,11.69%
2024-07-19,MSTR,"1,800.0","1,803",0,"7,756",0,"2,016",0,0,0,"5,607",0,0,0,0,0,nan,"17,182",0,1611.28,188.72,10.48%
2024-07-19,RUN,15.0,0,0,"3,201",0,"13,944",0,0,0,0,"2,740",0,0,0,"2,786",nan,"17,145","5,526",15.66,-0.66,-4.40%
2024-07-19,SMCI,915.0,0,0,"3,137",0,"4,890",0,"3,138",0,"1,836",0,"1,847",0,"1,933",0,nan,"16,781",0,897.68,17.32,1.89%
2024-07-19,GPS,23.5,0,0,"5,171",0,"8,294",0,0,0,0,0,"3,198",0,0,0,nan,"16,663",0,22.99,0.51,2.17%
2024-07-19,COIN,280.0,0,0,0,0,0,0,"6,094",0,"6,581",0,0,0,"3,786",0,nan,"16,461",0,242.85,37.15,13.27%
2024-07-19,RIOT,12.5,0,0,0,0,0,0,"2,191",0,"4,845",0,"9,060",0,0,0,nan,"16,096",0,11.48,1.02,8.16%
2024-07-19,COIN,242.5,0,0,"3,355",0,"4,629",0,0,0,0,0,"2,408",0,"5,651",0,nan,"16,043",0,242.85,-0.35,-0.14%
2024-07-19,AFRM,35.0,0,0,0,0,0,0,0,0,0,0,"7,482",0,"8,303",0,nan,"15,785",0,32.10,2.90,8.29%
2024-07-19,CVNA,170.0,0,0,"5,451",0,"2,948",0,0,0,"3,282",0,0,0,"3,359",0,nan,"15,040",0,142.11,27.89,16.41%
2024-07-19,HIMS,22.5,738,0,"5,807",0,"3,881",0,"2,175",0,0,0,"2,329",0,0,0,nan,"14,930",0,22.84,-0.34,-1.51%
2024-07-19,QS,9.5,0,0,0,0,"4,099",0,0,0,"10,590",0,0,0,0,0,nan,"14,689",0,8.62,0.88,9.26%
2024-07-19,SMCI,930.0,0,0,"3,137",0,"1,945",0,"2,408",0,"1,313",0,"4,266",0,"1,556",0,nan,"14,625",0,897.68,32.32,3.48%
2024-07-19,COIN,247.5,0,0,628,0,707,0,"1,498",0,"2,055",0,"4,476",0,"5,193",0,nan,"14,557",0,242.85,4.65,1.88%
2024-07-19,CLSK,19.5,"3,153",0,917,0,0,0,0,0,"6,863",0,0,0,"3,249",0,nan,"14,182",0,18.30,1.20,6.15%
2024-07-19,NKE,72.0,0,0,0,0,0,0,0,0,"5,964",0,"8,195",0,0,0,nan,"14,159",0,71.32,0.68,0.94%
2024-07-19,MARA,29.0,0,0,0,0,0,0,0,0,"5,958",0,"2,414",0,"5,682",0,nan,"14,054",0,24.58,4.42,15.24%
2024-07-19,DVN,48.0,0,0,"5,230",0,"5,396",0,0,0,0,0,"3,155",0,0,0,nan,"13,781",0,48.07,-0.07,-0.15%
2024-07-19,RUM,6.5,0,0,"2,086",0,0,0,0,0,"3,093",0,"3,509",0,"4,427",0,nan,"13,115",0,7.17,-0.67,-10.31%
2024-07-19,SMCI,910.0,0,0,"1,798",748,"1,353","3,383","4,421","3,275",0,0,"5,501",0,0,"1,204",nan,"13,073","8,610",897.68,12.32,1.35%
2024-07-19,COIN,260.0,0,0,0,0,0,0,0,0,0,0,0,0,"12,986",0,nan,"12,986",0,242.85,17.15,6.60%
2024-07-19,DDOG,133.0,"2,730",0,"6,281",0,"3,967",0,0,0,0,0,0,0,0,0,nan,"12,978",0,129.41,3.59,2.70%
2024-07-19,ENPH,113.0,"3,592",0,"3,031",0,"2,830",0,"1,578",0,"1,824",0,0,0,0,0,nan,"12,855",0,113.06,-0.06,-0.05%
2024-07-19,OXY,63.0,0,0,0,0,0,0,0,0,0,0,"7,806",0,"4,821",0,nan,"12,627",0,62.02,0.98,1.56%
2024-07-19,SQ,74.0,0,0,"1,438",0,"8,602",0,0,0,"2,542",0,0,0,0,0,nan,"12,582",0,72.07,1.93,2.61%
2024-07-19,MSTR,"1,600.0",0,0,0,0,"5,535",0,"2,154",0,0,0,"2,334",0,"2,431",0,nan,"12,454",0,1611.28,-11.28,-0.71%
2024-07-19,GS,485.0,0,0,0,0,"5,669",0,"2,046","1,413",0,"2,276",0,0,"4,692","1,813",nan,"12,407","5,502",492.64,-7.64,-1.58%
2024-07-19,CMCSA,39.0,0,0,"7,041",0,"4,932",0,0,0,0,0,0,0,0,0,nan,"11,973",0,38.94,0.06,0.15%
2024-07-19,C,66.0,0,0,0,0,0,0,0,0,0,0,0,0,"11,958",0,nan,"11,958",0,65.17,0.83,1.27%
2024-07-19,SQ,72.5,0,0,0,0,0,0,0,0,"2,907",0,"5,922",0,"3,031",0,nan,"11,860",0,72.07,0.43,0.59%
2024-07-19,W,56.0,0,0,"5,063",0,"6,720",0,0,0,0,0,0,0,0,0,nan,"11,783",0,53.56,2.44,4.36%
2024-07-19,MU,136.0,0,0,0,0,"4,936",0,"2,779",0,0,0,"3,438",0,0,0,nan,"11,153",0,130.87,5.13,3.77%
2024-07-19,CNC,69.0,"5,209",0,"5,254",0,0,0,0,0,0,0,0,0,0,0,nan,"10,463",0,66.00,3.00,4.35%
2024-07-19,SMCI,945.0,0,0,"3,154",0,"2,303",0,"2,745",0,0,0,"1,048",0,"1,086",0,nan,"10,336",0,897.68,47.32,5.01%
2024-07-19,WULF,6.0,0,0,0,0,0,0,0,0,0,0,"10,248",0,0,0,nan,"10,248",0,6.00,0.00,0.00%
2024-07-19,ARM,187.5,0,0,"6,592",0,"1,431",0,0,0,"1,705",0,0,0,0,0,nan,"9,728",0,177.53,9.97,5.32%
2024-07-19,ENPH,120.0,0,0,0,0,0,0,0,0,"4,456",0,0,0,"5,118",0,nan,"9,574",0,113.06,6.94,5.78%
2024-07-19,AFRM,33.5,0,0,"2,475",0,"6,976",0,0,0,0,0,0,0,0,0,nan,"9,451",0,32.10,1.40,4.18%
2024-07-19,JPM,207.5,0,0,0,0,0,0,"9,240",0,0,"3,293",0,0,0,0,nan,"9,240","3,293",210.13,-2.63,-1.27%
2024-07-19,MSFT,452.5,0,0,0,0,0,0,0,0,"2,574",0,"6,632","3,081",0,0,nan,"9,206","3,081",453.96,-1.46,-0.32%
2024-07-19,SMCI,"1,080.0",0,0,0,0,"3,601",0,"1,302",0,"2,673",0,"1,369",0,0,0,nan,"8,945",0,897.68,182.32,16.88%
2024-07-19,BIDU,96.0,0,0,"3,760",0,"4,552",0,0,0,0,0,0,0,0,0,nan,"8,312",0,93.15,2.85,2.97%
2024-07-19,UPS,146.0,0,0,0,0,0,0,0,0,0,0,"2,516",0,"5,738",0,nan,"8,254",0,144.25,1.75,1.20%
2024-07-19,MSTR,"1,700.0",0,0,0,0,"1,066",0,"3,278",0,"1,690",0,"2,173",0,0,0,nan,"8,207",0,1611.28,88.72,5.22%
2024-07-19,SMCI,990.0,990,0,"3,162",0,"1,225",0,"1,229",0,0,0,0,0,"1,396",0,nan,"8,002",0,897.68,92.32,9.33%
2024-07-19,SOUN,6.5,0,0,0,0,0,0,0,0,0,0,"7,716",0,0,0,nan,"7,716",0,5.63,0.87,13.38%
2024-07-19,ENPH,119.0,"2,581",0,"1,583",0,"2,083",0,0,0,"1,365",0,0,0,0,0,nan,"7,612",0,113.06,5.94,4.99%
2024-07-19,UPST,40.0,0,0,0,0,0,0,0,0,"3,359",0,"3,968",0,0,0,nan,"7,327",0,29.96,10.04,25.10%
2024-07-19,SMCI,970.0,"1,213",0,"2,837",0,0,0,"2,086",0,"1,131",0,0,0,0,0,nan,"7,267",0,897.68,72.32,7.46%
2024-07-19,CAT,355.0,"1,676",0,"4,133",0,0,0,"1,393",0,0,0,0,0,0,0,nan,"7,202",0,345.88,9.12,2.57%
2024-07-19,COIN,252.5,0,0,0,0,"1,405",0,0,0,"1,151",0,"2,589",0,"2,013",0,nan,"7,158",0,242.85,9.65,3.82%
2024-07-19,CGC,7.5,0,0,0,0,0,0,0,0,0,0,0,0,"6,753",0,nan,"6,753",0,7.14,0.36,4.80%
2024-07-19,FSLR,215.0,0,0,0,0,"1,618",0,0,0,"1,866",0,996,0,"2,193",554,nan,"6,673",554,213.42,1.58,0.73%
2024-07-19,SQ,73.0,0,0,0,0,"1,454",0,0,0,"2,476",0,"2,566",0,0,0,nan,"6,496",0,72.07,0.93,1.27%
2024-07-19,COST,880.0,0,0,0,0,0,0,"2,104",0,"4,367",0,0,0,0,0,nan,"6,471",0,848.73,31.27,3.55%
2024-07-19,BAC,41.5,0,0,0,0,0,0,0,0,0,0,0,0,"6,228",0,nan,"6,228",0,41.91,-0.41,-0.99%
2024-07-19,CLSK,22.0,0,0,0,0,0,0,0,0,"6,062",0,0,0,0,0,nan,"6,062",0,18.30,3.70,16.82%
2024-07-19,AI,30.5,0,0,0,0,"3,607",0,0,0,"2,248",0,0,0,0,0,nan,"5,855",0,30.58,-0.08,-0.28%
2024-07-19,BIDU,95.0,0,0,0,0,0,0,0,0,0,0,0,0,"5,730",0,nan,"5,730",0,93.15,1.85,1.95%
2024-07-19,RUM,8.0,0,0,0,0,0,0,0,0,0,0,0,0,"5,717",0,nan,"5,717",0,7.17,0.83,10.37%
2024-07-19,ENPH,114.0,0,0,"1,611",0,"1,719",0,0,0,0,0,"1,140",0,"1,177",0,nan,"5,647",0,113.06,0.94,0.82%
2024-07-19,NVAX,14.0,0,0,0,0,0,0,"3,209",0,0,0,"2,370",0,0,0,nan,"5,579",0,15.12,-1.12,-8.00%
2024-07-19,NVAX,14.5,0,0,0,0,0,0,975,0,"1,372",0,"3,180",0,0,0,nan,"5,527",0,15.12,-0.62,-4.28%
2024-07-19,COST,875.0,0,0,0,0,"2,022",0,0,0,"3,494",0,0,0,0,0,nan,"5,516",0,848.73,26.27,3.00%
2024-07-19,ENPH,116.0,0,0,"1,072",0,"1,211",0,0,0,"3,231",0,0,0,0,0,nan,"5,514",0,113.06,2.94,2.53%
2024-07-19,GEO,17.0,"5,427",0,0,0,0,0,0,0,0,0,0,0,0,0,nan,"5,427",0,17.42,-0.42,-2.47%
2024-07-19,SMCI,980.0,0,0,0,0,0,0,"2,189",0,0,0,"1,569",0,"1,589",0,nan,"5,347",0,897.68,82.32,8.40%
2024-07-19,CLSK,20.5,0,0,0,0,0,0,0,0,"2,381",0,0,0,"2,923",0,nan,"5,304",0,18.30,2.20,10.73%
2024-07-19,COST,845.0,0,0,"2,728",0,"1,643",0,862,0,0,0,0,0,0,0,nan,"5,233",0,848.73,-3.73,-0.44%
2024-07-19,SMCI,890.0,0,0,0,0,0,672,0,"5,328","1,599","3,521","3,586","5,921",0,0,nan,"5,185","15,442",897.68,-7.68,-0.86%
2024-07-19,SMCI,975.0,0,0,0,0,740,0,0,0,"3,204",0,"1,141",0,0,0,nan,"5,085",0,897.68,77.32,7.93%
2024-07-19,PANW,345.0,0,0,"1,329",0,0,0,"1,864",0,"1,872",0,0,0,0,0,nan,"5,065",0,340.91,4.09,1.19%
2024-07-19,DAL,43.5,0,0,0,0,"1,082",0,"3,782",0,0,0,0,0,0,0,nan,"4,864",0,43.03,0.47,1.08%
2024-07-19,HAL,35.5,0,0,0,0,"2,223",0,"1,299",0,"1,303",0,0,0,0,0,nan,"4,825",0,35.24,0.26,0.73%
2024-07-19,MO,48.0,0,0,0,0,0,0,0,0,0,0,"2,393",0,"2,428",0,nan,"4,821",0,47.74,0.26,0.54%
2024-07-19,SCHW,79.0,0,0,0,0,0,0,0,0,"2,115",0,0,0,"2,552",0,nan,"4,667",0,75.10,3.90,4.94%
2024-07-19,NKE,74.0,0,0,0,0,0,0,0,0,0,0,"4,637",0,0,0,nan,"4,637",0,71.32,2.68,3.62%
2024-07-19,PLTR,31.5,0,0,"2,847",0,"1,714",0,0,0,0,0,0,0,0,0,nan,"4,561",0,28.69,2.81,8.92%
2024-07-19,UNH,535.0,0,0,0,0,0,0,0,0,665,0,"2,726",0,"1,014",0,nan,"4,405",0,515.40,19.60,3.66%
2024-07-19,MSFT,457.5,0,0,0,0,0,0,0,0,"4,394",0,0,0,0,0,nan,"4,394",0,453.96,3.54,0.77%
2024-07-19,QS,9.0,0,0,0,0,0,0,0,0,0,0,"4,299",0,0,0,nan,"4,299",0,8.62,0.38,4.22%
2024-07-19,CELH,53.0,0,0,0,0,"2,133",0,0,0,0,0,"2,056",0,0,0,nan,"4,189",0,52.63,0.37,0.70%
2024-07-19,RUN,15.5,0,0,648,0,"2,047",0,"1,428",0,0,0,0,0,0,883,nan,"4,123",883,15.66,-0.16,-1.03%
2024-07-19,MSTR,"1,900.0",0,0,0,0,931,0,"1,216",0,0,0,"1,559",0,0,0,nan,"3,706",0,1611.28,288.72,15.20%
2024-07-19,RBLX,41.0,0,0,0,0,0,0,0,0,"1,750",0,"1,796",0,0,0,nan,"3,546",0,41.11,-0.11,-0.27%
2024-07-19,FSLR,230.0,0,0,0,0,0,0,0,0,0,0,"1,116",0,"2,371",0,nan,"3,487",0,213.42,16.58,7.21%
2024-07-19,SMCI,"1,150.0",0,0,0,0,0,0,0,0,0,0,"2,571",0,886,0,nan,"3,457",0,897.68,252.32,21.94%
2024-07-19,IBM,187.5,0,0,0,0,0,0,0,0,"1,708",0,0,0,"1,745",0,nan,"3,453",0,182.88,4.62,2.46%
2024-07-19,COST,847.5,0,0,"1,899",0,730,0,0,0,810,0,0,0,0,0,nan,"3,439",0,848.73,-1.23,-0.15%
2024-07-19,NVAX,15.5,0,0,0,0,0,0,0,0,595,0,"1,520",0,"1,268",0,nan,"3,383",0,15.12,0.38,2.45%
2024-07-19,UPST,33.0,0,0,0,0,600,0,616,0,0,0,"1,956",0,0,0,nan,"3,172",0,29.96,3.04,9.21%
2024-07-19,SMCI,895.0,0,0,0,0,0,0,0,"2,533",794,0,945,"1,206","1,414",0,nan,"3,153","3,739",897.68,-2.68,-0.30%
2024-07-19,SMCI,905.0,0,0,0,0,796,0,"1,062",0,0,0,"1,208",530,0,0,nan,"3,066",530,897.68,7.32,0.81%
2024-07-19,MS,108.0,0,0,0,0,0,0,537,0,600,0,0,0,"1,906",0,nan,"3,043",0,105.33,2.67,2.47%
2024-07-19,GME,29.0,0,0,0,0,0,0,0,0,0,0,0,0,"2,972",0,nan,"2,972",0,26.97,2.03,7.00%
2024-07-19,ZM,59.0,0,0,764,0,"1,047",0,"1,096",0,0,0,0,0,0,0,nan,"2,907",0,58.33,0.67,1.14%
2024-07-19,ENPH,115.0,0,0,0,0,0,0,0,0,0,0,0,0,"2,810",0,nan,"2,810",0,113.06,1.94,1.69%
2024-07-19,SHOP,64.0,0,0,0,0,0,0,0,0,849,0,946,0,997,0,nan,"2,792",0,64.22,-0.22,-0.35%
2024-07-19,LLY,960.0,0,0,0,0,"1,226",0,0,0,0,0,"1,552",0,0,0,nan,"2,778",0,952.57,7.43,0.77%
2024-07-19,DKNG,39.5,0,0,0,0,0,0,804,0,924,0,0,0,983,0,nan,"2,711",0,39.48,0.02,0.05%
2024-07-19,BE,14.0,0,0,0,0,0,0,0,0,0,0,0,0,"2,505",0,nan,"2,505",0,14.55,-0.55,-3.93%
2024-07-19,DELL,138.0,0,0,0,0,0,0,0,0,0,0,"1,228",0,"1,258",0,nan,"2,486",0,137.26,0.74,0.54%
2024-07-19,GS,480.0,0,0,0,0,0,"2,077",0,"2,530",0,"2,866",0,"1,475","2,477",0,nan,"2,477","8,948",492.64,-12.64,-2.63%
2024-07-19,MU,134.0,0,0,0,0,0,0,0,0,"2,380",0,0,0,0,0,nan,"2,380",0,130.87,3.13,2.34%
2024-07-19,AUR,5.0,0,0,0,0,0,0,0,0,0,0,0,0,"2,342",0,nan,"2,342",0,4.61,0.39,7.80%
2024-07-19,MSTR,"1,650.0",0,0,0,0,606,0,702,0,0,0,0,0,"1,018",0,nan,"2,326",0,1611.28,38.72,2.35%
2024-07-19,MSTR,"1,750.0",0,0,547,0,749,0,0,0,0,0,"1,027",0,0,0,nan,"2,323",0,1611.28,138.72,7.93%
2024-07-19,AI,32.0,0,0,0,0,0,0,0,0,"1,110",0,"1,138",0,0,0,nan,"2,248",0,30.58,1.42,4.42%
2024-07-19,DOCU,58.0,0,0,0,0,"2,095",0,0,0,0,0,0,0,0,0,nan,"2,095",0,57.13,0.87,1.49%
2024-07-19,PGR,225.0,0,0,0,0,0,0,0,0,0,0,"1,356",0,722,0,nan,"2,078",0,217.21,7.79,3.46%
2024-07-19,COIN,232.5,0,0,0,0,959,0,0,0,"1,069",0,0,0,0,0,nan,"2,028",0,242.85,-10.35,-4.45%
2024-07-19,SMCI,"1,030.0",0,0,0,0,"1,023",0,0,0,0,0,0,0,888,0,nan,"1,911",0,897.68,132.32,12.85%
2024-07-19,UPST,28.5,0,0,0,0,"1,905",0,0,0,0,0,0,0,0,0,nan,"1,905",0,29.96,-1.46,-5.12%
2024-07-19,CVNA,142.0,0,0,0,0,0,0,"1,135",0,679,0,0,0,0,0,nan,"1,814",0,142.11,-0.11,-0.08%
2024-07-19,UNH,600.0,0,0,0,0,0,0,0,0,0,0,"1,755",0,0,0,nan,"1,755",0,515.40,84.60,14.10%
2024-07-19,ENPH,112.0,0,0,0,0,"1,125",0,618,0,0,0,0,0,0,0,nan,"1,743",0,113.06,-1.06,-0.95%
2024-07-19,UNH,555.0,0,0,0,0,0,0,0,0,536,0,"1,197",0,0,0,nan,"1,733",0,515.40,39.60,7.14%
2024-07-19,SWBI,17.0,0,0,0,0,"1,659",0,0,0,0,0,0,0,0,0,nan,"1,659",0,15.61,1.39,8.15%
2024-07-19,TTD,103.0,0,0,0,0,0,0,0,0,0,0,"1,634",0,0,0,nan,"1,634",0,100.09,2.91,2.83%
2024-07-19,MARA,31.0,0,0,0,0,0,0,0,0,"1,592",0,0,0,0,0,nan,"1,592",0,24.58,6.42,20.71%
2024-07-19,SEDG,32.0,0,0,0,0,0,0,"1,534",0,0,0,0,0,0,0,nan,"1,534",0,26.79,5.21,16.28%
2024-07-19,KR,53.0,0,0,0,0,753,0,764,0,0,0,0,0,0,0,nan,"1,517",0,52.12,0.88,1.66%
2024-07-19,BAC,44.5,0,0,0,0,0,0,"1,482",0,0,0,0,0,0,0,nan,"1,482",0,41.91,2.59,5.82%
2024-07-19,RDDT,100.0,0,0,0,0,0,0,0,0,0,0,0,0,"1,480",0,nan,"1,480",0,72.97,27.03,27.03%
2024-07-19,SNOW,139.0,0,0,0,0,0,0,0,0,693,0,764,0,0,0,nan,"1,457",0,133.68,5.32,3.83%
2024-07-19,QCOM,217.5,0,0,0,0,0,0,"1,428",0,0,0,0,0,0,0,nan,"1,428",0,208.18,9.32,4.29%
2024-07-19,BZFD,3.0,0,0,0,0,0,0,0,0,0,0,0,0,"1,388",0,nan,"1,388",0,2.81,0.19,6.33%
2024-07-19,NVAX,16.0,0,0,0,0,0,0,0,0,0,0,0,0,"1,367",0,nan,"1,367",0,15.12,0.88,5.50%
2024-07-19,COST,852.5,0,0,0,0,0,564,638,0,700,0,0,0,0,0,nan,"1,338",564,848.73,3.77,0.44%
2024-07-19,COST,857.5,0,0,0,0,0,0,624,0,688,0,0,0,0,0,nan,"1,312",0,848.73,8.77,1.02%
2024-07-19,UNH,545.0,0,0,0,0,0,0,0,0,0,0,"1,287",0,0,0,nan,"1,287",0,515.40,29.60,5.43%
2024-07-19,BIDU,94.0,0,0,0,0,0,0,0,0,0,0,0,0,"1,282",0,nan,"1,282",0,93.15,0.85,0.90%
2024-07-19,ZS,220.0,0,0,0,0,0,0,0,0,0,0,"1,271",0,0,0,nan,"1,271",0,204.47,15.53,7.06%
2024-07-19,ZM,61.0,0,0,0,0,0,0,0,0,0,0,"1,222",0,0,0,nan,"1,222",0,58.33,2.67,4.39%
2024-07-19,GME,29.5,0,0,0,0,0,0,0,0,0,0,0,0,"1,220",0,nan,"1,220",0,26.97,2.53,8.58%
2024-07-19,MRK,132.0,"1,200",0,0,0,0,0,0,0,0,0,0,0,0,0,nan,"1,200",0,128.14,3.86,2.92%
2024-07-19,RDFN,8.5,510,0,0,0,0,0,0,0,657,0,0,0,0,0,nan,"1,167",0,8.27,0.23,2.71%
2024-07-19,LULU,285.0,0,0,0,0,0,0,0,0,535,0,605,0,0,0,nan,"1,140",0,283.72,1.28,0.45%
2024-07-19,CVNA,160.0,0,0,0,0,0,0,0,0,0,0,0,0,"1,132",0,nan,"1,132",0,142.11,17.89,11.18%
2024-07-19,BILI,16.5,0,0,"1,116",0,0,0,0,0,0,0,0,0,0,0,nan,"1,116",0,15.86,0.64,3.88%
2024-07-19,ANF,172.5,0,0,0,0,"1,080",0,0,0,0,0,0,0,0,0,nan,"1,080",0,167.30,5.20,3.01%
2024-07-19,JBHT,175.0,0,0,0,0,0,0,0,0,"1,044",0,0,0,0,0,nan,"1,044",0,169.62,5.38,3.07%
2024-07-19,BBY,86.0,0,0,0,0,"1,025",0,0,0,0,0,0,0,0,0,nan,"1,025",0,85.49,0.51,0.59%
2024-07-19,HE,10.5,0,0,0,0,0,0,0,0,0,0,0,0,"1,015",0,nan,"1,015",0,10.57,-0.07,-0.67%
2024-07-19,LEGN,55.0,0,0,"1,013",0,0,0,0,0,0,0,0,0,0,0,nan,"1,013",0,53.99,1.01,1.84%
2024-07-19,IONQ,9.0,0,0,0,0,978,0,0,0,0,0,0,0,0,0,nan,978,0,8.97,0.03,0.37%
2024-07-19,HUM,410.0,0,0,0,0,0,0,0,0,0,0,0,0,955,0,nan,955,0,384.13,25.87,6.31%
2024-07-19,HUT,19.0,0,0,0,0,0,0,0,0,0,0,935,0,0,0,nan,935,0,20.00,-1.00,-5.26%
2024-07-19,ORCL,147.0,0,0,0,0,822,0,0,0,0,0,0,0,0,0,nan,822,0,143.08,3.92,2.67%
2024-07-19,DG,127.0,0,0,810,0,0,0,0,0,0,0,0,0,0,0,nan,810,0,126.98,0.02,0.02%
2024-07-19,MS,109.0,0,0,0,0,0,0,0,0,0,0,0,0,737,0,nan,737,0,105.33,3.67,3.37%
2024-07-19,SNOW,134.0,0,0,0,0,735,0,0,0,0,"1,313",0,"1,364",0,0,nan,735,"2,677",133.68,0.32,0.24%
2024-07-19,UAL,48.5,0,0,0,0,0,0,0,0,0,0,0,0,697,0,nan,697,0,44.32,4.18,8.62%
2024-07-19,ENVX,19.5,0,0,0,0,0,0,0,0,666,0,0,0,0,0,nan,666,0,18.31,1.19,6.10%
2024-07-19,FSLR,235.0,0,0,0,0,0,0,0,0,0,0,0,0,652,0,nan,652,0,213.42,21.58,9.18%
2024-07-19,DHR,255.0,0,0,0,0,644,0,0,0,0,0,0,0,0,0,nan,644,0,246.34,8.66,3.40%
2024-07-19,BK,67.5,0,0,0,0,0,0,0,0,0,0,0,0,591,0,nan,591,0,65.71,1.79,2.65%
2024-07-19,NFLX,665.0,0,0,0,0,0,0,0,0,0,0,0,0,575,0,nan,575,0,656.45,8.55,1.29%
2024-07-19,LULU,292.5,0,0,0,0,0,0,0,0,0,0,564,0,0,0,nan,564,0,283.72,8.78,3.00%
2024-07-19,SNOW,138.0,0,0,0,0,563,0,0,0,0,0,0,0,0,0,nan,563,0,133.68,4.32,3.13%
2024-07-19,ENPH,117.0,0,0,0,0,0,0,0,0,0,0,562,0,0,0,nan,562,0,113.06,3.94,3.37%
2024-07-19,PNC,175.0,0,0,0,0,0,0,0,0,0,0,541,0,0,0,nan,541,0,168.96,6.04,3.45%
2024-07-19,TTD,106.0,0,0,0,0,0,0,0,0,509,0,0,0,0,0,nan,509,0,100.09,5.91,5.58%
2024-07-19,DUOL,190.0,0,0,0,0,0,0,0,0,0,0,0,0,502,0,nan,502,0,192.05,-2.05,-1.08%
2024-07-19,RDDT,78.0,0,0,0,0,0,0,501,0,0,0,0,0,0,0,nan,501,0,72.97,5.03,6.45%
2024-07-19,UNH,525.0,0,0,0,0,0,0,0,0,0,0,0,0,501,0,nan,501,0,515.40,9.60,1.83%
2024-07-19,TSM,225.0,0,0,0,0,0,0,0,0,0,0,0,0,500,0,nan,500,0,185.36,39.64,17.62%
2024-07-19,ACB,5.5,0,"2,583",0,0,0,0,0,594,0,0,0,0,0,0,nan,0,"3,177",6.09,-0.59,-10.73%
2024-07-19,AMAT,222.5,0,0,0,0,0,0,0,0,0,0,0,501,0,0,nan,0,501,245.55,-23.05,-10.36%
2024-07-19,AMAT,227.5,0,0,0,0,0,0,0,0,0,0,0,683,0,0,nan,0,683,245.55,-18.05,-7.93%
2024-07-19,ANF,167.5,0,0,0,0,0,"1,014",0,0,0,0,0,0,0,0,nan,0,"1,014",167.30,0.20,0.12%
2024-07-19,ARM,180.0,0,0,0,0,0,"1,896",0,"4,189",0,"2,194",0,"2,836",0,"6,167",nan,0,"17,282",177.53,2.47,1.37%
2024-07-19,ASTS,13.0,0,0,0,0,0,531,0,708,0,0,0,0,0,0,nan,0,"1,239",13.48,-0.48,-3.69%
2024-07-19,BA,172.5,0,0,0,0,0,0,0,0,0,0,0,"1,385",0,"1,419",nan,0,"2,804",179.19,-6.69,-3.88%
2024-07-19,BAC,40.5,0,0,0,0,0,0,0,0,0,"8,366",0,0,0,"9,152",nan,0,"17,518",41.91,-1.41,-3.48%
2024-07-19,BAC,41.0,0,0,0,0,0,0,0,0,0,0,0,"5,263",0,"5,857",nan,0,"11,120",41.91,-0.91,-2.22%
2024-07-19,BAC,42.0,0,0,0,"2,811",0,0,0,"9,059",0,"2,644",0,"6,926",0,"10,195",nan,0,"31,635",41.91,0.09,0.21%
2024-07-19,BIDU,88.0,0,0,0,0,0,871,0,0,0,0,0,0,0,0,nan,0,871,93.15,-5.15,-5.85%
2024-07-19,BIDU,91.0,0,0,0,0,0,0,0,0,0,0,0,541,0,0,nan,0,541,93.15,-2.15,-2.36%
2024-07-19,BIDU,93.0,0,"1,249",0,"1,482",0,"2,525",0,0,0,0,0,0,0,975,nan,0,"6,231",93.15,-0.15,-0.16%
2024-07-19,CELH,48.0,0,0,0,"38,020",0,"5,261",0,"5,440",0,"11,195",0,0,0,"11,983",nan,0,"71,899",52.63,-4.63,-9.65%
2024-07-19,CI,330.0,0,0,0,0,0,0,0,0,0,0,0,0,0,555,nan,0,555,331.31,-1.31,-0.40%
2024-07-19,CLSK,17.5,0,0,0,0,0,0,0,0,0,957,0,0,0,"5,862",nan,0,"6,819",18.30,-0.80,-4.57%
2024-07-19,COF,143.0,0,"1,998",0,"1,130",0,0,0,0,0,0,0,0,0,0,nan,0,"3,128",144.61,-1.61,-1.13%
2024-07-19,COF,144.0,0,792,0,0,0,0,0,0,0,0,0,0,0,0,nan,0,792,144.61,-0.61,-0.43%
2024-07-19,COIN,215.0,0,0,0,"24,906",0,"4,543",0,"10,526",0,"11,050",0,0,0,0,nan,0,"51,025",242.85,-27.85,-12.95%
2024-07-19,COIN,220.0,0,0,0,0,0,"10,268",0,"3,819",0,"8,081",0,"4,424",0,0,nan,0,"26,592",242.85,-22.85,-10.39%
2024-07-19,COIN,225.0,0,0,0,"1,202",0,"3,183",0,"2,245",0,"7,138",0,"5,213",0,0,nan,0,"18,981",242.85,-17.85,-7.93%
2024-07-19,COIN,227.5,0,0,0,"1,082",0,"2,072",0,"1,141",0,0,0,0,0,0,nan,0,"4,295",242.85,-15.35,-6.75%
2024-07-19,COIN,230.0,0,0,0,"2,267",0,"12,226",0,"4,024",0,"19,546",0,0,0,"5,603",nan,0,"43,666",242.85,-12.85,-5.59%
2024-07-19,CRWD,375.0,0,0,0,0,0,0,0,0,0,799,0,841,0,0,nan,0,"1,640",377.37,-2.37,-0.63%
2024-07-19,CVNA,130.0,0,0,0,0,0,0,0,"1,743",0,0,0,"1,881",0,0,nan,0,"3,624",142.11,-12.11,-9.32%
2024-07-19,CVNA,134.0,0,0,0,0,0,0,0,0,0,0,0,735,0,0,nan,0,735,142.11,-8.11,-6.05%
2024-07-19,CVNA,135.0,0,0,0,0,0,0,0,0,0,0,0,0,0,898,nan,0,898,142.11,-7.11,-5.27%
2024-07-19,CVNA,140.0,0,0,0,0,0,0,0,0,0,728,0,"1,659",0,0,nan,0,"2,387",142.11,-2.11,-1.51%
2024-07-19,CVX,157.5,0,0,0,0,0,0,0,0,0,707,0,0,0,0,nan,0,707,158.05,-0.55,-0.35%
2024-07-19,DELL,133.0,0,0,0,0,0,0,0,0,0,0,0,0,0,"1,047",nan,0,"1,047",137.26,-4.26,-3.20%
2024-07-19,DFS,130.0,0,0,0,0,0,0,0,0,0,"2,541",0,0,0,0,nan,0,"2,541",137.12,-7.12,-5.48%
2024-07-19,DHI,150.0,0,0,0,"2,403",0,0,0,0,0,0,0,0,0,0,nan,0,"2,403",152.17,-2.17,-1.45%
2024-07-19,DIS,94.0,0,0,0,0,0,0,0,0,0,0,0,"2,012",0,0,nan,0,"2,012",96.89,-2.89,-3.07%
2024-07-19,DIS,115.0,0,0,0,0,0,0,0,0,0,0,0,0,0,"1,560",nan,0,"1,560",96.89,18.11,15.75%
2024-07-19,DKNG,38.0,0,0,0,0,0,"3,482",0,0,0,"4,042",0,0,0,0,nan,0,"7,524",39.48,-1.48,-3.89%
2024-07-19,DKNG,39.0,0,0,0,0,0,"1,378",0,0,0,"4,711",0,0,0,0,nan,0,"6,089",39.48,-0.48,-1.23%
2024-07-19,F,15.0,0,0,0,0,0,"1,487",0,921,0,0,0,"1,439",0,0,nan,0,"3,847",14.22,0.78,5.19%
2024-07-19,FSLR,210.0,0,0,0,0,0,0,0,0,0,0,0,0,0,"1,366",nan,0,"1,366",213.42,-3.42,-1.63%
2024-07-19,GLW,46.0,0,0,0,0,0,0,0,0,0,"1,037",0,0,0,0,nan,0,"1,037",45.78,0.22,0.48%
2024-07-19,GME,24.5,0,0,0,"16,006",0,"17,591",0,"7,970",0,"4,330",0,0,0,0,nan,0,"45,897",26.97,-2.47,-10.08%
2024-07-19,GME,25.5,0,0,0,"4,245",0,"6,178",0,"1,798",0,"3,948",0,"2,033",0,"4,342",nan,0,"22,544",26.97,-1.47,-5.76%
2024-07-19,GME,26.0,0,0,0,0,0,"6,006",0,"5,393",0,0,0,0,0,"9,877",nan,0,"21,276",26.97,-0.97,-3.73%
2024-07-19,GOOGL,185.0,0,0,0,0,0,0,0,0,0,"13,323",0,"6,776",0,0,nan,0,"20,099",186.53,-1.53,-0.83%
2024-07-19,GS,470.0,0,0,0,"2,445",0,955,0,"1,122",0,0,0,0,0,0,nan,0,"4,522",492.64,-22.64,-4.82%
2024-07-19,GS,475.0,0,0,0,"5,516",0,953,0,994,0,"1,166",0,"2,482",0,"2,596",nan,0,"13,707",492.64,-17.64,-3.71%
2024-07-19,HD,355.0,0,0,0,0,0,0,0,0,0,513,0,0,0,579,nan,0,"1,092",358.47,-3.47,-0.98%
2024-07-19,HOOD,23.0,0,0,0,0,0,0,0,0,0,0,0,"2,783",0,0,nan,0,"2,783",23.94,-0.94,-4.09%
2024-07-19,HUMA,7.5,0,0,0,0,0,"2,014",0,0,0,0,0,"1,260",0,"1,287",nan,0,"4,561",8.40,-0.90,-12.00%
2024-07-19,HUT,16.5,0,0,0,"2,146",0,"2,898",0,0,0,0,0,0,0,0,nan,0,"5,044",20.00,-3.50,-21.21%
2024-07-19,IRBT,9.0,0,"1,566",0,"1,598",0,0,0,0,0,0,0,0,0,0,nan,0,"3,164",10.68,-1.68,-18.67%
2024-07-19,JD,26.5,0,0,0,"1,449",0,"1,769",0,0,0,0,0,0,0,"2,498",nan,0,"5,716",26.65,-0.15,-0.57%
2024-07-19,JMIA,10.5,0,626,0,0,0,0,0,0,0,0,0,0,0,0,nan,0,626,13.19,-2.69,-25.67%
2024-07-19,JNJ,147.0,0,0,0,0,0,0,0,"2,115",0,"2,159",0,0,0,"2,198",nan,0,"6,472",149.29,-2.29,-1.55%
2024-07-19,JPM,205.0,0,0,0,0,0,0,0,0,0,"5,410",0,0,0,0,nan,0,"5,410",210.13,-5.13,-2.50%
2024-07-19,JPM,210.0,0,0,0,0,0,0,0,"9,815",0,"2,555",0,0,0,0,nan,0,"12,370",210.13,-0.13,-0.06%
2024-07-19,JWN,22.5,0,763,0,0,0,0,0,0,0,0,0,0,0,0,nan,0,763,22.80,-0.30,-1.33%
2024-07-19,KSS,21.5,0,0,0,0,0,0,0,"3,594",0,0,0,0,0,0,nan,0,"3,594",21.85,-0.35,-1.63%
2024-07-19,LCID,3.5,0,0,0,0,0,0,0,"7,948",0,"9,504",0,"11,555",0,"13,337",nan,0,"42,344",3.61,-0.11,-3.14%
2024-07-19,LLY,917.5,0,0,0,0,0,0,0,0,0,504,0,542,0,0,nan,0,"1,046",952.57,-35.07,-3.82%
2024-07-19,LLY,940.0,0,0,0,0,0,0,0,0,0,562,0,587,0,0,nan,0,"1,149",952.57,-12.57,-1.34%
2024-07-19,LVS,43.5,0,0,0,500,0,0,0,0,0,0,0,0,0,0,nan,0,500,42.24,1.26,2.90%
2024-07-19,M,16.0,0,0,0,0,0,"2,140",0,"2,671",0,0,0,0,0,0,nan,0,"4,811",16.84,-0.84,-5.28%
2024-07-19,M,16.5,0,0,0,0,0,0,0,"1,707",0,0,0,0,0,0,nan,0,"1,707",16.84,-0.34,-2.09%
2024-07-19,MARA,20.5,0,0,0,"14,974",0,"14,788",0,"37,362",0,"13,433",0,0,0,0,nan,0,"80,557",24.58,-4.08,-19.90%
2024-07-19,MARA,21.5,0,0,0,0,0,0,0,"3,258",0,0,0,0,0,0,nan,0,"3,258",24.58,-3.08,-14.33%
2024-07-19,MGM,46.0,0,0,0,0,0,"1,587",0,0,0,0,0,0,0,0,nan,0,"1,587",46.16,-0.16,-0.35%
2024-07-19,MS,99.0,0,0,0,0,0,0,0,"3,586",0,0,0,"3,713",0,0,nan,0,"7,299",105.33,-6.33,-6.39%
2024-07-19,MS,101.0,0,0,0,0,0,0,0,"1,762",0,0,0,"2,346",0,"2,523",nan,0,"6,631",105.33,-4.33,-4.29%
2024-07-19,MS,102.0,0,0,0,0,0,0,0,0,0,0,0,0,0,927,nan,0,927,105.33,-3.33,-3.26%
2024-07-19,MSTR,"1,500.0",0,0,0,0,0,0,0,623,0,0,0,0,0,0,nan,0,623,1611.28,-111.28,-7.42%
2024-07-19,NYCB,10.0,0,0,0,0,0,0,0,0,0,741,0,0,0,762,nan,0,"1,503",10.11,-0.11,-1.10%
2024-07-19,OXY,62.0,0,0,0,0,0,907,0,"1,252",0,"1,312",0,0,0,0,nan,0,"3,471",62.02,-0.02,-0.03%
2024-07-19,PANW,335.0,0,0,0,564,0,607,0,671,0,"2,129",0,0,0,0,nan,0,"3,971",340.91,-5.91,-1.76%
2024-07-19,PENN,19.0,0,0,0,0,0,0,0,"2,797",0,0,0,0,0,0,nan,0,"2,797",19.82,-0.82,-4.32%
2024-07-19,PENN,19.5,0,0,0,0,0,"9,221",0,0,0,0,0,0,0,0,nan,0,"9,221",19.82,-0.32,-1.64%
2024-07-19,PENN,20.5,0,0,0,0,0,"21,767",0,0,0,0,0,"29,636",0,"11,290",nan,0,"62,693",19.82,0.68,3.32%
2024-07-19,PFE,28.5,0,0,0,0,0,0,0,0,0,"2,445",0,0,0,0,nan,0,"2,445",29.12,-0.62,-2.18%
2024-07-19,PLTR,27.5,0,0,0,0,0,0,0,0,0,"7,190",0,"7,727",0,0,nan,0,"14,917",28.69,-1.19,-4.33%
2024-07-19,PLTR,28.0,0,0,0,0,0,"24,417",0,"21,374",0,"25,557",0,"27,266",0,0,nan,0,"98,614",28.69,-0.69,-2.46%
2024-07-19,PLTR,30.0,0,0,0,0,0,0,0,893,0,0,0,0,0,0,nan,0,893,28.69,1.31,4.37%
2024-07-19,PNC,165.0,0,0,0,0,0,0,0,0,0,0,0,845,0,0,nan,0,845,168.96,-3.96,-2.40%
2024-07-19,QS,8.0,0,0,0,0,0,0,0,"5,134",0,0,0,"3,710",0,"3,829",nan,0,"12,673",8.62,-0.62,-7.75%
2024-07-19,RCL,165.0,0,0,0,0,0,0,0,0,0,0,0,"1,188",0,0,nan,0,"1,188",167.73,-2.73,-1.65%
2024-07-19,RIOT,11.0,0,0,0,0,0,0,0,0,0,"2,707",0,"15,635",0,"4,519",nan,0,"22,861",11.48,-0.48,-4.36%
2024-07-19,RIVN,17.0,0,0,0,0,0,0,0,"8,462",0,"20,214",0,0,0,0,nan,0,"28,676",17.50,-0.50,-2.94%
2024-07-19,RUN,14.0,0,0,0,0,0,0,0,0,0,0,0,0,0,"2,584",nan,0,"2,584",15.66,-1.66,-11.86%
2024-07-19,RUN,14.5,0,"2,570",0,"4,271",0,"1,624",0,0,0,0,0,0,0,0,nan,0,"8,465",15.66,-1.16,-8.00%
2024-07-19,SE,74.0,0,0,0,681,0,"1,472",0,0,0,0,0,0,0,0,nan,0,"2,153",71.86,2.14,2.89%
2024-07-19,SEDG,27.0,0,0,0,0,0,0,0,0,0,0,0,760,0,0,nan,0,760,26.79,0.21,0.78%
2024-07-19,SEDG,28.0,0,0,0,0,0,707,0,0,0,0,0,0,0,0,nan,0,707,26.79,1.21,4.32%
2024-07-19,SHOP,66.0,0,0,0,0,0,"1,691",0,"2,007",0,0,0,"2,297",0,0,nan,0,"5,995",64.22,1.78,2.69%
2024-07-19,SMCI,830.0,0,0,0,0,0,0,0,"1,702",0,0,0,0,0,0,nan,0,"1,702",897.68,-67.68,-8.15%
2024-07-19,SMCI,840.0,0,0,0,0,0,"6,689",0,"11,893",0,0,0,"6,913",0,0,nan,0,"25,495",897.68,-57.68,-6.87%
2024-07-19,SMCI,850.0,0,0,0,"3,079",0,"14,794",0,"14,409",0,"4,180",0,"13,721",0,0,nan,0,"50,183",897.68,-47.68,-5.61%
2024-07-19,SMCI,870.0,0,0,0,0,0,"1,967",0,758,0,983,0,0,0,0,nan,0,"3,708",897.68,-27.68,-3.18%
2024-07-19,SMCI,875.0,0,0,0,0,0,0,0,581,0,0,0,0,0,0,nan,0,581,897.68,-22.68,-2.59%
2024-07-19,SMCI,880.0,0,0,0,0,0,716,0,"3,148",0,"1,438",0,0,0,0,nan,0,"5,302",897.68,-17.68,-2.01%
2024-07-19,SMCI,885.0,0,0,0,0,0,0,0,"1,965",0,"1,614",0,882,0,0,nan,0,"4,461",897.68,-12.68,-1.43%
2024-07-19,SMR,15.0,0,0,0,0,0,0,0,0,0,0,0,"1,884",0,0,nan,0,"1,884",15.83,-0.83,-5.53%
2024-07-19,SNOW,132.0,0,0,0,0,0,656,0,0,0,0,0,0,0,0,nan,0,656,133.68,-1.68,-1.27%
2024-07-19,SOUN,5.5,0,0,0,0,0,0,0,0,0,0,0,"5,716",0,0,nan,0,"5,716",5.63,-0.13,-2.36%
2024-07-19,SPCE,7.5,0,0,0,0,0,0,0,774,0,0,0,0,0,0,nan,0,774,7.55,-0.05,-0.60%
2024-07-19,SQ,69.0,0,0,0,"1,976",0,0,0,"1,551",0,"3,985",0,0,0,0,nan,0,"7,512",72.07,-3.07,-4.45%
2024-07-19,SQ,71.0,0,0,0,0,0,"2,385",0,"3,060",0,"2,394",0,0,0,0,nan,0,"7,839",72.07,-1.07,-1.51%
2024-07-19,STT,77.5,0,0,0,0,0,0,0,0,0,0,0,0,0,781,nan,0,781,78.96,-1.46,-1.88%
2024-07-19,TSM,167.5,0,0,0,0,0,"2,865",0,"2,956",0,0,0,"8,482",0,0,nan,0,"14,303",185.36,-17.86,-10.66%
2024-07-19,UNH,455.0,0,0,0,0,0,"1,070",0,"2,235",0,0,0,0,0,0,nan,0,"3,305",515.40,-60.40,-13.27%
2024-07-19,UPST,26.0,0,0,0,0,0,0,0,0,0,0,0,997,0,0,nan,0,997,29.96,-3.96,-15.23%
2024-07-19,UPST,28.0,0,0,0,0,0,"1,433",0,0,0,0,0,0,0,0,nan,0,"1,433",29.96,-1.96,-7.00%
2024-07-19,VALE,11.5,0,"1,609",0,0,0,0,0,0,0,0,0,0,0,0,nan,0,"1,609",11.52,-0.02,-0.13%
2024-07-19,WOLF,23.0,0,0,0,0,0,585,0,0,0,0,0,0,0,0,nan,0,585,24.43,-1.43,-6.22%
2024-07-19,WULF,5.5,0,0,0,0,0,0,0,814,0,0,0,0,0,"1,235",nan,0,"2,049",6.00,-0.50,-9.09%
2024-07-19,X,37.5,0,0,0,924,0,0,0,0,0,0,0,0,0,0,nan,0,924,38.57,-1.07,-2.85%
