Expiration Date,Stock Symbol,Strike Price,"('2024-08-12', 'Call')","('2024-08-12', 'Put')","('2024-08-13', 'Call')","('2024-08-13', 'Put')","('2024-08-14', 'Call')","('2024-08-14', 'Put')","('2024-08-15', 'Call')","('2024-08-15', 'Put')",Separator,2024-08-15 (Put/Call),2024-08-14 (Put/Call),Total Calls,Total Puts,Current Price,Diff,Diff Percentage
2024-08-16,AAPL,207.5,0,"168,091",0,0,0,0,0,0,nan,0.00,0.00,0,"168,091",224.59,-17.09,-7.61%
2024-08-16,AAPL,210.0,0,"1,038,557",0,0,0,0,0,0,nan,0.00,0.00,0,"1,038,557",224.59,-14.59,-6.50%
2024-08-16,AAPL,212.5,0,"303,751",0,"499,282",0,0,0,0,nan,0.00,0.00,0,"803,033",224.59,-12.09,-5.38%
2024-08-16,AAPL,215.0,0,"1,369,920",0,0,0,"73,865",0,0,nan,0.00,0.00,0,"1,443,785",224.59,-9.59,-4.27%
2024-08-16,AAPL,217.5,"1,257,664","647,409",0,"496,644",0,"663,118",0,0,nan,0.00,0.00,"1,257,664","1,807,171",224.59,-7.09,-3.16%
2024-08-16,AAPL,220.0,"636,074",0,0,"1,194,833",0,"1,705,766",0,0,nan,0.00,0.00,"636,074","2,900,599",224.59,-4.59,-2.04%
2024-08-16,AAPL,222.5,"638,135","1,812","1,404,959","70,935","2,476,585","239,072","218,541","744,211",nan,3.41,0.10,"4,738,220","1,056,030",224.59,-2.09,-0.93%
2024-08-16,AAPL,225.0,0,0,0,0,0,0,"2,575,435","215,527",nan,0.08,0.00,"2,575,435","215,527",224.59,0.41,0.18%
2024-08-16,AAPL,227.5,"7,122",0,"223,268","1,795","464,364",0,"67,080","6,123",nan,0.09,0.00,"761,834","7,918",224.59,2.91,1.30%
2024-08-16,AMZN,167.5,"420,608","128,658","23,356","217,228",0,"114,467",0,0,nan,0.00,0.00,"443,964","460,353",176.97,-9.47,-5.35%
2024-08-16,AMZN,170.0,0,0,"778,262",0,0,0,0,0,nan,0.00,0.00,"778,262",0,176.97,-6.97,-3.94%
2024-08-16,AMZN,172.5,0,0,"297,557",0,"620,243",0,0,"291,013",nan,0.00,0.00,"917,800","291,013",176.97,-4.47,-2.52%
2024-08-16,AMZN,175.0,0,0,0,0,0,0,"693,966","433,166",nan,0.62,0.00,"693,966","433,166",176.97,-1.97,-1.11%
2024-08-16,AMZN,177.5,"185,930",0,0,0,0,0,"1,232,731","86,452",nan,0.07,0.00,"1,418,661","86,452",176.97,0.53,0.30%
2024-08-16,AMZN,180.0,0,0,0,0,0,0,"299,434",0,nan,0.00,0.00,"299,434",0,176.97,3.03,1.71%
2024-08-16,AMZN,182.5,0,0,0,0,0,0,"23,569",0,nan,0.00,0.00,"23,569",0,176.97,5.53,3.13%
2024-08-16,GOOG,152.5,0,0,0,0,0,"8,490",0,0,nan,0.00,0.00,0,"8,490",164.42,-11.92,-7.25%
2024-08-16,GOOG,157.5,0,0,0,0,0,"92,657",0,0,nan,0.00,0.00,0,"92,657",164.42,-6.92,-4.21%
2024-08-16,GOOG,160.0,0,0,0,0,"148,312","201,349","7,791","108,214",nan,13.89,1.36,"156,103","309,563",164.42,-4.42,-2.69%
2024-08-16,GOOG,162.5,0,"4,835",0,0,"434,165","43,920","190,395","18,053",nan,0.09,0.10,"624,560","66,808",164.42,-1.92,-1.17%
2024-08-16,GOOG,165.0,"3,595",0,"8,131",0,"322,209",0,"188,461",0,nan,0.00,0.00,"522,396",0,164.42,0.58,0.35%
2024-08-16,GOOG,167.5,"14,893",0,"74,631",0,"93,542",0,0,0,nan,0.00,0.00,"183,066",0,164.42,3.08,1.87%
2024-08-16,GOOG,170.0,0,0,"134,000",0,0,0,0,0,nan,0.00,0.00,"134,000",0,164.42,5.58,3.39%
2024-08-16,GOOG,172.5,"12,964",0,"18,501",0,0,0,0,0,nan,0.00,0.00,"31,465",0,164.42,8.08,4.91%
2024-08-16,META,497.5,0,"4,212",0,"1,361",0,0,0,0,nan,0.00,0.00,0,"5,573",531.63,-34.13,-6.42%
2024-08-16,META,507.5,0,"16,679",0,0,0,"24,042",0,0,nan,0.00,0.00,0,"40,721",531.63,-24.13,-4.54%
2024-08-16,META,510.0,0,"57,993",0,"290,243",0,0,0,0,nan,0.00,0.00,0,"348,236",531.63,-21.63,-4.07%
2024-08-16,META,512.5,"15,964","31,491",0,"6,195",0,"2,485",0,0,nan,0.00,0.00,"15,964","40,171",531.63,-19.13,-3.60%
2024-08-16,META,515.0,0,"32,433",0,"21,614",0,"20,067",0,0,nan,0.00,0.00,0,"74,114",531.63,-16.63,-3.13%
2024-08-16,META,517.5,0,0,0,"8,188",0,"5,428",0,"1,865",nan,0.00,0.00,0,"15,481",531.63,-14.13,-2.66%
2024-08-16,META,520.0,0,0,0,"27,035",0,"505,846",0,0,nan,0.00,0.00,0,"532,881",531.63,-11.63,-2.19%
2024-08-16,META,522.5,0,0,"30,504",0,0,"14,457",0,0,nan,0.00,0.00,"30,504","14,457",531.63,-9.13,-1.72%
2024-08-16,META,525.0,0,0,"164,015","64,538",0,"141,883",0,"3,483",nan,0.00,0.00,"164,015","209,904",531.63,-6.63,-1.25%
2024-08-16,META,527.5,0,0,"63,147",0,"32,131","54,781",0,"20,445",nan,0.00,1.70,"95,278","75,226",531.63,-4.13,-0.78%
2024-08-16,META,530.0,0,0,"513,834","34,529","214,959","185,457",0,"126,084",nan,0.00,0.86,"728,793","346,070",531.63,-1.63,-0.31%
2024-08-16,META,532.5,0,0,"22,553",0,"113,316","10,633","23,434","20,012",nan,0.85,0.09,"159,303","30,645",531.63,0.87,0.16%
2024-08-16,META,535.0,0,0,"47,194",0,"665,411",0,"176,474","96,886",nan,0.55,0.00,"889,079","96,886",531.63,3.37,0.63%
2024-08-16,META,537.5,0,0,"13,413",0,"75,300",0,"136,866",0,nan,0.00,0.00,"225,579",0,531.63,5.87,1.10%
2024-08-16,META,540.0,0,0,"333,508",0,"141,872",0,"232,508","22,199",nan,0.10,0.00,"707,888","22,199",531.63,8.37,1.57%
2024-08-16,META,545.0,"55,088",0,0,0,"23,218",0,"145,014",0,nan,0.00,0.00,"223,320",0,531.63,13.37,2.51%
2024-08-16,MSFT,402.5,0,"6,689",0,0,0,0,0,0,nan,0.00,0.00,0,"6,689",419.92,-17.42,-4.15%
2024-08-16,MSFT,407.5,"40,513","9,978",0,"1,988",0,"2,874",0,0,nan,0.00,0.00,"40,513","14,840",419.92,-12.42,-2.96%
2024-08-16,MSFT,410.0,"146,078",0,0,0,0,0,0,0,nan,0.00,0.00,"146,078",0,419.92,-9.92,-2.36%
2024-08-16,MSFT,412.5,0,0,"47,991","6,470",0,"2,475",0,0,nan,0.00,0.00,"47,991","8,945",419.92,-7.42,-1.77%
2024-08-16,MSFT,415.0,"18,319",0,"289,031",0,0,"23,288",0,0,nan,0.00,0.00,"307,350","23,288",419.92,-4.92,-1.17%
2024-08-16,MSFT,417.5,0,0,"18,769",0,"45,121",0,"17,722","54,343",nan,3.07,0.00,"81,612","54,343",419.92,-2.42,-0.58%
2024-08-16,MSFT,420.0,0,0,0,0,"158,135",0,"89,666","5,340",nan,0.06,0.00,"247,801","5,340",419.92,0.08,0.02%
2024-08-16,MSFT,422.5,"10,971",0,"12,060",0,0,0,"67,655",0,nan,0.00,0.00,"90,686",0,419.92,2.58,0.61%
2024-08-16,MSFT,427.5,0,0,"1,222",0,0,0,"3,632",0,nan,0.00,0.00,"4,854",0,419.92,7.58,1.81%
2024-08-16,NVDA,101.0,0,"49,790",0,0,0,0,0,0,nan,0.00,0.00,0,"49,790",123.11,-22.11,-17.96%
2024-08-16,NVDA,102.0,0,"81,050",0,0,0,0,0,0,nan,0.00,0.00,0,"81,050",123.11,-21.11,-17.15%
2024-08-16,NVDA,103.0,0,"382,504",0,0,0,0,0,0,nan,0.00,0.00,0,"382,504",123.11,-20.11,-16.33%
2024-08-16,NVDA,104.0,0,"586,274",0,0,0,0,0,0,nan,0.00,0.00,0,"586,274",123.11,-19.11,-15.52%
2024-08-16,NVDA,105.0,0,"2,029,406",0,0,0,0,0,0,nan,0.00,0.00,0,"2,029,406",123.11,-18.11,-14.71%
2024-08-16,NVDA,106.0,0,"1,471,527",0,"236,185",0,0,0,0,nan,0.00,0.00,0,"1,707,712",123.11,-17.11,-13.90%
2024-08-16,NVDA,107.0,"900,232","2,100,710",0,"21,807",0,"61,441",0,0,nan,0.00,0.00,"900,232","2,183,958",123.11,-16.11,-13.08%
2024-08-16,NVDA,108.0,"2,300,491","2,917,618",0,"471,466",0,0,0,0,nan,0.00,0.00,"2,300,491","3,389,084",123.11,-15.11,-12.27%
2024-08-16,NVDA,109.0,"1,789,410","1,618,576",0,"139,016",0,0,0,0,nan,0.00,0.00,"1,789,410","1,757,592",123.11,-14.11,-11.46%
2024-08-16,NVDA,110.0,"7,370,450",0,0,"1,426,719",0,"1,737,570",0,0,nan,0.00,0.00,"7,370,450","3,164,289",123.11,-13.11,-10.65%
2024-08-16,NVDA,111.0,0,"146,100",0,"452,723",0,"172,124",0,0,nan,0.00,0.00,0,"770,947",123.11,-12.11,-9.83%
2024-08-16,NVDA,112.0,"2,026,863",0,"730,098","1,188,880",0,"263,279",0,0,nan,0.00,0.00,"2,756,961","1,452,159",123.11,-11.11,-9.02%
2024-08-16,NVDA,113.0,"1,136,663",0,"1,395,999","1,581,582",0,"1,018,332",0,0,nan,0.00,0.00,"2,532,662","2,599,914",123.11,-10.11,-8.21%
2024-08-16,NVDA,114.0,"983,807",0,"1,449,845","1,090,786",0,"1,045,270",0,0,nan,0.00,0.00,"2,433,652","2,136,056",123.11,-9.11,-7.40%
2024-08-16,NVDA,114.5,"144,221",0,"623,379","277,226","34,365","475,900",0,0,nan,0.00,13.85,"801,965","753,126",123.11,-8.61,-6.99%
2024-08-16,NVDA,115.0,"2,952,945",0,"3,485,726","1,039,465","1,876,862","3,253,095",0,"691,744",nan,0.00,1.73,"8,315,533","4,984,304",123.11,-8.11,-6.59%
2024-08-16,NVDA,115.5,"128,744",0,"274,029","90,859","630,398","550,782",0,0,nan,0.00,0.87,"1,033,171","641,641",123.11,-7.61,-6.18%
2024-08-16,NVDA,116.0,"944,148",0,"514,870","57,799","1,936,279","1,737,891",0,"116,737",nan,0.00,0.90,"3,395,297","1,912,427",123.11,-7.11,-5.77%
2024-08-16,NVDA,116.5,0,0,"134,447",0,"1,148,089","373,427",0,"32,304",nan,0.00,0.33,"1,282,536","405,731",123.11,-6.61,-5.37%
2024-08-16,NVDA,117.0,"396,319",0,"283,790",0,"2,984,858","1,385,421",0,"344,230",nan,0.00,0.46,"3,664,967","1,729,651",123.11,-6.11,-4.96%
2024-08-16,NVDA,117.5,0,0,"11,203",0,"1,388,662","156,397",0,"105,727",nan,0.00,0.11,"1,399,865","262,124",123.11,-5.61,-4.55%
2024-08-16,NVDA,118.0,0,0,"221,450",0,"2,791,149","461,122","452,213","815,969",nan,1.80,0.17,"3,464,812","1,277,091",123.11,-5.11,-4.15%
2024-08-16,NVDA,118.5,0,0,"9,214",0,"690,394","6,629","200,530","116,693",nan,0.58,0.01,"900,138","123,322",123.11,-4.61,-3.74%
2024-08-16,NVDA,119.0,0,0,0,0,"1,209,362",0,"1,131,475","1,165,868",nan,1.03,0.00,"2,340,837","1,165,868",123.11,-4.11,-3.34%
2024-08-16,NVDA,119.5,0,0,0,0,"203,177",0,"335,261","181,783",nan,0.54,0.00,"538,438","181,783",123.11,-3.61,-2.93%
2024-08-16,NVDA,120.0,0,0,"268,006",0,"6,061,446",0,"3,303,475","1,071,566",nan,0.32,0.00,"9,632,927","1,071,566",123.11,-3.11,-2.52%
2024-08-16,NVDA,120.5,0,0,0,0,"164,286",0,"356,224","117,042",nan,0.33,0.00,"520,510","117,042",123.11,-2.61,-2.12%
2024-08-16,NVDA,121.0,0,0,0,0,0,0,"1,246,178","476,106",nan,0.38,0.00,"1,246,178","476,106",123.11,-2.11,-1.71%
2024-08-16,NVDA,121.5,0,0,0,0,"8,427",0,"277,898","214,599",nan,0.77,0.00,"286,325","214,599",123.11,-1.61,-1.31%
2024-08-16,NVDA,122.0,0,0,0,0,0,0,"1,254,412","687,522",nan,0.55,0.00,"1,254,412","687,522",123.11,-1.11,-0.90%
2024-08-16,NVDA,122.5,0,0,0,0,0,0,"506,651","61,898",nan,0.12,0.00,"506,651","61,898",123.11,-0.61,-0.49%
2024-08-16,NVDA,123.0,0,0,0,0,0,0,"771,957","102,369",nan,0.13,0.00,"771,957","102,369",123.11,-0.11,-0.09%
2024-08-16,NVDA,123.5,0,0,0,0,0,0,"160,140",0,nan,0.00,0.00,"160,140",0,123.11,0.39,0.32%
2024-08-16,NVDA,124.0,0,0,0,0,0,0,"537,617","36,160",nan,0.07,0.00,"537,617","36,160",123.11,0.89,0.73%
2024-08-16,NVDA,124.5,0,0,0,0,0,0,"225,138",0,nan,0.00,0.00,"225,138",0,123.11,1.39,1.13%
2024-08-16,NVDA,125.0,0,0,0,0,0,0,"1,162,261",0,nan,0.00,0.00,"1,162,261",0,123.11,1.89,1.54%
2024-08-16,NVDA,125.5,0,0,0,0,0,0,"32,180",0,nan,0.00,0.00,"32,180",0,123.11,2.39,1.94%
2024-08-16,NVDA,130.0,0,0,0,0,0,0,0,"2,006",nan,0.00,0.00,0,"2,006",123.11,6.89,5.60%
2024-08-16,TSLA,162.5,0,652,0,0,0,0,0,0,nan,0.00,0.00,0,652,216.60,-54.10,-24.98%
2024-08-16,TSLA,172.5,0,"21,369",0,0,0,0,0,0,nan,0.00,0.00,0,"21,369",216.60,-44.10,-20.36%
2024-08-16,TSLA,177.5,0,"40,085",0,0,0,0,0,0,nan,0.00,0.00,0,"40,085",216.60,-39.10,-18.05%
2024-08-16,TSLA,182.5,0,"205,795",0,0,0,"14,523",0,0,nan,0.00,0.00,0,"220,318",216.60,-34.10,-15.74%
2024-08-16,TSLA,187.5,0,"268,281",0,"32,796",0,"28,429",0,0,nan,0.00,0.00,0,"329,506",216.60,-29.10,-13.43%
2024-08-16,TSLA,190.0,0,"495,533",0,0,0,0,0,0,nan,0.00,0.00,0,"495,533",216.60,-26.60,-12.28%
2024-08-16,TSLA,192.5,"45,984","695,992",0,"390,087",0,"192,929",0,0,nan,0.00,0.00,"45,984","1,279,008",216.60,-24.10,-11.13%
2024-08-16,TSLA,195.0,"294,107","1,746,870",0,"1,131,870",0,"1,745,146",0,0,nan,0.00,0.00,"294,107","4,623,886",216.60,-21.60,-9.97%
2024-08-16,TSLA,197.5,"1,143,731","1,172,500","29,333","676,818",0,"2,340,462",0,"58,513",nan,0.00,0.00,"1,173,064","4,248,293",216.60,-19.10,-8.82%
2024-08-16,TSLA,200.0,0,0,0,"2,427,110",0,"3,675,750",0,"730,715",nan,0.00,0.00,0,"6,833,575",216.60,-16.60,-7.66%
2024-08-16,TSLA,202.5,"746,623","2,922","1,183,838","995,388","1,537,081","1,063,911",0,"436,208",nan,0.00,0.69,"3,467,542","2,498,429",216.60,-14.10,-6.51%
2024-08-16,TSLA,205.0,"1,144,855",0,"3,641,336","1,221,994","3,133,906","1,314,911","357,609","1,869,042",nan,5.23,0.42,"8,277,706","4,405,947",216.60,-11.60,-5.36%
2024-08-16,TSLA,207.5,0,0,"393,657","259,600",0,"111,842",0,"1,380,096",nan,0.00,0.00,"393,657","1,751,538",216.60,-9.10,-4.20%
2024-08-16,TSLA,210.0,"768,638",0,"3,870,588",0,"3,450,432",0,"3,403,886","3,564,304",nan,1.05,0.00,"11,493,544","3,564,304",216.60,-6.60,-3.05%
2024-08-16,TSLA,212.5,"160,588",0,"770,355",0,"593,665",0,"2,089,369","2,581,132",nan,1.24,0.00,"3,613,977","2,581,132",216.60,-4.10,-1.89%
2024-08-16,TSLA,215.0,"328,835",0,"2,351,066",0,"1,543,593",0,"6,075,722","1,308,650",nan,0.22,0.00,"10,299,216","1,308,650",216.60,-1.60,-0.74%
2024-08-16,TSLA,217.5,"95,660",0,"385,521",0,"177,975",0,"2,038,101","92,684",nan,0.05,0.00,"2,697,257","92,684",216.60,0.90,0.42%
2024-08-16,TSLA,220.0,0,0,0,0,0,0,"4,103,078",0,nan,0.00,0.00,"4,103,078",0,216.60,3.40,1.57%
2024-08-16,TSLA,222.5,0,0,0,0,0,0,"342,326",0,nan,0.00,0.00,"342,326",0,216.60,5.90,2.72%
2024-08-16,TSLA,225.0,0,0,0,0,0,0,"647,142",0,nan,0.00,0.00,"647,142",0,216.60,8.40,3.88%
2024-08-16,TSLA,227.5,0,0,"40,097",0,0,0,"101,087",0,nan,0.00,0.00,"141,184",0,216.60,10.90,5.03%
2024-08-16,TSLA,232.5,0,0,"1,998",0,0,0,0,0,nan,0.00,0.00,"1,998",0,216.60,15.90,7.34%
2024-08-16,TSLA,235.0,0,0,0,0,0,0,0,986,nan,0.00,0.00,0,986,216.60,18.40,8.49%
2024-08-16,TSLA,240.0,0,0,0,0,0,0,0,622,nan,0.00,0.00,0,622,216.60,23.40,10.80%
2024-08-16,TSLA,245.0,0,0,0,595,0,596,0,"1,569",nan,0.00,0.00,0,"2,760",216.60,28.40,13.11%
2024-08-16,TSLA,250.0,0,0,0,0,0,"2,508",0,"6,779",nan,0.00,0.00,0,"9,287",216.60,33.40,15.42%
2024-08-16,TSLA,255.0,0,0,0,0,0,0,0,"1,394",nan,0.00,0.00,0,"1,394",216.60,38.40,17.73%
2024-08-16,TSLA,265.0,0,0,0,0,0,512,0,"3,280",nan,0.00,0.00,0,"3,792",216.60,48.40,22.35%
2024-08-16,TSLA,275.0,0,0,0,0,0,0,0,854,nan,0.00,0.00,0,854,216.60,58.40,26.96%
2024-08-23,AAPL,195.0,0,0,0,0,0,"2,984",0,0,nan,0.00,0.00,0,"2,984",224.59,-29.59,-13.18%
2024-08-23,AAPL,202.5,0,0,0,0,0,0,0,"6,657",nan,0.00,0.00,0,"6,657",224.59,-22.09,-9.84%
2024-08-23,AAPL,212.5,0,"21,989",0,0,0,0,0,0,nan,0.00,0.00,0,"21,989",224.59,-12.09,-5.38%
2024-08-23,AAPL,215.0,0,"74,595",0,"34,092",0,"24,246",0,0,nan,0.00,0.00,0,"132,933",224.59,-9.59,-4.27%
2024-08-23,AAPL,217.5,"23,030","46,914",0,"62,792",0,0,0,0,nan,0.00,0.00,"23,030","109,706",224.59,-7.09,-3.16%
2024-08-23,AAPL,220.0,"44,321","1,717",0,"88,734",0,"74,128",0,"31,661",nan,0.00,0.00,"44,321","196,240",224.59,-4.59,-2.04%
2024-08-23,AAPL,222.5,"31,670",503,"29,243","1,770","201,519","9,876",0,"72,411",nan,0.00,0.05,"262,432","84,560",224.59,-2.09,-0.93%
2024-08-23,AAPL,225.0,0,0,"90,215",0,"305,403","3,263","127,694","14,535",nan,0.11,0.01,"523,312","17,798",224.59,0.41,0.18%
2024-08-23,AAPL,227.5,0,0,0,0,"7,665",0,"89,736",686,nan,0.01,0.00,"97,401",686,224.59,2.91,1.30%
2024-08-23,AAPL,230.0,0,542,0,0,0,0,"72,179",0,nan,0.00,0.00,"72,179",542,224.59,5.41,2.41%
2024-08-23,AAPL,232.5,"18,563",0,"11,820",0,0,0,0,0,nan,0.00,0.00,"30,383",0,224.59,7.91,3.52%
2024-08-23,AAPL,237.5,0,0,"1,108",0,0,0,0,0,nan,0.00,0.00,"1,108",0,224.59,12.91,5.75%
2024-08-23,AMZN,155.0,0,0,0,0,775,0,0,0,nan,0.00,0.00,775,0,176.97,-21.97,-12.41%
2024-08-23,AMZN,162.5,0,"2,655",0,0,0,0,0,0,nan,0.00,0.00,0,"2,655",176.97,-14.47,-8.18%
2024-08-23,AMZN,167.5,"13,987","16,102","11,329",0,0,"3,708",0,0,nan,0.00,0.00,"25,316","19,810",176.97,-9.47,-5.35%
2024-08-23,AMZN,170.0,0,0,"396,680","2,718",0,0,0,"22,757",nan,0.00,0.00,"396,680","25,475",176.97,-6.97,-3.94%
2024-08-23,AMZN,172.5,"13,001",0,"17,664",0,"92,747",0,0,"11,874",nan,0.00,0.00,"123,412","11,874",176.97,-4.47,-2.52%
2024-08-23,AMZN,175.0,0,0,"63,385",0,"327,158",0,"107,833","36,432",nan,0.34,0.00,"498,376","36,432",176.97,-1.97,-1.11%
2024-08-23,AMZN,177.5,0,0,0,0,0,0,"253,324",0,nan,0.00,0.00,"253,324",0,176.97,0.53,0.30%
2024-08-23,AMZN,180.0,0,0,0,0,0,0,"391,487",0,nan,0.00,0.00,"391,487",0,176.97,3.03,1.71%
2024-08-23,AMZN,182.5,"16,005",0,0,0,0,0,"110,535",0,nan,0.00,0.00,"126,540",0,176.97,5.53,3.13%
2024-08-23,AMZN,185.0,0,0,0,0,0,0,"6,748",0,nan,0.00,0.00,"6,748",0,176.97,8.03,4.54%
2024-08-23,AMZN,192.5,0,0,0,0,0,0,515,0,nan,0.00,0.00,515,0,176.97,15.53,8.78%
2024-08-23,GOOG,157.5,0,0,0,0,0,"1,747",0,0,nan,0.00,0.00,0,"1,747",164.42,-6.92,-4.21%
2024-08-23,GOOG,160.0,0,"16,719",0,0,"15,388","2,590",0,0,nan,0.00,0.17,"15,388","19,309",164.42,-4.42,-2.69%
2024-08-23,GOOG,162.5,0,0,0,0,"47,823",0,"6,815","2,330",nan,0.34,0.00,"54,638","2,330",164.42,-1.92,-1.17%
2024-08-23,GOOG,165.0,0,0,"3,623",0,"47,366",0,0,0,nan,0.00,0.00,"50,989",0,164.42,0.58,0.35%
2024-08-23,GOOG,167.5,0,0,0,0,"4,858",0,0,0,nan,0.00,0.00,"4,858",0,164.42,3.08,1.87%
2024-08-23,GOOG,170.0,0,0,0,0,"47,893",0,0,0,nan,0.00,0.00,"47,893",0,164.42,5.58,3.39%
2024-08-23,GOOG,177.5,0,0,"2,132",0,0,0,0,0,nan,0.00,0.00,"2,132",0,164.42,13.08,7.96%
2024-08-23,META,500.0,0,0,0,"1,650",0,0,0,0,nan,0.00,0.00,0,"1,650",531.63,-31.63,-5.95%
2024-08-23,META,517.5,0,0,0,0,0,"2,872",0,0,nan,0.00,0.00,0,"2,872",531.63,-14.13,-2.66%
2024-08-23,META,520.0,0,0,"4,109","1,377",0,"6,164",0,"1,899",nan,0.00,0.00,"4,109","9,440",531.63,-11.63,-2.19%
2024-08-23,META,525.0,0,0,"1,854","8,518",0,"11,117",0,0,nan,0.00,0.00,"1,854","19,635",531.63,-6.63,-1.25%
2024-08-23,META,527.5,0,0,0,0,"1,150",512,"2,365",0,nan,0.00,0.45,"3,515",512,531.63,-4.13,-0.78%
2024-08-23,META,530.0,0,0,"3,423",0,0,"1,877",0,"7,515",nan,0.00,0.00,"3,423","9,392",531.63,-1.63,-0.31%
2024-08-23,META,532.5,0,0,0,0,"5,381",0,0,0,nan,0.00,0.00,"5,381",0,531.63,0.87,0.16%
2024-08-23,META,535.0,"1,081",0,959,0,"8,191",0,"2,006","5,674",nan,2.83,0.00,"12,237","5,674",531.63,3.37,0.63%
2024-08-23,META,537.5,0,0,0,0,0,0,"1,886",0,nan,0.00,0.00,"1,886",0,531.63,5.87,1.10%
2024-08-23,META,540.0,0,0,"8,511",0,"4,188",0,"73,610","1,422",nan,0.02,0.00,"86,309","1,422",531.63,8.37,1.57%
2024-08-23,META,545.0,0,0,0,0,"1,199",0,"11,637",0,nan,0.00,0.00,"12,836",0,531.63,13.37,2.51%
2024-08-23,META,550.0,0,0,"26,314",0,"21,768",0,"14,053",0,nan,0.00,0.00,"62,135",0,531.63,18.37,3.46%
2024-08-23,META,555.0,0,0,"9,782",0,0,0,0,0,nan,0.00,0.00,"9,782",0,531.63,23.37,4.40%
2024-08-23,META,560.0,0,0,0,0,0,0,740,0,nan,0.00,0.00,740,0,531.63,28.37,5.34%
2024-08-23,MSFT,397.5,0,0,0,0,0,614,0,0,nan,0.00,0.00,0,614,419.92,-22.42,-5.34%
2024-08-23,MSFT,405.0,"3,378",0,0,0,0,0,0,0,nan,0.00,0.00,"3,378",0,419.92,-14.92,-3.55%
2024-08-23,MSFT,407.5,"13,463","3,956",0,0,0,0,0,0,nan,0.00,0.00,"13,463","3,956",419.92,-12.42,-2.96%
2024-08-23,MSFT,410.0,"4,404",0,"1,144",0,0,836,0,0,nan,0.00,0.00,"5,548",836,419.92,-9.92,-2.36%
2024-08-23,MSFT,412.5,0,0,"1,291",0,0,0,0,0,nan,0.00,0.00,"1,291",0,419.92,-7.42,-1.77%
2024-08-23,MSFT,415.0,0,0,"6,609",0,"2,125",0,0,0,nan,0.00,0.00,"8,734",0,419.92,-4.92,-1.17%
2024-08-23,MSFT,417.5,0,0,"1,142",0,"4,566",0,0,"1,629",nan,0.00,0.00,"5,708","1,629",419.92,-2.42,-0.58%
2024-08-23,MSFT,420.0,0,0,0,0,"14,972",0,"15,863",0,nan,0.00,0.00,"30,835",0,419.92,0.08,0.02%
2024-08-23,MSFT,422.5,0,0,"2,193",0,933,0,"1,461",0,nan,0.00,0.00,"4,587",0,419.92,2.58,0.61%
2024-08-23,MSFT,430.0,0,0,0,0,0,0,"2,986",0,nan,0.00,0.00,"2,986",0,419.92,10.08,2.40%
2024-08-23,NVDA,104.0,0,"19,926",0,"12,481",0,0,0,0,nan,0.00,0.00,0,"32,407",123.11,-19.11,-15.52%
2024-08-23,NVDA,105.0,0,0,0,"65,240",0,0,0,0,nan,0.00,0.00,0,"65,240",123.11,-18.11,-14.71%
2024-08-23,NVDA,107.0,0,"194,456",0,0,0,0,0,0,nan,0.00,0.00,0,"194,456",123.11,-16.11,-13.08%
2024-08-23,NVDA,108.0,"56,456","215,920",0,0,0,0,0,0,nan,0.00,0.00,"56,456","215,920",123.11,-15.11,-12.27%
2024-08-23,NVDA,109.0,"113,810","15,571",0,"40,561",0,0,0,0,nan,0.00,0.00,"113,810","56,132",123.11,-14.11,-11.46%
2024-08-23,NVDA,110.0,"119,933",0,0,"229,412",0,"386,719",0,0,nan,0.00,0.00,"119,933","616,131",123.11,-13.11,-10.65%
2024-08-23,NVDA,111.0,"73,794",0,"10,852","47,049",0,"23,626",0,0,nan,0.00,0.00,"84,646","70,675",123.11,-12.11,-9.83%
2024-08-23,NVDA,112.0,"124,929",0,0,"9,498",0,"78,672",0,0,nan,0.00,0.00,"124,929","88,170",123.11,-11.11,-9.02%
2024-08-23,NVDA,113.0,"79,118",0,"33,930","31,561",0,"171,866",0,0,nan,0.00,0.00,"113,048","203,427",123.11,-10.11,-8.21%
2024-08-23,NVDA,114.0,"39,701",0,"106,982",0,0,"244,758",0,0,nan,0.00,0.00,"146,683","244,758",123.11,-9.11,-7.40%
2024-08-23,NVDA,115.0,0,0,"102,571","13,824",0,"192,102",0,"189,497",nan,0.00,0.00,"102,571","395,423",123.11,-8.11,-6.59%
2024-08-23,NVDA,116.0,"29,553",0,"149,285",0,"185,721","114,546",0,"141,871",nan,0.00,0.62,"364,559","256,417",123.11,-7.11,-5.77%
2024-08-23,NVDA,117.0,"10,384",0,"75,114",0,"448,139","104,115",0,"49,563",nan,0.00,0.23,"533,637","153,678",123.11,-6.11,-4.96%
2024-08-23,NVDA,118.0,"180,745",0,"15,412",0,"514,591",0,0,"17,074",nan,0.00,0.00,"710,748","17,074",123.11,-5.11,-4.15%
2024-08-23,NVDA,119.0,0,0,"46,505",0,"180,619",0,"188,771","57,508",nan,0.30,0.00,"415,895","57,508",123.11,-4.11,-3.34%
2024-08-23,NVDA,120.0,0,0,0,0,"972,824",0,"236,060","265,098",nan,1.12,0.00,"1,208,884","265,098",123.11,-3.11,-2.52%
2024-08-23,NVDA,121.0,0,0,"7,779",0,"52,595",0,"97,166","140,387",nan,1.44,0.00,"157,540","140,387",123.11,-2.11,-1.71%
2024-08-23,NVDA,122.0,0,0,"8,424",0,"79,432",0,"309,850","58,194",nan,0.19,0.00,"397,706","58,194",123.11,-1.11,-0.90%
2024-08-23,NVDA,123.0,0,0,0,0,0,0,"209,100","25,862",nan,0.12,0.00,"209,100","25,862",123.11,-0.11,-0.09%
2024-08-23,NVDA,124.0,0,0,0,0,0,0,"67,334",0,nan,0.00,0.00,"67,334",0,123.11,0.89,0.73%
2024-08-23,NVDA,125.0,0,0,0,0,0,0,"943,650",0,nan,0.00,0.00,"943,650",0,123.11,1.89,1.54%
2024-08-23,NVDA,126.0,0,0,0,0,0,0,"25,079",0,nan,0.00,0.00,"25,079",0,123.11,2.89,2.35%
2024-08-23,NVDA,127.0,0,0,0,0,"18,707",0,"52,621",0,nan,0.00,0.00,"71,328",0,123.11,3.89,3.16%
2024-08-23,NVDA,128.0,0,0,0,0,0,0,"16,607",0,nan,0.00,0.00,"16,607",0,123.11,4.89,3.97%
2024-08-23,NVDA,129.0,0,0,0,0,0,0,"9,274",0,nan,0.00,0.00,"9,274",0,123.11,5.89,4.79%
2024-08-23,NVDA,130.0,0,0,0,0,0,0,"237,618",0,nan,0.00,0.00,"237,618",0,123.11,6.89,5.60%
2024-08-23,TSLA,155.0,0,"3,147",0,0,0,0,0,0,nan,0.00,0.00,0,"3,147",216.60,-61.60,-28.44%
2024-08-23,TSLA,165.0,0,0,0,974,0,0,0,0,nan,0.00,0.00,0,974,216.60,-51.60,-23.82%
2024-08-23,TSLA,167.5,0,0,0,"1,828",0,0,0,0,nan,0.00,0.00,0,"1,828",216.60,-49.10,-22.67%
2024-08-23,TSLA,170.0,0,0,0,0,0,"3,087",0,0,nan,0.00,0.00,0,"3,087",216.60,-46.60,-21.51%
2024-08-23,TSLA,180.0,0,0,0,0,0,0,"3,785",0,nan,0.00,0.00,"3,785",0,216.60,-36.60,-16.90%
2024-08-23,TSLA,182.5,0,"4,974",0,0,0,0,0,0,nan,0.00,0.00,0,"4,974",216.60,-34.10,-15.74%
2024-08-23,TSLA,185.0,612,0,0,0,0,"6,897",0,0,nan,0.00,0.00,612,"6,897",216.60,-31.60,-14.59%
2024-08-23,TSLA,187.5,0,"6,283",0,"5,904",0,"20,781",0,0,nan,0.00,0.00,0,"32,968",216.60,-29.10,-13.43%
2024-08-23,TSLA,190.0,"4,176","114,179",0,"63,518","8,787","81,474",0,0,nan,0.00,9.27,"12,963","259,171",216.60,-26.60,-12.28%
2024-08-23,TSLA,192.5,0,"13,590",0,"8,626",0,"20,682",0,0,nan,0.00,0.00,0,"42,898",216.60,-24.10,-11.13%
2024-08-23,TSLA,195.0,"40,741","56,863","6,107","73,171",0,"120,935",0,"139,546",nan,0.00,0.00,"46,848","390,515",216.60,-21.60,-9.97%
2024-08-23,TSLA,197.5,"49,783","34,996","21,089","31,156",0,"40,628",0,"39,391",nan,0.00,0.00,"70,872","146,171",216.60,-19.10,-8.82%
2024-08-23,TSLA,200.0,"126,739",0,"143,077","144,673","145,111","272,189",0,"280,351",nan,0.00,1.88,"414,927","697,213",216.60,-16.60,-7.66%
2024-08-23,TSLA,202.5,"13,454",0,"51,691","70,198","141,962","44,416",0,"44,133",nan,0.00,0.31,"207,107","158,747",216.60,-14.10,-6.51%
2024-08-23,TSLA,205.0,"18,992",0,"314,228","111,057","336,480","67,579",0,"222,617",nan,0.00,0.20,"669,700","401,253",216.60,-11.60,-5.36%
2024-08-23,TSLA,207.5,"1,973",0,"138,020","20,536","219,184","1,992",0,"123,093",nan,0.00,0.01,"359,177","145,621",216.60,-9.10,-4.20%
2024-08-23,TSLA,210.0,"39,242",0,"274,086","4,537","437,328",0,"306,856","510,185",nan,1.66,0.00,"1,057,512","514,722",216.60,-6.60,-3.05%
2024-08-23,TSLA,212.5,"5,686",0,"51,390","3,650","59,366",0,"204,466","128,231",nan,0.63,0.00,"320,908","131,881",216.60,-4.10,-1.89%
2024-08-23,TSLA,215.0,"7,227",0,"135,533",0,"118,736",0,"858,401","181,326",nan,0.21,0.00,"1,119,897","181,326",216.60,-1.60,-0.74%
2024-08-23,TSLA,217.5,0,0,"46,997",0,"27,860",0,"133,196","8,010",nan,0.06,0.00,"208,053","8,010",216.60,0.90,0.42%
2024-08-23,TSLA,220.0,"40,843",0,"219,111",0,"272,642",0,"609,114",0,nan,0.00,0.00,"1,141,710",0,216.60,3.40,1.57%
2024-08-23,TSLA,222.5,0,0,"8,872",0,0,0,"58,721",0,nan,0.00,0.00,"67,593",0,216.60,5.90,2.72%
2024-08-23,TSLA,225.0,0,0,"44,720",0,0,0,"229,731",0,nan,0.00,0.00,"274,451",0,216.60,8.40,3.88%
2024-08-23,TSLA,227.5,0,0,"8,715",0,0,0,"46,154",869,nan,0.02,0.00,"54,869",869,216.60,10.90,5.03%
2024-08-23,TSLA,230.0,0,0,"18,518",0,0,0,"475,300",0,nan,0.00,0.00,"493,818",0,216.60,13.40,6.19%
2024-08-23,TSLA,232.5,0,0,0,0,0,0,"23,066",0,nan,0.00,0.00,"23,066",0,216.60,15.90,7.34%
2024-08-23,TSLA,235.0,0,0,0,0,0,0,"139,228",0,nan,0.00,0.00,"139,228",0,216.60,18.40,8.49%
2024-08-23,TSLA,237.5,0,0,0,0,0,0,"12,706",0,nan,0.00,0.00,"12,706",0,216.60,20.90,9.65%
2024-08-23,TSLA,240.0,0,0,"8,451",0,0,0,"106,329",0,nan,0.00,0.00,"114,780",0,216.60,23.40,10.80%
2024-08-30,AAPL,207.5,0,0,0,0,0,"1,929",0,0,nan,0.00,0.00,0,"1,929",224.59,-17.09,-7.61%
2024-08-30,AAPL,222.5,0,0,"1,132",0,0,"1,164",0,"3,495",nan,0.00,0.00,"1,132","4,659",224.59,-2.09,-0.93%
2024-08-30,AAPL,225.0,0,0,0,0,0,0,0,"1,684",nan,0.00,0.00,0,"1,684",224.59,0.41,0.18%
2024-08-30,AAPL,227.5,0,0,0,0,0,0,909,0,nan,0.00,0.00,909,0,224.59,2.91,1.30%
2024-08-30,AAPL,232.5,0,0,0,0,0,0,636,0,nan,0.00,0.00,636,0,224.59,7.91,3.52%
2024-08-30,AAPL,237.5,0,0,0,0,"2,059",0,0,0,nan,0.00,0.00,"2,059",0,224.59,12.91,5.75%
2024-08-30,AMZN,170.0,0,0,"15,254",0,0,0,0,0,nan,0.00,0.00,"15,254",0,176.97,-6.97,-3.94%
2024-08-30,AMZN,172.5,0,0,0,0,"5,830",0,0,0,nan,0.00,0.00,"5,830",0,176.97,-4.47,-2.52%
2024-08-30,AMZN,175.0,0,0,0,0,0,0,"4,283","6,467",nan,1.51,0.00,"4,283","6,467",176.97,-1.97,-1.11%
2024-08-30,AMZN,177.5,0,0,0,0,0,0,"6,637",0,nan,0.00,0.00,"6,637",0,176.97,0.53,0.30%
2024-08-30,GOOG,160.0,0,0,0,0,"4,262",0,0,0,nan,0.00,0.00,"4,262",0,164.42,-4.42,-2.69%
2024-08-30,GOOG,165.0,0,0,0,0,"3,979",0,0,0,nan,0.00,0.00,"3,979",0,164.42,0.58,0.35%
2024-08-30,GOOG,167.5,0,0,0,0,562,0,0,0,nan,0.00,0.00,562,0,164.42,3.08,1.87%
2024-08-30,META,490.0,0,0,0,0,0,0,0,795,nan,0.00,0.00,0,795,531.63,-41.63,-7.83%
2024-08-30,META,520.0,0,0,0,0,0,731,0,0,nan,0.00,0.00,0,731,531.63,-11.63,-2.19%
2024-08-30,META,525.0,0,0,0,0,0,555,0,0,nan,0.00,0.00,0,555,531.63,-6.63,-1.25%
2024-08-30,META,530.0,0,0,"22,375",0,0,0,0,0,nan,0.00,0.00,"22,375",0,531.63,-1.63,-0.31%
2024-08-30,MSFT,420.0,0,0,0,0,0,0,"2,279",0,nan,0.00,0.00,"2,279",0,419.92,0.08,0.02%
2024-08-30,NVDA,98.0,0,"1,023",0,0,0,0,0,0,nan,0.00,0.00,0,"1,023",123.11,-25.11,-20.39%
2024-08-30,NVDA,103.0,"2,006",0,0,0,0,0,0,0,nan,0.00,0.00,"2,006",0,123.11,-20.11,-16.33%
2024-08-30,NVDA,107.0,"14,507",0,0,0,0,0,0,0,nan,0.00,0.00,"14,507",0,123.11,-16.11,-13.08%
2024-08-30,NVDA,108.0,0,"8,205",0,0,0,0,0,0,nan,0.00,0.00,0,"8,205",123.11,-15.11,-12.27%
2024-08-30,NVDA,109.0,0,0,"4,832",0,0,0,0,0,nan,0.00,0.00,"4,832",0,123.11,-14.11,-11.46%
2024-08-30,NVDA,114.0,0,0,"8,190",0,0,0,0,0,nan,0.00,0.00,"8,190",0,123.11,-9.11,-7.40%
2024-08-30,NVDA,116.0,0,0,"9,679",0,"15,410",0,0,0,nan,0.00,0.00,"25,089",0,123.11,-7.11,-5.77%
2024-08-30,NVDA,117.0,0,0,0,0,"43,662",0,0,0,nan,0.00,0.00,"43,662",0,123.11,-6.11,-4.96%
2024-08-30,NVDA,120.0,0,0,0,0,0,"103,887",0,0,nan,0.00,0.00,0,"103,887",123.11,-3.11,-2.52%
2024-08-30,NVDA,121.0,0,0,0,0,0,0,0,"271,283",nan,0.00,0.00,0,"271,283",123.11,-2.11,-1.71%
2024-08-30,NVDA,122.0,0,0,0,0,0,0,"44,434",0,nan,0.00,0.00,"44,434",0,123.11,-1.11,-0.90%
2024-08-30,NVDA,123.0,0,0,0,0,0,0,0,"2,053",nan,0.00,0.00,0,"2,053",123.11,-0.11,-0.09%
2024-08-30,NVDA,124.0,0,0,0,0,"21,812",0,0,0,nan,0.00,0.00,"21,812",0,123.11,0.89,0.73%
2024-08-30,NVDA,125.0,0,0,0,0,0,0,0,"5,996",nan,0.00,0.00,0,"5,996",123.11,1.89,1.54%
2024-08-30,NVDA,130.0,0,0,0,0,0,0,"251,611",0,nan,0.00,0.00,"251,611",0,123.11,6.89,5.60%
2024-08-30,NVDA,132.0,0,0,"36,067",0,0,0,0,0,nan,0.00,0.00,"36,067",0,123.11,8.89,7.22%
2024-08-30,NVDA,133.0,0,0,0,0,0,0,"5,877",0,nan,0.00,0.00,"5,877",0,123.11,9.89,8.04%
2024-08-30,TSLA,155.0,0,0,0,0,0,0,0,586,nan,0.00,0.00,0,586,216.60,-61.60,-28.44%
2024-08-30,TSLA,180.0,0,"2,286",0,0,0,0,0,0,nan,0.00,0.00,0,"2,286",216.60,-36.60,-16.90%
2024-08-30,TSLA,195.0,"16,213",0,0,0,0,0,0,0,nan,0.00,0.00,"16,213",0,216.60,-21.60,-9.97%
2024-08-30,TSLA,197.5,0,0,0,"5,521","2,445","2,712",0,0,nan,0.00,1.11,"2,445","8,233",216.60,-19.10,-8.82%
2024-08-30,TSLA,202.5,0,0,0,0,"21,371","2,605",0,0,nan,0.00,0.12,"21,371","2,605",216.60,-14.10,-6.51%
2024-08-30,TSLA,205.0,0,0,"31,590","14,199","34,284",0,0,"36,051",nan,0.00,0.00,"65,874","50,250",216.60,-11.60,-5.36%
2024-08-30,TSLA,207.5,0,0,0,0,"7,051",0,"6,214","2,175",nan,0.35,0.00,"13,265","2,175",216.60,-9.10,-4.20%
2024-08-30,TSLA,210.0,0,0,"5,655",0,"38,675",0,0,"12,592",nan,0.00,0.00,"44,330","12,592",216.60,-6.60,-3.05%
2024-08-30,TSLA,212.5,0,0,0,0,0,0,"14,405","18,558",nan,1.29,0.00,"14,405","18,558",216.60,-4.10,-1.89%
2024-08-30,TSLA,215.0,0,0,"3,989",0,0,0,"45,664","40,016",nan,0.88,0.00,"49,653","40,016",216.60,-1.60,-0.74%
2024-08-30,TSLA,217.5,0,0,0,0,0,0,"7,897",0,nan,0.00,0.00,"7,897",0,216.60,0.90,0.42%
2024-08-30,TSLA,220.0,0,0,"115,279",0,0,0,"53,407",0,nan,0.00,0.00,"168,686",0,216.60,3.40,1.57%
2024-08-30,TSLA,222.5,0,0,0,0,"2,244",0,"1,923",0,nan,0.00,0.00,"4,167",0,216.60,5.90,2.72%
2024-08-30,TSLA,230.0,0,0,0,0,0,0,"24,877",0,nan,0.00,0.00,"24,877",0,216.60,13.40,6.19%
2024-08-30,TSLA,240.0,0,0,0,0,0,0,"13,222",0,nan,0.00,0.00,"13,222",0,216.60,23.40,10.80%
2024-08-30,TSLA,245.0,0,0,0,0,0,0,"9,852",0,nan,0.00,0.00,"9,852",0,216.60,28.40,13.11%
2024-08-30,TSLA,290.0,0,0,0,0,0,0,"1,102",0,nan,0.00,0.00,"1,102",0,216.60,73.40,33.89%
2024-08-30,TSLA,295.0,0,0,0,0,0,0,524,0,nan,0.00,0.00,524,0,216.60,78.40,36.20%
2024-09-06,AAPL,225.0,0,0,0,0,0,0,0,842,nan,0.00,0.00,0,842,224.59,0.41,0.18%
2024-09-06,AMZN,165.0,0,0,0,0,0,0,0,"1,298",nan,0.00,0.00,0,"1,298",176.97,-11.97,-6.76%
2024-09-06,AMZN,190.0,0,0,0,0,0,0,"77,370",0,nan,0.00,0.00,"77,370",0,176.97,13.03,7.36%
2024-09-06,GOOG,165.0,0,0,0,0,0,0,"1,070",0,nan,0.00,0.00,"1,070",0,164.42,0.58,0.35%
2024-09-06,META,535.0,0,0,763,0,0,0,0,0,nan,0.00,0.00,763,0,531.63,3.37,0.63%
2024-09-06,NVDA,62.0,0,0,0,0,0,0,0,"1,000",nan,0.00,0.00,0,"1,000",123.11,-61.11,-49.64%
2024-09-06,NVDA,63.0,0,0,0,0,0,0,0,"1,700",nan,0.00,0.00,0,"1,700",123.11,-60.11,-48.83%
2024-09-06,NVDA,64.0,0,0,0,0,0,0,0,"2,000",nan,0.00,0.00,0,"2,000",123.11,-59.11,-48.01%
2024-09-06,NVDA,97.0,0,0,0,0,0,"1,335",0,0,nan,0.00,0.00,0,"1,335",123.11,-26.11,-21.21%
2024-09-06,NVDA,111.0,0,0,"6,403",0,0,0,0,0,nan,0.00,0.00,"6,403",0,123.11,-12.11,-9.83%
2024-09-06,NVDA,117.0,0,0,0,0,"2,224",0,0,576,nan,0.00,0.00,"2,224",576,123.11,-6.11,-4.96%
2024-09-06,NVDA,118.0,0,0,0,0,0,0,0,731,nan,0.00,0.00,0,731,123.11,-5.11,-4.15%
2024-09-06,NVDA,120.0,0,0,0,0,"311,884",0,0,0,nan,0.00,0.00,"311,884",0,123.11,-3.11,-2.52%
2024-09-06,NVDA,122.0,0,0,0,0,0,0,"2,603","1,134",nan,0.44,0.00,"2,603","1,134",123.11,-1.11,-0.90%
2024-09-06,NVDA,126.0,0,0,0,0,"3,852",0,0,0,nan,0.00,0.00,"3,852",0,123.11,2.89,2.35%
2024-09-06,NVDA,137.0,0,0,0,0,0,0,583,0,nan,0.00,0.00,583,0,123.11,13.89,11.29%
2024-09-06,NVDA,139.0,0,0,0,0,0,0,"1,597",0,nan,0.00,0.00,"1,597",0,123.11,15.89,12.91%
2024-09-06,TSLA,190.0,0,0,"1,783",0,0,"5,514",0,0,nan,0.00,0.00,"1,783","5,514",216.60,-26.60,-12.28%
2024-09-06,TSLA,200.0,"6,469",0,0,0,0,0,0,"1,400",nan,0.00,0.00,"6,469","1,400",216.60,-16.60,-7.66%
2024-09-06,TSLA,205.0,0,0,0,0,0,0,0,"6,129",nan,0.00,0.00,0,"6,129",216.60,-11.60,-5.36%
2024-09-06,TSLA,210.0,0,0,0,0,0,0,0,"1,200",nan,0.00,0.00,0,"1,200",216.60,-6.60,-3.05%
2024-09-06,TSLA,215.0,0,0,"4,783",0,0,0,0,0,nan,0.00,0.00,"4,783",0,216.60,-1.60,-0.74%
2024-09-06,TSLA,220.0,0,0,"24,940",0,0,0,0,0,nan,0.00,0.00,"24,940",0,216.60,3.40,1.57%
2024-09-06,TSLA,225.0,"8,421",0,0,0,0,0,0,0,nan,0.00,0.00,"8,421",0,216.60,8.40,3.88%
2024-09-06,TSLA,230.0,0,0,"26,626",0,0,0,0,0,nan,0.00,0.00,"26,626",0,216.60,13.40,6.19%
2024-09-06,TSLA,235.0,0,0,0,0,0,0,"20,321",0,nan,0.00,0.00,"20,321",0,216.60,18.40,8.49%
2024-09-06,TSLA,240.0,0,0,"5,523",0,0,0,0,0,nan,0.00,0.00,"5,523",0,216.60,23.40,10.80%
2024-09-06,TSLA,250.0,0,0,0,0,"1,982",0,0,0,nan,0.00,0.00,"1,982",0,216.60,33.40,15.42%
2024-09-13,AAPL,200.0,0,0,0,"8,089",0,0,0,0,nan,0.00,0.00,0,"8,089",224.59,-24.59,-10.95%
2024-09-13,AAPL,210.0,0,0,0,"28,592",0,0,0,0,nan,0.00,0.00,0,"28,592",224.59,-14.59,-6.50%
2024-09-13,AAPL,215.0,0,0,0,"32,947",0,0,0,0,nan,0.00,0.00,0,"32,947",224.59,-9.59,-4.27%
2024-09-13,AAPL,220.0,0,0,0,"34,509",0,0,0,0,nan,0.00,0.00,0,"34,509",224.59,-4.59,-2.04%
2024-09-13,AAPL,235.0,0,0,"52,082",0,0,0,0,0,nan,0.00,0.00,"52,082",0,224.59,10.41,4.64%
2024-09-13,AMZN,190.0,0,0,0,0,0,0,"1,837",0,nan,0.00,0.00,"1,837",0,176.97,13.03,7.36%
2024-09-13,NVDA,102.0,0,0,0,0,759,0,0,0,nan,0.00,0.00,759,0,123.11,-21.11,-17.15%
2024-09-13,NVDA,110.0,0,"1,045",0,0,0,0,0,0,nan,0.00,0.00,0,"1,045",123.11,-13.11,-10.65%
2024-09-13,NVDA,115.0,0,0,"1,103",0,0,"3,261",0,0,nan,0.00,0.00,"1,103","3,261",123.11,-8.11,-6.59%
2024-09-13,NVDA,117.0,0,0,0,0,"2,191",0,0,0,nan,0.00,0.00,"2,191",0,123.11,-6.11,-4.96%
2024-09-13,NVDA,122.0,0,0,0,0,0,0,809,0,nan,0.00,0.00,809,0,123.11,-1.11,-0.90%
2024-09-13,NVDA,123.0,"1,131",0,0,0,0,0,0,0,nan,0.00,0.00,"1,131",0,123.11,-0.11,-0.09%
2024-09-13,NVDA,124.0,0,500,0,0,0,0,0,0,nan,0.00,0.00,0,500,123.11,0.89,0.73%
2024-09-13,TSLA,180.0,0,0,0,616,0,0,0,0,nan,0.00,0.00,0,616,216.60,-36.60,-16.90%
2024-09-13,TSLA,185.0,0,0,0,0,0,"2,431",0,0,nan,0.00,0.00,0,"2,431",216.60,-31.60,-14.59%
2024-09-13,TSLA,200.0,0,0,0,0,"13,753",0,0,0,nan,0.00,0.00,"13,753",0,216.60,-16.60,-7.66%
2024-09-13,TSLA,210.0,0,0,0,0,0,0,"3,549",0,nan,0.00,0.00,"3,549",0,216.60,-6.60,-3.05%
2024-09-13,TSLA,215.0,0,0,0,0,0,0,"3,479",0,nan,0.00,0.00,"3,479",0,216.60,-1.60,-0.74%
2024-09-13,TSLA,220.0,0,0,"5,721",0,0,0,0,0,nan,0.00,0.00,"5,721",0,216.60,3.40,1.57%
2024-09-13,TSLA,240.0,0,0,0,0,0,0,"144,010",0,nan,0.00,0.00,"144,010",0,216.60,23.40,10.80%
2024-09-13,TSLA,250.0,0,0,0,0,0,0,"2,345",0,nan,0.00,0.00,"2,345",0,216.60,33.40,15.42%
2024-09-13,TSLA,300.0,0,0,0,0,865,0,0,0,nan,0.00,0.00,865,0,216.60,83.40,38.50%
2024-09-20,META,535.0,0,0,0,0,0,0,0,"1,447",nan,0.00,0.00,0,"1,447",531.63,3.37,0.63%
2024-09-20,META,540.0,0,0,0,0,0,0,0,869,nan,0.00,0.00,0,869,531.63,8.37,1.57%
2024-09-20,MSFT,370.0,0,0,0,0,"3,000",0,0,0,nan,0.00,0.00,"3,000",0,419.92,-49.92,-11.89%
2024-09-20,MSFT,380.0,0,0,0,0,0,0,"5,109",0,nan,0.00,0.00,"5,109",0,419.92,-39.92,-9.51%
2024-09-20,NVDA,108.0,0,0,0,0,0,"58,001",0,0,nan,0.00,0.00,0,"58,001",123.11,-15.11,-12.27%
2024-09-20,TSLA,205.0,0,0,0,0,0,0,"39,233","43,240",nan,1.10,0.00,"39,233","43,240",216.60,-11.60,-5.36%
2024-09-20,TSLA,300.0,0,0,0,0,0,920,0,0,nan,0.00,0.00,0,920,216.60,83.40,38.50%
2024-09-27,AAPL,230.0,0,0,0,0,0,0,"77,746",0,nan,0.00,0.00,"77,746",0,224.59,5.41,2.41%
2024-09-27,AAPL,240.0,0,0,0,0,577,0,"14,580",0,nan,0.00,0.00,"15,157",0,224.59,15.41,6.86%
2024-09-27,GOOG,180.0,0,0,0,0,0,0,"1,141",0,nan,0.00,0.00,"1,141",0,164.42,15.58,9.48%
2024-09-27,NVDA,110.0,"3,204",0,0,0,0,0,0,0,nan,0.00,0.00,"3,204",0,123.11,-13.11,-10.65%
2024-09-27,NVDA,115.0,0,0,"1,470",0,0,"26,854",0,0,nan,0.00,0.00,"1,470","26,854",123.11,-8.11,-6.59%
2024-09-27,NVDA,130.0,0,0,610,0,0,0,0,0,nan,0.00,0.00,610,0,123.11,6.89,5.60%
2024-09-27,TSLA,220.0,0,0,0,0,0,0,"1,797",0,nan,0.00,0.00,"1,797",0,216.60,3.40,1.57%
2024-09-27,TSLA,225.0,0,0,0,0,0,0,"1,034",0,nan,0.00,0.00,"1,034",0,216.60,8.40,3.88%
2024-09-27,TSLA,250.0,0,0,"1,429",0,0,0,0,0,nan,0.00,0.00,"1,429",0,216.60,33.40,15.42%
2024-10-18,AMZN,175.0,0,0,"58,344",0,0,0,0,0,nan,0.00,0.00,"58,344",0,176.97,-1.97,-1.11%
2024-10-18,AMZN,205.0,0,0,"7,080",0,0,0,0,0,nan,0.00,0.00,"7,080",0,176.97,28.03,15.84%
2024-10-18,GOOG,170.0,0,0,"11,383",0,0,0,0,0,nan,0.00,0.00,"11,383",0,164.42,5.58,3.39%
2024-10-18,META,510.0,0,0,0,"5,516",0,0,0,0,nan,0.00,0.00,0,"5,516",531.63,-21.63,-4.07%
2024-10-18,META,515.0,"3,114",0,0,0,0,0,0,0,nan,0.00,0.00,"3,114",0,531.63,-16.63,-3.13%
2024-10-18,META,525.0,0,0,0,0,"2,000",0,0,0,nan,0.00,0.00,"2,000",0,531.63,-6.63,-1.25%
2024-10-18,META,545.0,0,0,0,0,0,0,"2,403",0,nan,0.00,0.00,"2,403",0,531.63,13.37,2.51%
2024-10-18,MSFT,405.0,0,0,0,"8,303",0,0,0,0,nan,0.00,0.00,0,"8,303",419.92,-14.92,-3.55%
2024-10-18,NVDA,110.0,0,0,0,0,"136,477",0,0,0,nan,0.00,0.00,"136,477",0,123.11,-13.11,-10.65%
2024-10-18,NVDA,144.0,0,0,0,0,"13,595",0,0,0,nan,0.00,0.00,"13,595",0,123.11,20.89,16.97%
2024-10-18,TSLA,210.0,0,0,0,0,0,0,"68,170",0,nan,0.00,0.00,"68,170",0,216.60,-6.60,-3.05%
2024-11-15,AMZN,135.0,0,0,0,0,0,0,"17,606",0,nan,0.00,0.00,"17,606",0,176.97,-41.97,-23.72%
2024-11-15,META,600.0,0,0,0,0,0,0,"13,403",0,nan,0.00,0.00,"13,403",0,531.63,68.37,12.86%
2024-11-15,MSFT,540.0,0,0,0,0,0,0,"7,240",0,nan,0.00,0.00,"7,240",0,419.92,120.08,28.60%
2024-11-15,NVDA,75.0,"18,022",0,0,0,0,0,0,0,nan,0.00,0.00,"18,022",0,123.11,-48.11,-39.08%
2024-11-15,TSLA,225.0,"40,031",0,0,0,0,0,0,0,nan,0.00,0.00,"40,031",0,216.60,8.40,3.88%
2024-11-15,TSLA,295.0,0,0,0,0,"5,338",0,0,0,nan,0.00,0.00,"5,338",0,216.60,78.40,36.20%
2024-12-20,AMZN,215.0,0,0,0,0,0,0,"2,683",0,nan,0.00,0.00,"2,683",0,176.97,38.03,21.49%
2024-12-20,GOOG,270.0,"2,000",0,0,0,"3,455",0,0,0,nan,0.00,0.00,"5,455",0,164.42,105.58,64.21%
2024-12-20,MSFT,455.0,"20,147",0,0,0,0,0,0,0,nan,0.00,0.00,"20,147",0,419.92,35.08,8.35%
2025-02-21,TSLA,490.0,0,0,750,0,0,0,0,0,nan,0.00,0.00,750,0,216.60,273.40,126.22%
2025-08-15,NVDA,85.0,0,"20,614",0,0,0,0,0,0,nan,0.00,0.00,0,"20,614",123.11,-38.11,-30.95%
2025-08-15,NVDA,90.0,0,"10,116",0,0,0,0,0,0,nan,0.00,0.00,0,"10,116",123.11,-33.11,-26.89%
2025-08-15,NVDA,140.0,"5,552",0,0,0,0,0,0,0,nan,0.00,0.00,"5,552",0,123.11,16.89,13.72%
2025-08-15,NVDA,150.0,"12,366",0,0,0,0,0,0,0,nan,0.00,0.00,"12,366",0,123.11,26.89,21.85%
2025-12-19,NVDA,270.0,0,0,600,0,0,0,0,0,nan,0.00,0.00,600,0,123.11,146.89,119.32%
2026-06-18,AAPL,275.0,0,0,0,0,0,0,787,0,nan,0.00,0.00,787,0,224.59,50.41,22.45%
2026-06-18,AAPL,280.0,0,0,0,0,0,0,"5,156",0,nan,0.00,0.00,"5,156",0,224.59,55.41,24.67%
2026-06-18,AAPL,320.0,0,0,0,0,0,0,"14,477",0,nan,0.00,0.00,"14,477",0,224.59,95.41,42.48%
2026-06-18,TSLA,210.0,0,0,0,"4,001",0,0,0,0,nan,0.00,0.00,0,"4,001",216.60,-6.60,-3.05%
2026-12-18,MSFT,415.0,0,0,0,0,"2,574",0,0,0,nan,0.00,0.00,"2,574",0,419.92,-4.92,-1.17%
