Time,Stock Symbol,Stock Last Price,Type,Strike Price,Volume,Expiration Date,Days To Expiration,Bid Price,Midpoint,Ask Price,Last Price,Open Interest,VOI Ratio,Volatility
2024-07-0115:59 EST,"NVDA
watching",124.3,Call,125,222484,2024-07-05,4,1.83,1.86,1.88,1.84,42146,5.28,41.11%
2024-07-0115:59 EST,"TSLA
watching",209.86,Put,200,202294,2024-07-05,4,1.44,1.46,1.48,1.44,6343,31.89,57.18%
2024-07-0115:59 EST,"NVDA
watching",124.3,Call,130,182096,2024-07-05,4,0.4,0.41,0.41,0.41,70204,2.59,40.41%
2024-07-0115:59 EST,"TSLA
watching",209.86,Call,220,164928,2024-07-05,4,1.9,1.95,2.01,2.02,35760,4.61,62.34%
2024-07-0115:59 EST,"NVDA
watching",124.3,Call,124,150584,2024-07-05,4,2.3,2.35,2.4,2.36,20819,7.23,41.85%
2024-07-0115:59 EST,"NVDA
watching",124.3,Put,120,146595,2024-07-05,4,0.65,0.66,0.66,0.65,30607,4.79,42.52%
2024-07-0115:59 EST,"TSLA
watching",209.86,Call,210,140280,2024-07-05,4,5.05,5.18,5.3,5.15,22014,6.37,58.87%
2024-07-0115:59 EST,"AAPL
watching",216.75,Call,215,135828,2024-07-05,4,2.87,2.92,2.96,2.93,28874,4.7,20.53%
2024-07-0115:59 EST,"AAPL
watching",216.75,Call,220,106626,2024-07-05,4,0.68,0.69,0.7,0.7,32295,3.3,20.42%
2024-07-0115:59 EST,"TSLA
watching",209.86,Put,205,101021,2024-07-05,4,2.74,2.82,2.9,2.83,1171,86.27,56.82%
2024-07-0115:59 EST,"AAPL
watching",216.75,Call,217.5,99841,2024-07-05,4,1.49,1.52,1.55,1.52,16258,6.14,20.07%
2024-07-0115:59 EST,"AAPL
watching",216.75,Put,215,96454,2024-07-05,4,0.97,1.01,1.04,1.02,6814,14.16,19.93%
2024-07-0115:59 EST,"NVDA
watching",124.3,Call,120,94319,2024-07-05,4,4.95,5.03,5.1,5.03,17903,5.27,42.84%
2024-07-0115:59 EST,"NVDA
watching",124.3,Call,123,90434,2024-07-05,4,2.86,2.91,2.95,2.89,9788,9.24,41.35%
2024-07-0115:59 EST,"NVDA
watching",124.3,Put,115,84644,2024-07-05,4,0.14,0.15,0.15,0.14,31064,2.72,47.04%
2024-07-0115:59 EST,"TSLA
watching",209.86,Call,215,82984,2024-07-05,4,3.2,3.28,3.35,3.35,11559,7.18,62.00%
2024-07-0115:59 EST,"NVDA
watching",124.3,Call,131,82169,2024-07-05,4,0.27,0.29,0.31,0.3,67495,1.22,40.96%
2024-07-0115:59 EST,"AAPL
watching",216.75,Put,212.5,79957,2024-07-05,4,0.42,0.44,0.45,0.44,9244,8.65,20.76%
2024-07-0115:59 EST,"NVDA
watching",124.3,Call,127,76838,2024-07-05,4,1.05,1.09,1.12,1.07,23703,3.24,40.62%
2024-07-0115:59 EST,AMD,157.69,Call,160,76406,2024-07-05,4,1.4,1.42,1.44,1.42,5677,13.46,35.66%
2024-07-0115:59 EST,"AMZN
watching",197.2,Call,200,75769,2024-07-05,4,1.08,1.1,1.11,1.1,33601,2.25,26.35%
2024-07-0115:59 EST,"NVDA
watching",124.3,Put,122,73768,2024-07-05,4,1.14,1.17,1.2,1.16,12314,5.99,41.57%
2024-07-0115:59 EST,"TSLA
watching",209.86,Call,205,71124,2024-07-05,4,7.8,8.15,8.5,8,47658,1.49,59.25%
2024-07-0115:59 EST,"TSLA
watching",209.86,Put,210,70554,2024-07-05,4,5,5.13,5.25,5,1576,44.77,56.87%
2024-07-0115:59 EST,"TSLA
watching",209.86,Put,195,70392,2024-07-05,4,0.66,0.7,0.73,0.74,9273,7.59,58.79%
2024-07-0115:59 EST,"NVDA
watching",124.3,Put,123,69957,2024-07-05,4,1.48,1.52,1.55,1.5,14086,4.97,40.92%
2024-07-0115:59 EST,"NVDA
watching",124.3,Call,126,68359,2024-07-05,4,1.4,1.44,1.47,1.43,21485,3.18,41.08%
2024-07-0115:59 EST,"NVDA
watching",124.3,Call,122,65441,2024-07-05,4,3.5,3.58,3.65,3.5,7975,8.21,40.96%
2024-07-0115:59 EST,"NVDA
watching",124.3,Put,124,63996,2024-07-05,4,1.92,1.96,1.99,1.95,14332,4.47,41.03%
2024-07-0115:59 EST,"NVDA
watching",124.3,Call,128,61191,2024-07-05,4,0.75,0.78,0.82,0.77,20891,2.93,39.96%
2024-07-0115:59 EST,"AAPL
watching",216.75,Put,210,61181,2024-07-05,4,0.18,0.19,0.19,0.19,16032,3.82,22.23%
2024-07-0115:59 EST,"NVDA
watching",124.3,Put,121,60626,2024-07-05,4,0.85,0.88,0.9,0.88,13990,4.33,42.14%
2024-07-0115:59 EST,AMD,157.69,Call,157.5,55935,2024-07-05,4,2.45,2.48,2.5,2.48,2500,22.37,35.51%
2024-07-0115:59 EST,"TSLA
watching",209.86,Call,225,53798,2024-07-05,4,1.04,1.12,1.2,1.11,8206,6.56,63.39%
2024-07-0115:59 EST,"NVDA
watching",124.3,Call,121,52319,2024-07-05,4,4.15,4.25,4.35,4.27,7483,6.99,42.65%
2024-07-0115:59 EST,"TSLA
watching",209.86,Call,212.5,52074,2024-07-05,4,4.05,4.18,4.3,4.3,2539,20.51,62.01%
2024-07-0115:59 EST,"TSLA
watching",209.86,Put,207.5,51047,2024-07-05,4,3.8,3.93,4.05,3.8,203,251.46,56.66%
2024-07-0115:59 EST,"TSLA
watching",209.86,Call,230,50626,2024-07-05,4,0.65,0.67,0.69,0.71,6239,8.11,66.13%
2024-07-0115:59 EST,"TSLA
watching",209.86,Put,202.5,50376,2024-07-05,4,2,2.06,2.12,2.04,1121,44.94,56.87%
2024-07-0115:59 EST,"AAPL
watching",216.75,Call,220,46775,2024-07-12,11,1.85,1.89,1.93,1.87,18597,2.52,20.63%
2024-07-0115:59 EST,"NVDA
watching",124.3,Put,118,44884,2024-07-05,4,0.33,0.35,0.36,0.35,16648,2.7,43.90%
2024-07-0115:59 EST,"AMZN
watching",197.2,Call,200,43492,2024-07-19,18,3.75,3.8,3.85,3.8,135082,0.32,27.62%
2024-07-0115:59 EST,"AMZN
watching",197.2,Call,195,40131,2024-07-05,4,3.35,3.4,3.45,3.38,12263,3.27,24.62%
2024-07-0115:59 EST,"TSLA
watching",209.86,Put,190,40078,2024-07-05,4,0.35,0.36,0.36,0.35,12688,3.16,62.14%
2024-07-0115:59 EST,"TSLA
watching",209.86,Call,207.5,38462,2024-07-05,4,6.35,6.48,6.6,6.6,6894,5.58,60.46%
2024-07-0115:59 EST,"NVDA
watching",124.3,Put,119,37548,2024-07-05,4,0.46,0.47,0.48,0.47,7094,5.29,42.88%
2024-07-0115:59 EST,"TSLA
watching",209.86,Put,197.5,37018,2024-07-05,4,1,1.02,1.03,0.99,4290,8.63,58.05%
2024-07-0115:59 EST,MARA,22.56,Call,21,35600,2024-07-05,4,1.68,1.77,1.85,1.67,10588,3.36,79.51%
2024-07-0115:59 EST,"AMZN
watching",197.2,Call,197.5,35442,2024-07-05,4,1.99,2.02,2.05,1.99,9695,3.66,25.26%
2024-07-0115:59 EST,"NVDA
watching",124.3,Put,125,35015,2024-07-05,4,2.4,2.45,2.5,2.44,25164,1.39,40.47%
2024-07-0115:59 EST,"AAPL
watching",216.75,Call,225,33820,2024-07-05,4,0.11,0.12,0.13,0.13,7804,4.33,22.43%
2024-07-0115:59 EST,AMD,157.69,Call,165,33552,2024-07-05,4,0.4,0.41,0.42,0.42,11022,3.04,38.02%
2024-07-0115:59 EST,"NVDA
watching",124.3,Call,130,32937,2024-07-19,18,2.78,2.79,2.8,2.8,95390,0.35,44.76%
2024-07-0115:59 EST,"TSLA
watching",209.86,Call,200,32728,2024-07-05,4,11.3,11.83,12.35,12,22746,1.44,66.29%
2024-07-0115:59 EST,"NVDA
watching",124.3,Put,121.5,32386,2024-07-05,4,0.97,1,1.03,0.99,6748,4.8,41.35%
2024-07-0115:59 EST,"NVDA
watching",124.3,Call,129,32113,2024-07-05,4,0.55,0.57,0.59,0.59,19755,1.63,40.83%
2024-07-0115:59 EST,"TSLA
watching",209.86,Call,217.5,32105,2024-07-05,4,2.39,2.67,2.94,2.6,3929,8.17,62.44%
2024-07-0115:59 EST,"NVDA
watching",124.3,Call,125,31312,2024-07-12,11,3.45,3.53,3.6,3.5,13603,2.3,43.43%
2024-07-0115:59 EST,"AAPL
watching",216.75,Call,212.5,30858,2024-07-05,4,4.7,4.85,5,4.8,12218,2.53,20.73%
2024-07-0115:59 EST,MARA,22.56,Put,21.5,30395,2024-07-05,4,0.29,0.3,0.31,0.31,288,105.54,78.63%
2024-07-0115:59 EST,"NVDA
watching",124.3,Call,121.5,30186,2024-07-05,4,3.8,3.88,3.95,3.95,3188,9.47,43.40%
2024-07-0115:59 EST,"NVDA
watching",124.3,Call,120.5,29457,2024-07-05,4,4.55,4.65,4.75,4.7,3949,7.46,44.17%
2024-07-0115:59 EST,"NVDA
watching",124.3,Put,120.5,29329,2024-07-05,4,0.73,0.76,0.79,0.75,4137,7.09,42.12%
2024-07-0115:59 EST,AMD,157.69,Call,155,28600,2024-07-05,4,3.9,3.97,4.05,3.85,3102,9.22,35.62%
2024-07-0115:59 EST,"TSLA
watching",209.86,Call,240,28290,2024-07-05,4,0.23,0.25,0.26,0.27,4031,7.02,71.29%
2024-07-0115:59 EST,"NVDA
watching",124.3,Call,140,28255,2024-07-12,11,0.24,0.25,0.26,0.24,21866,1.29,42.84%
2024-07-0115:59 EST,"AMZN
watching",197.2,Call,200,28241,2024-07-12,11,2.61,2.64,2.66,2.66,18936,1.49,27.44%
2024-07-0115:59 EST,"NVDA
watching",124.3,Call,132,27990,2024-07-05,4,0.19,0.21,0.22,0.2,30840,0.91,40.63%
2024-07-0115:59 EST,"TSLA
watching",209.86,Call,220,27430,2024-07-12,11,3.75,3.9,4.05,3.75,5146,5.33,51.60%
2024-07-0115:59 EST,"AAPL
watching",216.75,Call,222.5,27294,2024-07-05,4,0.27,0.29,0.3,0.3,9222,2.96,21.22%
2024-07-0115:59 EST,AMD,157.69,Put,155,27103,2024-07-05,4,1.12,1.14,1.16,1.13,5810,4.66,34.46%
2024-07-0115:59 EST,"TSLA
watching",209.86,Call,220,27027,2024-07-19,18,6.25,6.63,7,6.75,21809,1.24,57.21%
2024-07-0115:59 EST,DVN,47.73,Call,48.5,26846,2024-07-05,4,0.16,0.17,0.17,0.17,387,69.37,22.45%
2024-07-0115:59 EST,RIOT,9.95,Call,10,26224,2024-07-05,4,0.25,0.26,0.26,0.27,7647,3.43,66.41%
2024-07-0115:59 EST,"NVDA
watching",124.3,Put,117,25964,2024-07-05,4,0.25,0.26,0.27,0.27,16930,1.53,45.43%
2024-07-0115:59 EST,AMD,157.69,Call,162.5,25048,2024-07-05,4,0.76,0.78,0.79,0.77,8719,2.87,36.44%
2024-07-0115:59 EST,MARA,22.56,Call,22,24894,2024-07-05,4,0.97,1.01,1.05,1.04,6460,3.85,77.16%
2024-07-0115:59 EST,"TSLA
watching",209.86,Call,235,24877,2024-07-05,4,0.37,0.39,0.41,0.41,3029,8.21,68.97%
2024-07-0115:56 EST,F,12.76,Put,11.82,24661,2024-12-20,172,0.61,0.63,0.64,0.63,28671,0.86,31.67%
2024-07-0115:59 EST,AMC,5.04,Call,5,24492,2024-07-05,4,0.17,0.18,0.19,0.19,22163,1.11,80.37%
2024-07-0115:59 EST,RIVN,13.92,Call,15,24355,2024-07-05,4,0.12,0.13,0.13,0.13,23098,1.05,81.28%
2024-07-0115:59 EST,MAXN,0.5488,Put,0.5,24324,2024-07-05,4,0.2,0.23,0.25,0.2,18190,1.34,1076.71%
2024-07-0115:59 EST,"NVDA
watching",124.3,Call,130,23852,2024-07-12,11,1.65,1.67,1.69,1.65,21491,1.11,42.96%
2024-07-0115:59 EST,"TSLA
watching",209.86,Call,202.5,23689,2024-07-05,4,9.5,9.9,10.3,9.7,7784,3.04,59.43%
2024-07-0115:59 EST,"AAPL
watching",216.75,Call,220,23592,2024-07-19,18,2.75,2.8,2.85,2.75,43586,0.54,20.52%
2024-07-0115:59 EST,"AMZN
watching",197.2,Put,195,22972,2024-07-05,4,0.96,1.01,1.05,1.04,7249,3.17,24.21%
2024-07-0115:59 EST,MARA,22.56,Call,23,22960,2024-07-05,4,0.52,0.54,0.56,0.53,5817,3.95,76.08%
2024-07-0115:59 EST,AMD,157.69,Put,152.5,22551,2024-07-05,4,0.52,0.54,0.55,0.53,2359,9.56,34.72%
2024-07-0115:59 EST,PLTR,25.88,Call,26,22375,2024-07-05,4,0.34,0.35,0.36,0.36,10426,2.15,37.89%
2024-07-0115:59 EST,MARA,22.56,Put,21,22195,2024-07-05,4,0.19,0.2,0.2,0.19,849,26.14,79.04%
2024-07-0115:59 EST,"NVDA
watching",124.3,Put,119.5,21866,2024-07-05,4,0.54,0.56,0.58,0.54,4784,4.57,42.29%
2024-07-0115:59 EST,RIVN,13.92,Call,14,21774,2024-07-05,4,0.39,0.4,0.41,0.39,10174,2.14,72.93%
2024-07-0115:59 EST,"TSLA
watching",209.86,Call,210,21752,2024-07-12,11,7.4,7.5,7.6,7.55,5913,3.68,51.31%
2024-07-0115:59 EST,"AMZN
watching",197.2,Call,202.5,21645,2024-07-05,4,0.55,0.58,0.6,0.55,8449,2.56,27.02%
2024-07-0115:59 EST,"AAPL
watching",216.75,Call,215,21192,2024-07-12,11,4.2,4.25,4.3,4.21,14564,1.46,20.54%
2024-07-0115:59 EST,AMD,157.69,Put,150,21109,2024-07-05,4,0.23,0.25,0.26,0.23,4830,4.37,35.55%
2024-07-0115:59 EST,"AAPL
watching",216.75,Call,215,21018,2024-07-19,18,5.1,5.2,5.3,5.25,35027,0.6,21.03%
2024-07-0115:59 EST,"NVDA
watching",124.3,Call,125,20956,2024-09-20,81,12.65,12.7,12.75,12.75,32559,0.64,53.17%
2024-07-0115:59 EST,ROKU,62.47,Call,67,20836,2024-07-05,4,0.17,0.18,0.18,0.17,162,128.62,52.09%
2024-07-0115:59 EST,"NVDA
watching",124.3,Call,140,20621,2024-07-19,18,0.77,0.79,0.8,0.79,70523,0.29,44.93%
2024-07-0115:59 EST,F,12.76,Call,12.5,20545,2024-07-05,4,0.29,0.31,0.33,0.31,24406,0.84,27.20%
2024-07-0115:59 EST,"TSLA
watching",209.86,Put,192.5,20484,2024-07-05,4,0.46,0.48,0.5,0.48,4643,4.41,60.00%
2024-07-0115:59 EST,ASTS,10.84,Call,12,20430,2024-07-05,4,0.1,0.13,0.15,0.15,3743,5.46,113.91%
2024-07-0115:57 EST,PTON,3.25,Call,4,20429,2024-09-20,81,0.27,0.28,0.29,0.28,7057,2.89,83.95%
2024-07-0115:59 EST,"NVDA
watching",124.3,Call,125,20189,2024-07-19,18,4.75,4.8,4.85,4.75,62721,0.32,44.77%
2024-07-0115:59 EST,"NVDA
watching",124.3,Call,150,19972,2024-08-16,46,1.67,1.69,1.72,1.7,92285,0.22,47.93%
2024-07-0115:59 EST,"NVDA
watching",124.3,Call,134,19686,2024-07-05,4,0.09,0.1,0.1,0.1,16766,1.17,41.62%
2024-07-0115:59 EST,"TSLA
watching",209.86,Call,250,19629,2024-07-05,4,0.11,0.11,0.12,0.12,3283,5.98,79.05%
2024-07-0115:59 EST,"NVDA
watching",124.3,Put,120,19411,2024-07-12,11,1.83,1.86,1.89,1.87,9266,2.09,43.57%
2024-07-0115:59 EST,GME,23.33,Call,24,19195,2024-07-05,4,0.83,0.86,0.88,0.84,11785,1.63,115.97%
2024-07-0115:59 EST,"AAPL
watching",216.75,Put,207.5,19099,2024-07-05,4,0.1,0.11,0.11,0.11,7667,2.49,25.22%
2024-07-0115:59 EST,"TSLA
watching",209.86,Call,210,18821,2024-07-19,18,10.1,10.27,10.45,10.4,14065,1.34,54.92%
2024-07-0115:59 EST,"TSLA
watching",209.86,Call,215,18601,2024-07-12,11,5.3,5.48,5.65,5.46,2574,7.23,51.85%
2024-07-0115:59 EST,"TSLA
watching",209.86,Call,245,18580,2024-07-05,4,0.15,0.16,0.18,0.17,1202,15.46,75.27%
2024-07-0115:59 EST,RIVN,13.92,Call,14.5,18450,2024-07-05,4,0.22,0.23,0.24,0.23,4210,4.38,77.64%
2024-07-0115:46 EST,INTC,30.84,Put,27,18239,2024-07-26,25,0.22,0.23,0.24,0.23,943,19.34,46.22%
2024-07-0115:59 EST,"TSLA
watching",209.86,Put,185,18201,2024-07-05,4,0.19,0.2,0.21,0.21,24893,0.73,67.93%
2024-07-0115:59 EST,AMD,157.69,Call,170,18107,2024-07-05,4,0.13,0.14,0.14,0.13,14633,1.24,41.82%
2024-07-0115:59 EST,GME,23.33,Call,25,17476,2024-07-05,4,0.64,0.65,0.65,0.64,7848,2.23,129.99%
2024-07-0115:59 EST,"NVDA
watching",124.3,Call,135,17443,2024-07-19,18,1.5,1.53,1.55,1.53,49424,0.35,44.73%
2024-07-0115:59 EST,"TSLA
watching",209.86,Call,230,17313,2024-07-12,11,1.8,1.96,2.13,1.97,3209,5.4,55.28%
2024-07-0115:59 EST,"AMZN
watching",197.2,Put,190,16949,2024-07-05,4,0.17,0.18,0.19,0.19,11878,1.43,25.71%
2024-07-0115:59 EST,"TSLA
watching",209.86,Call,265,16883,2024-11-15,137,12.1,12.4,12.7,12.25,927,18.21,54.44%
2024-07-0115:59 EST,"AAPL
watching",216.75,Put,217.5,16785,2024-07-05,4,2.02,2.12,2.21,2.06,1809,9.28,18.92%
2024-07-0115:59 EST,GME,23.33,Call,30,16712,2024-07-05,4,0.21,0.22,0.22,0.22,16991,0.98,182.22%
2024-07-0115:59 EST,"TSLA
watching",209.86,Call,200,16566,2024-07-19,18,15.05,15.53,16,16,27965,0.59,54.97%
2024-07-0115:59 EST,NKE,76.83,Call,80,16428,2024-07-19,18,0.65,0.67,0.68,0.68,23301,0.71,26.04%
2024-07-0115:59 EST,"NVDA
watching",124.3,Put,118,16332,2024-07-19,18,2.22,2.26,2.29,2.25,15161,1.08,45.22%
2024-07-0115:59 EST,"TSLA
watching",209.86,Call,240,16321,2024-07-19,18,2.25,2.35,2.45,2.35,12308,1.33,58.38%
2024-07-0115:59 EST,"TSLA
watching",209.86,Put,180,16041,2024-07-05,4,0.12,0.13,0.13,0.12,11001,1.46,72.91%
2024-07-0115:59 EST,"NVDA
watching",124.3,Call,133,16034,2024-07-05,4,0.13,0.14,0.15,0.14,9928,1.62,41.00%
2024-07-0116:00 EST,"META
watching",504.68,Call,520,15804,2024-07-05,4,1.01,1.05,1.09,1.04,4301,3.67,26.36%
2024-07-0115:59 EST,"NVDA
watching",124.3,Put,118.5,15693,2024-07-05,4,0.39,0.41,0.43,0.41,5723,2.74,43.53%
2024-07-0115:59 EST,"AMZN
watching",197.2,Call,205,15668,2024-07-12,11,1.23,1.28,1.32,1.3,11059,1.42,28.50%
2024-07-0115:59 EST,"NVDA
watching",124.3,Call,135,15665,2024-07-12,11,0.65,0.67,0.69,0.68,14165,1.11,42.94%
2024-07-0115:59 EST,"NVDA
watching",124.3,Call,130,15405,2024-08-16,46,6.35,6.43,6.5,6.43,47189,0.33,48.12%
2024-07-0115:59 EST,WULF,5.21,Call,5,15396,2024-07-12,11,0.5,0.53,0.55,0.55,1506,10.22,135.49%
2024-07-0115:59 EST,CHWY,25.44,Call,30,15396,2024-07-05,4,0.42,0.43,0.44,0.42,8215,1.87,162.96%
2024-07-0115:59 EST,GOOGL,182.99,Call,185,15270,2024-07-05,4,0.62,0.64,0.65,0.63,8728,1.75,17.97%
2024-07-0115:59 EST,"NVDA
watching",124.3,Put,100,15212,2024-08-16,46,1,1.01,1.02,1.01,72907,0.21,50.53%
2024-07-0115:59 EST,"NVDA
watching",124.3,Put,116,14924,2024-07-05,4,0.19,0.2,0.21,0.2,10030,1.49,46.49%
2024-07-0115:59 EST,"NVDA
watching",124.3,Call,140,14868,2024-08-16,46,3.35,3.4,3.45,3.4,59904,0.25,47.81%
2024-07-0115:59 EST,NKE,76.83,Put,75,14852,2024-07-05,4,0.28,0.29,0.29,0.28,7677,1.93,29.25%
2024-07-0115:59 EST,"AAPL
watching",216.75,Put,215,14798,2024-07-12,11,2.07,2.11,2.15,2.06,1318,11.23,20.19%
2024-07-0115:59 EST,"TSLA
watching",209.86,Put,200,14641,2024-07-12,11,3,3.13,3.25,3.05,2070,7.07,49.26%
2024-07-0115:59 EST,"NVDA
watching",124.3,Call,126,14472,2024-07-12,11,3,3.08,3.15,3.07,10266,1.41,43.57%
2024-07-0115:59 EST,"NVDA
watching",124.3,Put,117.5,14471,2024-07-05,4,0.29,0.31,0.32,0.31,4373,3.31,44.77%
2024-07-0115:59 EST,"TSLA
watching",209.86,Put,205,14367,2024-07-19,18,6.9,7.2,7.5,7.1,2381,6.03,51.96%
2024-07-0115:59 EST,NKE,76.83,Call,80,14301,2024-07-05,4,0.16,0.17,0.17,0.16,7751,1.85,32.70%
2024-07-0115:59 EST,MARA,22.56,Call,25,14167,2024-07-19,18,0.9,0.91,0.92,0.9,12797,1.11,88.14%
2024-07-0115:59 EST,"AMZN
watching",197.2,Call,205,14081,2024-07-05,4,0.28,0.29,0.3,0.28,12228,1.15,28.38%
2024-07-0115:59 EST,"NVDA
watching",124.3,Put,120,14072,2024-07-19,18,2.88,2.92,2.95,2.93,50128,0.28,45.19%
2024-07-0115:59 EST,"TSLA
watching",209.86,Put,205,14010,2024-07-12,11,4.55,4.8,5.05,4.85,638,21.96,49.70%
2024-07-0115:59 EST,MARA,22.56,Put,20.5,13716,2024-07-05,4,0.12,0.13,0.13,0.13,1006,13.63,83.81%
2024-07-0115:59 EST,"NVDA
watching",124.3,Put,110,13711,2024-07-19,18,0.7,0.71,0.72,0.7,61151,0.22,47.16%
2024-07-0115:59 EST,"NVDA
watching",124.3,Call,123,13498,2024-07-12,11,4.45,4.53,4.6,4.57,9695,1.39,44.13%
2024-07-0115:59 EST,IBM,175.1,Call,177.5,13262,2024-07-05,4,0.44,0.46,0.49,0.47,510,26,18.11%
2024-07-0115:59 EST,"NVDA
watching",124.3,Call,150,13213,2024-07-19,18,0.21,0.22,0.22,0.21,62711,0.21,46.76%
2024-07-0115:59 EST,"AAPL
watching",216.75,Call,217.5,13148,2024-07-12,11,2.85,2.89,2.93,2.86,6669,1.97,20.44%
2024-07-0115:59 EST,"TSLA
watching",209.86,Put,200,13142,2024-07-19,18,5.1,5.2,5.3,5.25,8095,1.62,52.64%
2024-07-0115:59 EST,"NVDA
watching",124.3,Call,120,13008,2024-09-20,81,15.1,15.2,15.3,15.18,78190,0.17,53.15%
2024-07-0115:59 EST,"NVDA
watching",124.3,Call,119.5,12988,2024-07-05,4,5.35,5.45,5.55,5.5,3745,3.47,44.93%
2024-07-0115:59 EST,"AAPL
watching",216.75,Put,210,12892,2024-07-19,18,1.3,1.32,1.34,1.29,31688,0.41,20.72%
2024-07-0115:59 EST,"AMZN
watching",197.2,Put,192.5,12745,2024-07-05,4,0.42,0.44,0.45,0.43,6077,2.1,24.15%
2024-07-0115:59 EST,MARA,22.56,Call,24,12743,2024-07-05,4,0.23,0.25,0.26,0.25,1369,9.31,78.17%
2024-07-0115:59 EST,MARA,22.56,Call,22,12621,2024-07-12,11,1.52,1.58,1.64,1.58,1994,6.33,81.80%
2024-07-0115:59 EST,"AMZN
watching",197.2,Call,195,12517,2024-07-12,11,4.9,4.98,5.05,5,6355,1.97,26.57%
2024-07-0115:59 EST,WULF,5.21,Call,6,12458,2024-08-16,46,0.6,0.63,0.65,0.65,1566,7.96,144.64%
2024-07-0115:59 EST,AMD,157.69,Put,157.5,12458,2024-07-05,4,2.1,2.15,2.19,2.11,4231,2.94,34.09%
2024-07-0115:59 EST,"NVDA
watching",124.3,Call,127,12456,2024-07-12,11,2.61,2.66,2.7,2.67,6287,1.98,43.58%
2024-07-0115:59 EST,"TSLA
watching",209.86,Put,187.5,12272,2024-07-05,4,0.25,0.27,0.28,0.25,5084,2.41,64.04%
2024-07-0115:55 EST,PBI,5.95,Call,5,12247,2025-01-17,200,1.5,1.6,1.7,1.7,12438,0.98,72.96%
2024-07-0115:59 EST,"MSFT
watching",456.73,Put,445,12236,2024-07-05,4,0.32,0.35,0.37,0.32,3663,3.34,18.18%
2024-07-0115:59 EST,SOFI,6.43,Put,6.5,12235,2024-07-05,4,0.12,0.13,0.13,0.12,9654,1.27,30.50%
2024-07-0115:59 EST,"AAPL
watching",216.75,Call,220,12201,2024-09-20,81,8.65,8.73,8.8,8.71,52983,0.23,22.36%
2024-07-0115:58 EST,"AAPL
watching",216.75,Put,210,12048,2024-08-16,46,3.9,3.95,4,4,15430,0.78,24.18%
2024-07-0115:59 EST,"NVDA
watching",124.3,Put,115,12009,2024-07-12,11,0.71,0.73,0.75,0.71,13324,0.9,44.05%
2024-07-0115:59 EST,"NVDA
watching",124.3,Call,124,11992,2024-07-12,11,3.95,4,4.05,4,6656,1.8,43.61%
2024-07-0115:59 EST,"AAPL
watching",216.75,Call,220,11944,2024-07-26,25,3.45,3.53,3.6,3.6,15222,0.78,20.89%
2024-07-0115:59 EST,RIOT,9.95,Call,10.5,11835,2024-07-05,4,0.1,0.11,0.11,0.11,7106,1.67,72.34%
2024-07-0115:59 EST,MARA,22.56,Call,21.5,11764,2024-07-05,4,1.26,1.33,1.4,1.35,2147,5.48,74.41%
2024-07-0115:36 EST,AGNC,9.48,Put,9.5,11753,2024-07-12,11,0.1,0.12,0.13,0.13,23315,0.5,18.32%
2024-07-0115:59 EST,"AAPL
watching",216.75,Call,215,11594,2024-08-16,46,8.85,8.93,9,9.01,36135,0.32,23.87%
2024-07-0115:58 EST,CCL,17.71,Call,18,11585,2024-07-05,4,0.15,0.16,0.16,0.15,2436,4.76,36.78%
2024-07-0115:53 EST,WULF,5.21,Call,6,11554,2024-07-19,18,0.25,0.28,0.3,0.29,11815,0.98,131.89%
2024-07-0115:59 EST,NKE,76.83,Call,75,11550,2024-07-05,4,2.15,2.18,2.2,2.17,4826,2.39,30.65%
2024-07-0115:57 EST,"NVDA
watching",124.3,Put,121,11462,2024-07-12,11,2.17,2.21,2.24,2.17,6595,1.74,42.97%
2024-07-0115:59 EST,"NVDA
watching",124.3,Call,125,11405,2024-08-16,46,8.5,8.58,8.65,8.55,29057,0.39,48.22%
2024-07-0115:59 EST,"NVDA
watching",124.3,Call,135,11393,2024-07-26,25,2.31,2.34,2.38,2.39,19670,0.58,45.56%
2024-07-0115:59 EST,NKE,76.83,Call,78,11275,2024-07-05,4,0.51,0.53,0.54,0.51,10068,1.12,30.21%
2024-07-0115:59 EST,GOOGL,182.99,Call,182.5,11269,2024-07-05,4,1.68,1.74,1.8,1.72,4011,2.81,18.44%
2024-07-0115:59 EST,DIS,98.04,Call,110,11208,2024-07-19,18,0.13,0.14,0.15,0.13,58205,0.19,30.13%
2024-07-0115:59 EST,"TSLA
watching",209.86,Call,220,11175,2024-08-16,46,13,13.23,13.45,13.2,27415,0.41,56.71%
2024-07-0115:59 EST,"NVDA
watching",124.3,Put,116.5,11147,2024-07-05,4,0.22,0.23,0.24,0.23,5515,2.02,45.83%
2024-07-0115:24 EST,VFC,12.84,Put,12.5,11140,2024-08-16,46,0.78,0.81,0.84,0.81,6948,1.6,55.32%
2024-07-0115:59 EST,"TSLA
watching",209.86,Call,300,11140,2024-08-16,46,1.43,1.48,1.52,1.52,8944,1.25,64.15%
2024-07-0115:59 EST,CLSK,17.92,Call,19,11050,2024-07-05,4,0.2,0.22,0.24,0.21,2303,4.8,77.72%
2024-07-0115:59 EST,PLTR,25.88,Put,25,11012,2024-07-05,4,0.1,0.11,0.11,0.11,7160,1.54,38.72%
2024-07-0115:59 EST,NKE,76.83,Call,77,10994,2024-07-05,4,0.88,0.91,0.93,0.91,7471,1.47,30.49%
2024-07-0115:58 EST,"NVDA
watching",124.3,Put,114,10989,2024-07-05,4,0.12,0.13,0.13,0.12,14774,0.74,49.62%
2024-07-0115:59 EST,AAL,11.04,Put,11,10957,2024-07-26,25,0.45,0.46,0.47,0.45,3864,2.84,41.44%
2024-07-0115:59 EST,BA,186.7,Call,190,10955,2024-07-05,4,0.79,0.85,0.9,0.85,2524,4.34,26.62%
2024-07-0115:58 EST,SIRI,2.88,Call,3,10908,2024-07-19,18,0.12,0.13,0.13,0.12,78850,0.14,66.39%
2024-07-0115:59 EST,NU,12.36,Call,13,10864,2024-07-19,18,0.15,0.16,0.17,0.17,26889,0.4,35.89%
2024-07-0115:59 EST,"META
watching",504.68,Call,500,10824,2024-07-05,4,8.25,8.33,8.4,8.35,3112,3.48,26.35%
2024-07-0115:59 EST,HOOD,22.79,Call,25,10788,2024-07-12,11,0.2,0.21,0.22,0.21,1537,7.02,55.25%
2024-07-0115:59 EST,"AAPL
watching",216.75,Call,220,10728,2024-08-16,46,6.35,6.43,6.5,6.55,33514,0.32,23.76%
2024-07-0115:59 EST,"AMZN
watching",197.2,Call,200,10705,2024-08-16,46,9.35,9.4,9.45,9.39,54416,0.2,36.01%
2024-07-0115:59 EST,GME,23.33,Call,23,10693,2024-07-05,4,1.15,1.17,1.2,1.18,2270,4.71,104.28%
2024-07-0115:59 EST,F,12.76,Call,13,10685,2024-07-12,11,0.12,0.13,0.13,0.12,3740,2.86,24.51%
2024-07-0115:59 EST,MARA,22.56,Put,22,10605,2024-07-05,4,0.45,0.48,0.5,0.47,313,33.88,77.42%
2024-07-0115:59 EST,MRVL,71,Call,71,10572,2024-07-05,4,1.07,1.09,1.1,1.09,770,13.73,36.12%
2024-07-0115:59 EST,NKE,76.83,Call,80,10545,2024-09-20,81,2.25,2.26,2.28,2.26,10409,1.01,23.11%
2024-07-0115:46 EST,CIFR,4.72,Put,4,10517,2024-07-19,18,0.15,0.18,0.2,0.2,2736,3.84,124.82%
2024-07-0115:59 EST,"MSFT
watching",456.73,Call,455,10462,2024-07-05,4,4,4.13,4.25,4,3448,3.03,15.31%
2024-07-0115:59 EST,"AAPL
watching",216.75,Put,200,10391,2024-07-19,18,0.27,0.28,0.29,0.28,19918,0.52,23.84%
2024-07-0115:58 EST,CCL,17.71,Put,17.5,10344,2024-07-05,4,0.15,0.16,0.17,0.16,4236,2.44,33.63%
2024-07-0115:59 EST,"TSLA
watching",209.86,Call,205,10319,2024-07-12,11,10,10.33,10.65,10.3,4578,2.25,51.70%
2024-07-0115:59 EST,"AMZN
watching",197.2,Call,207.5,10295,2024-07-05,4,0.14,0.15,0.16,0.16,11767,0.87,30.55%
2024-07-0115:59 EST,RIVN,13.92,Call,12,10293,2024-07-05,4,1.9,2.05,2.2,1.94,17407,0.59,76.84%
2024-07-0115:59 EST,CHWY,25.44,Put,25,10291,2024-07-05,4,0.85,0.88,0.9,0.88,3512,2.93,103.72%
2024-07-0115:59 EST,RIVN,13.92,Put,13.5,10285,2024-07-05,4,0.23,0.24,0.25,0.24,2926,3.52,73.30%
2024-07-0115:59 EST,"NVDA
watching",124.3,Put,110,10213,2024-07-12,11,0.27,0.28,0.29,0.28,15803,0.65,47.42%
2024-07-0115:59 EST,GME,23.33,Call,125,10203,2024-07-19,18,0.11,0.11,0.12,0.11,35939,0.28,319.70%
2024-07-0115:59 EST,NKE,76.83,Call,85,10200,2024-08-16,46,0.48,0.5,0.52,0.48,4123,2.47,24.66%
2024-07-0115:59 EST,"NVDA
watching",124.3,Call,124,10187,2024-07-19,18,5.25,5.3,5.35,5.25,14199,0.72,44.92%
2024-07-0115:58 EST,VFC,12.84,Put,10,10174,2024-08-16,46,0.13,0.15,0.16,0.13,3587,2.84,59.03%
2024-07-0115:59 EST,"NVDA
watching",124.3,Call,120,10146,2024-07-19,18,7.5,7.58,7.65,7.62,92814,0.11,46.08%
2024-07-0115:59 EST,SNOW,142.77,Call,140,10136,2024-07-05,4,2.84,3.87,4.9,3.8,2374,4.27,35.05%
2024-07-0115:59 EST,"TSLA
watching",209.86,Call,230,10130,2024-07-19,18,3.8,4.1,4.4,3.89,8440,1.2,56.66%
2024-07-0115:45 EST,AAL,11.04,Put,9,10075,2024-09-20,81,0.13,0.14,0.15,0.14,59286,0.17,41.35%
2024-07-0115:53 EST,TECK,48.15,Call,55,10067,2024-08-16,46,0.61,0.66,0.71,0.69,8394,1.2,39.02%
2024-07-0115:59 EST,"TSLA
watching",209.86,Call,225,10045,2024-07-12,11,2.67,2.79,2.91,2.79,2025,4.96,54.08%
2024-07-0115:59 EST,RIVN,13.92,Put,14,10035,2024-07-05,4,0.46,0.47,0.48,0.48,3436,2.92,75.96%
2024-07-0113:02 EST,NIO,4.44,Put,5,10022,2025-01-17,200,1.2,1.24,1.28,1.21,58204,0.17,71.39%
2024-07-0112:09 EST,NIO,4.44,Put,4,10018,2026-01-16,564,1.21,1.22,1.23,1.25,15703,0.64,78.88%
2024-07-0115:59 EST,"NVDA
watching",124.3,Put,115,10007,2024-07-19,18,1.47,1.49,1.51,1.46,37204,0.27,45.80%
2024-07-0115:58 EST,APLD,6.5,Call,8,10006,2024-08-16,46,0.65,0.68,0.7,0.65,221,45.28,122.69%
2024-07-0115:59 EST,MARA,22.56,Call,22,9994,2024-07-19,18,2,2.01,2.02,2,16009,0.62,85.00%
2024-07-0115:59 EST,AMD,157.69,Call,160,9960,2024-07-12,11,3.3,3.35,3.4,3.35,2645,3.77,39.12%
2024-07-0115:59 EST,MU,131.52,Call,140,9936,2024-08-16,46,4.6,4.68,4.75,4.68,11281,0.88,41.27%
2024-07-0115:59 EST,CELH,57.84,Call,62,9875,2024-07-05,4,0.23,0.26,0.29,0.25,1447,6.82,59.28%
2024-07-0115:59 EST,"MSFT
watching",456.73,Put,450,9870,2024-07-05,4,0.78,0.81,0.84,0.82,3663,2.69,16.61%
2024-07-0115:59 EST,PLTR,25.88,Call,25.5,9853,2024-07-05,4,0.61,0.62,0.63,0.62,7936,1.24,36.48%
2024-07-0115:58 EST,DKNG,37.3,Call,38,9845,2024-09-20,81,3.25,3.3,3.35,3.3,9769,1.01,48.73%
2024-07-0115:59 EST,AVGO,1640.8,Call,1700,9810,2024-07-05,4,9,9.35,9.7,9.5,2298,4.27,43.20%
2024-07-0115:59 EST,"TSLA
watching",209.86,Call,205,9781,2024-07-19,18,12.45,12.75,13.05,13,9284,1.05,54.92%
2024-07-0115:59 EST,"NVDA
watching",124.3,Put,122,9717,2024-07-12,11,2.54,2.58,2.62,2.56,4740,2.05,43.01%
2024-07-0115:59 EST,NKE,76.83,Call,80,9700,2024-08-16,46,1.45,1.46,1.48,1.47,13118,0.74,23.88%
2024-07-0115:53 EST,APLD,6.5,Call,8,9691,2024-07-19,18,0.25,0.3,0.35,0.34,11530,0.84,139.97%
2024-07-0115:59 EST,RIVN,13.92,Put,13,9612,2024-07-05,4,0.11,0.11,0.12,0.11,4768,2.02,74.90%
2024-07-0115:57 EST,TSM,172.33,Put,170,9547,2024-08-16,46,8.6,8.75,8.9,8.75,2358,4.05,42.47%
2024-07-0115:59 EST,"AAPL
watching",216.75,Call,210,9543,2024-07-05,4,6.75,7.03,7.3,7.05,12153,0.79,22.20%
2024-07-0115:59 EST,NKE,76.83,Call,76,9495,2024-07-05,4,1.44,1.46,1.48,1.45,4436,2.14,30.11%
2024-07-0115:59 EST,"TSLA
watching",209.86,Put,195,9494,2024-07-12,11,1.71,1.91,2.1,1.85,1613,5.89,49.65%
2024-07-0115:59 EST,SNOW,142.77,Call,141,9483,2024-07-05,4,2.76,3.01,3.25,3.15,241,39.35,35.37%
2024-07-0115:55 EST,MAXN,0.5488,Call,0.5,9483,2024-07-05,4,0.05,0.08,0.1,0.1,2178,4.35,334.63%
2024-07-0114:33 EST,"NVDA
watching",124.3,Call,185,9460,2025-12-19,536,16.05,16.2,16.35,16.07,17136,0.55,49.76%
2024-07-0115:59 EST,"META
watching",504.68,Call,505,9451,2024-07-05,4,5.35,5.68,6,5.5,1340,7.05,26.21%
2024-07-0115:59 EST,"NVDA
watching",124.3,Call,145,9409,2024-07-19,18,0.39,0.4,0.41,0.41,34466,0.27,45.81%
2024-07-0115:59 EST,"TSLA
watching",209.86,Call,240,9406,2024-07-12,11,0.86,0.94,1.01,0.9,2549,3.69,56.57%
2024-07-0115:55 EST,"NVDA
watching",124.3,Call,142,9345,2024-08-16,46,2.93,2.97,3,3.04,11494,0.81,47.76%
2024-07-0115:57 EST,SIRI,2.88,Put,3,9343,2024-07-19,18,0.25,0.27,0.29,0.29,18109,0.52,87.19%
2024-07-0115:59 EST,CVS,58.15,Call,59,9325,2024-07-05,4,0.16,0.22,0.27,0.27,8019,1.16,24.54%
2024-07-0115:59 EST,PLTR,25.88,Call,26.5,9299,2024-07-05,4,0.18,0.19,0.19,0.18,6003,1.55,37.86%
2024-07-0116:00 EST,"META
watching",504.68,Call,510,9289,2024-07-05,4,3.3,3.4,3.5,3.38,2571,3.61,26.16%
2024-07-0115:59 EST,CLSK,17.92,Call,18,9187,2024-07-05,4,0.5,0.6,0.7,0.5,3236,2.84,71.24%
2024-07-0115:58 EST,RIVN,13.92,Call,13,9151,2024-07-05,4,1,1.02,1.04,1.03,3930,2.33,72.92%
2024-07-0115:59 EST,NKE,76.83,Call,80,9138,2024-07-12,11,0.43,0.44,0.45,0.46,12332,0.74,27.77%
2024-07-0115:59 EST,HOOD,22.79,Call,24,9115,2024-07-19,18,0.66,0.67,0.68,0.68,3971,2.3,56.32%
2024-07-0115:59 EST,"AAPL
watching",216.75,Call,225,9069,2024-07-19,18,1.31,1.34,1.37,1.31,35998,0.25,20.73%
2024-07-0115:59 EST,"TSLA
watching",209.86,Call,195,9053,2024-07-05,4,15.6,16.15,16.7,16.18,12659,0.72,69.91%
2024-07-0115:59 EST,SPR,33.97,Call,35,9053,2024-07-19,18,0.1,0.13,0.15,0.1,17364,0.52,13.42%
2024-07-0115:54 EST,CHWY,25.44,Put,22.5,9027,2024-07-19,18,0.67,0.72,0.77,0.7,10480,0.86,85.95%
2024-07-0115:14 EST,CVE,19.79,Call,21,9008,2024-07-19,18,0.05,0.1,0.15,0.11,3132,2.88,27.17%
2024-07-0115:59 EST,"AAPL
watching",216.75,Call,222.5,8974,2024-07-12,11,1.12,1.16,1.19,1.16,1675,5.36,20.78%
2024-07-0115:57 EST,"AAPL
watching",216.75,Put,215,8949,2024-08-16,46,5.8,5.88,5.95,5.75,13585,0.66,23.74%
2024-07-0115:59 EST,SMCI,812.32,Call,900,8946,2024-07-05,4,4,4.1,4.2,4.2,2815,3.18,81.87%
2024-07-0115:59 EST,"TSLA
watching",209.86,Put,210,8908,2024-07-12,11,7.1,7.25,7.4,7.25,225,39.59,50.45%
2024-07-0115:59 EST,MARA,22.56,Call,22.5,8899,2024-07-05,4,0.68,0.73,0.77,0.76,2956,3.01,76.87%
2024-07-0115:59 EST,CHWY,25.44,Call,26,8835,2024-07-05,4,0.99,1,1,1,1214,7.28,116.82%
2024-07-0115:59 EST,"AAPL
watching",216.75,Put,212.5,8831,2024-07-12,11,1.26,1.29,1.31,1.26,2342,3.77,20.17%
2024-07-0115:59 EST,"TSLA
watching",209.86,Call,250,8805,2024-07-19,18,1.44,1.55,1.65,1.45,9997,0.88,60.52%
2024-07-0115:59 EST,CZR,37.75,Call,35,8758,2024-08-16,46,3.95,4.4,4.85,4,141,62.11,42.66%
2024-07-0115:59 EST,"NVDA
watching",124.3,Call,119,8693,2024-07-05,4,5.7,5.85,6,5.93,3695,2.35,45.73%
2024-07-0115:59 EST,MARA,22.56,Call,23.5,8677,2024-07-05,4,0.36,0.37,0.38,0.36,1222,7.1,76.14%
2024-07-0115:59 EST,"TSLA
watching",209.86,Put,180,8647,2024-07-12,11,0.37,0.41,0.44,0.44,4548,1.9,55.88%
2024-07-0115:59 EST,CHWY,25.44,Call,27,8626,2024-07-05,4,0.72,0.76,0.8,0.82,1772,4.87,127.90%
2024-07-0115:51 EST,PBI,5.95,Call,8,8606,2025-01-17,200,0.4,0.45,0.5,0.52,167,51.53,59.03%
2024-07-0115:59 EST,MS,99.16,Call,100,8557,2024-07-05,4,0.42,0.44,0.46,0.45,567,15.09,19.07%
2024-07-0115:59 EST,"TSLA
watching",209.86,Put,210,8527,2024-07-19,18,9.55,9.75,9.95,9.7,4450,1.92,53.15%
2024-07-0115:59 EST,"TSLA
watching",209.86,Call,212.5,8527,2024-07-12,11,6.2,6.38,6.55,6.65,707,12.06,51.12%
2024-07-0115:59 EST,"AAPL
watching",216.75,Put,210,8496,2024-07-12,11,0.74,0.77,0.8,0.76,3788,2.24,20.86%
2024-07-0115:59 EST,"NVDA
watching",124.3,Put,115.5,8495,2024-07-05,4,0.16,0.17,0.18,0.18,4871,1.74,47.52%
2024-07-0115:58 EST,GSK,38.38,Call,39,8495,2024-07-05,4,0.1,0.15,0.2,0.14,231,36.77,22.80%
2024-07-0115:59 EST,"META
watching",504.68,Call,515,8458,2024-07-05,4,1.89,1.94,1.99,1.97,3605,2.35,26.41%
2024-07-0115:59 EST,GME,23.33,Put,22,8447,2024-07-05,4,0.32,0.33,0.35,0.33,2767,3.05,87.81%
2024-07-0115:59 EST,"TSLA
watching",209.86,Call,250,8445,2024-09-20,81,8.55,8.83,9.1,8.74,21202,0.4,52.95%
2024-07-0115:59 EST,"TSLA
watching",209.86,Put,180,8438,2024-07-19,18,1.02,1.07,1.12,1.01,28683,0.29,54.16%
2024-07-0115:53 EST,RIVN,13.92,Put,11,8433,2024-12-20,172,1.22,1.27,1.32,1.26,4808,1.75,76.30%
2024-07-0115:59 EST,"NVDA
watching",124.3,Call,128,8427,2024-07-12,11,2.24,2.29,2.33,2.28,5358,1.57,43.24%
2024-07-0115:59 EST,"TSLA
watching",209.86,Call,207.5,8425,2024-07-12,11,8.55,8.8,9.05,8.85,910,9.26,51.44%
2024-07-0115:59 EST,"NVDA
watching",124.3,Call,121,8419,2024-07-12,11,5.65,5.73,5.8,5.8,2835,2.97,44.80%
2024-07-0115:50 EST,F,12.76,Call,14,8407,2024-08-16,46,0.15,0.16,0.18,0.16,4226,1.99,30.57%
2024-07-0115:59 EST,WULF,5.21,Call,5,8405,2024-07-05,4,0.35,0.38,0.4,0.35,2000,4.2,115.70%
2024-07-0115:59 EST,GME,23.33,Call,25,8394,2024-07-19,18,2,2.05,2.1,2,20747,0.4,129.62%
2024-07-0115:59 EST,"TSLA
watching",209.86,Call,250,8370,2024-08-16,46,5.5,5.6,5.7,5.5,19462,0.43,58.13%
2024-07-0115:59 EST,SMCI,812.32,Put,750,8236,2024-07-05,4,2.6,2.73,2.85,2.8,1168,7.05,63.14%
2024-07-0115:59 EST,"TSLA
watching",209.86,Put,182.5,8196,2024-07-05,4,0.11,0.14,0.17,0.14,4749,1.73,68.98%
2024-07-0115:59 EST,INTC,30.84,Call,31,8186,2024-07-05,4,0.23,0.24,0.25,0.24,9775,0.84,23.87%
2024-07-0115:58 EST,"NVDA
watching",124.3,Call,115,8171,2024-07-05,4,9.35,9.5,9.65,9.65,6296,1.3,55.42%
2024-07-0115:59 EST,"TSLA
watching",209.86,Call,200,8094,2024-07-12,11,13.25,13.58,13.9,13.25,6712,1.21,49.50%
2024-07-0115:40 EST,HPE,21.16,Call,23,8089,2024-09-20,81,0.85,0.88,0.9,0.88,7499,1.08,38.45%
2024-07-0115:54 EST,"NVDA
watching",124.3,Put,113.5,8042,2024-07-05,4,0.1,0.11,0.12,0.11,7033,1.14,50.78%
2024-07-0115:48 EST,NKE,76.83,Put,65,8029,2025-03-21,263,2.24,2.32,2.4,2.36,357,22.49,30.18%
2024-07-0115:59 EST,"TSLA
watching",209.86,Call,215,7968,2024-07-19,18,7.85,8.1,8.35,8.2,9556,0.83,54.98%
2024-07-0115:59 EST,AMD,157.69,Call,170,7966,2024-07-19,18,1.77,1.8,1.83,1.81,25166,0.32,41.11%
2024-07-0115:59 EST,GME,23.33,Call,26,7904,2024-07-05,4,0.47,0.5,0.52,0.51,8544,0.93,143.74%
2024-07-0115:59 EST,"AAPL
watching",216.75,Call,230,7833,2024-07-12,11,0.23,0.24,0.25,0.24,10158,0.77,21.97%
2024-07-0115:59 EST,GME,23.33,Put,23,7788,2024-07-05,4,0.76,0.78,0.8,0.76,5292,1.47,94.62%
2024-07-0115:59 EST,HOOD,22.79,Put,22,7785,2024-07-05,4,0.13,0.14,0.15,0.15,1231,6.32,46.99%
2024-07-0115:59 EST,T,18.98,Call,19,7743,2024-07-05,4,0.12,0.13,0.13,0.12,3697,2.09,16.41%
2024-07-0115:56 EST,PLTR,25.88,Call,31,7731,2024-09-20,81,1.02,1.04,1.05,1.03,16179,0.48,52.67%
2024-07-0115:59 EST,AMD,157.69,Call,167.5,7717,2024-07-05,4,0.22,0.24,0.25,0.23,15332,0.5,39.80%
2024-07-0115:59 EST,BAC,40.01,Call,40,7710,2024-07-05,4,0.33,0.34,0.34,0.35,9711,0.79,19.37%
2024-07-0115:58 EST,DIS,98.04,Call,105,7688,2024-07-19,18,0.32,0.33,0.34,0.33,27493,0.28,25.31%
2024-07-0115:57 EST,XPEV,7.71,Call,10,7673,2024-08-16,46,0.17,0.18,0.19,0.2,5302,1.45,70.83%
2024-07-0115:59 EST,"NVDA
watching",124.3,Put,125,7665,2024-07-12,11,3.95,4,4.05,3.98,7261,1.06,43.02%
2024-07-0115:59 EST,"TSLA
watching",209.86,Call,212.5,7664,2024-07-19,18,8.9,9.55,10.2,8.95,737,10.4,53.32%
2024-07-0115:59 EST,NKE,76.83,Call,90,7659,2024-09-20,81,0.45,0.48,0.5,0.48,5064,1.51,25.22%
2024-07-0115:59 EST,CHWY,25.44,Call,30,7652,2024-07-19,18,1.35,1.36,1.37,1.37,13832,0.55,127.55%
2024-07-0115:58 EST,"TSLA
watching",209.86,Put,160,7639,2024-08-16,46,1.36,1.47,1.58,1.55,18025,0.42,58.12%
2024-07-0115:59 EST,"NVDA
watching",124.3,Call,122,7612,2024-07-12,11,5,5.1,5.2,5.15,5178,1.47,44.28%
2024-07-0115:59 EST,NIO,4.44,Call,4,7604,2024-07-05,4,0.41,0.43,0.45,0.46,4366,1.74,65.07%
2024-07-0115:59 EST,SNOW,142.77,Call,150,7589,2024-07-19,18,2.2,2.23,2.25,2.26,4343,1.75,37.88%
2024-07-0115:59 EST,"MSFT
watching",456.73,Call,460,7580,2024-07-05,4,1.65,1.75,1.85,1.75,3405,2.23,15.83%
2024-07-0115:59 EST,"NVDA
watching",124.3,Call,123,7564,2024-07-19,18,5.75,5.83,5.9,5.75,11606,0.65,44.78%
2024-07-0115:58 EST,"NVDA
watching",124.3,Call,160,7556,2024-08-16,46,0.85,0.86,0.87,0.87,24206,0.31,48.99%
2024-07-0115:59 EST,GME,23.33,Call,30,7541,2024-07-19,18,1.25,1.28,1.3,1.27,27240,0.28,157.88%
2024-07-0115:57 EST,XPEV,7.71,Put,10,7500,2024-08-16,46,1.17,1.86,2.54,2.46,5012,1.5,76.21%
2024-07-0115:59 EST,"NVDA
watching",124.3,Call,120,7484,2024-07-12,11,6.3,6.38,6.45,6.44,7975,0.94,44.70%
2024-07-0115:59 EST,HLF,10.34,Put,10,7481,2024-07-19,18,0.4,0.43,0.45,0.39,20559,0.36,63.22%
2024-07-0115:26 EST,NIO,4.44,Put,2,7480,2026-01-16,564,0.35,0.37,0.38,0.36,53128,0.14,88.87%
2024-07-0115:59 EST,"TSLA
watching",209.86,Put,185,7438,2024-07-12,11,0.67,0.69,0.71,0.69,5271,1.41,53.12%
2024-07-0115:34 EST,CCL,17.71,Call,17.5,7427,2025-01-17,200,2.5,2.63,2.76,2.64,43479,0.17,54.83%
2024-07-0115:59 EST,"TSLA
watching",209.86,Put,190,7409,2024-07-12,11,1.08,1.14,1.2,1.2,3603,2.06,52.10%
2024-07-0115:59 EST,RIVN,13.92,Call,13.5,7379,2024-07-05,4,0.65,0.67,0.69,0.68,3836,1.92,75.64%
2024-07-0115:59 EST,PLTR,25.88,Call,26,7364,2024-07-19,18,0.87,0.88,0.89,0.89,21501,0.34,39.91%
2024-07-0115:59 EST,"TSLA
watching",209.86,Call,225,7343,2024-08-16,46,11,11.35,11.7,11.3,5595,1.31,56.34%
2024-07-0115:59 EST,"AMZN
watching",197.2,Call,195,7322,2024-07-19,18,6.1,6.18,6.25,6.17,32223,0.23,27.04%
2024-07-0115:59 EST,"TSLA
watching",209.86,Call,210,7320,2024-09-20,81,21.35,21.6,21.85,21.55,10631,0.69,51.98%
2024-07-0115:53 EST,WDC,76.38,Call,80,7315,2024-08-16,46,3.05,3.13,3.2,3.1,16167,0.45,41.52%
2024-07-0115:59 EST,"TSLA
watching",209.86,Call,250,7306,2024-07-12,11,0.49,0.52,0.54,0.52,1785,4.09,61.12%
2024-07-0115:56 EST,"NVDA
watching",124.3,Put,104,7305,2024-07-12,11,0.11,0.12,0.13,0.12,832,8.78,54.60%
2024-07-0115:59 EST,RIOT,9.95,Call,9.5,7295,2024-07-05,4,0.54,0.55,0.55,0.54,5451,1.34,61.25%
2024-07-0115:59 EST,"NVDA
watching",124.3,Call,122,7278,2024-07-19,18,6.3,6.38,6.45,6.4,14144,0.51,45.74%
2024-07-0115:59 EST,CMG,61.81,Put,60,7268,2024-07-19,18,0.7,0.75,0.8,0.75,17555,0.41,28.43%
2024-07-0115:51 EST,GM,46.68,Call,46.5,7265,2024-07-05,4,0.54,0.56,0.58,0.53,10317,0.7,23.23%
2024-07-0115:59 EST,AMC,5.04,Put,5,7262,2024-07-05,4,0.13,0.14,0.14,0.14,4496,1.62,76.30%
2024-07-0115:59 EST,"MSFT
watching",456.73,Call,457.5,7194,2024-07-05,4,2.7,2.77,2.83,2.75,4031,1.78,15.77%
2024-07-0115:59 EST,"NVDA
watching",124.3,Call,132,7189,2024-07-12,11,1.15,1.17,1.2,1.19,5430,1.32,43.14%
2024-07-0115:59 EST,"TSLA
watching",209.86,Call,197.5,7189,2024-07-05,4,13.4,13.85,14.3,13.4,11691,0.61,56.28%
2024-07-0115:59 EST,WFC,60.59,Call,62,7128,2024-07-05,4,0.11,0.11,0.12,0.12,608,11.72,21.93%
2024-07-0115:50 EST,TECK,48.15,Call,50,7118,2024-09-20,81,2.6,2.67,2.74,2.6,829,8.59,35.20%
2024-07-0115:58 EST,MU,131.52,Call,135,7112,2024-10-18,109,12.5,12.6,12.7,12.55,2111,3.37,46.14%
2024-07-0115:59 EST,"TSLA
watching",209.86,Call,217.5,7104,2024-07-12,11,4.4,4.63,4.85,4.84,417,17.04,53.86%
2024-07-0115:59 EST,"NVDA
watching",124.3,Call,140,7102,2024-07-26,25,1.25,1.33,1.41,1.4,11834,0.6,45.67%
2024-07-0115:38 EST,LCID,2.64,Put,2,7010,2024-08-16,46,0.09,0.11,0.12,0.11,38460,0.18,105.55%
2024-07-0111:26 EST,PZZA,45.97,Call,37.5,7001,2024-07-19,18,6.6,8.55,10.5,8.9,7004,1,78.06%
2024-07-0115:59 EST,"NVDA
watching",124.3,Call,132,6992,2024-07-19,18,2.19,2.22,2.25,2.24,8332,0.84,44.97%
2024-07-0115:59 EST,"NVDA
watching",124.3,Put,113,6979,2024-07-05,4,0.09,0.1,0.11,0.1,7862,0.89,51.85%
2024-07-0115:58 EST,CELH,57.84,Call,60,6970,2024-07-05,4,0.5,0.54,0.59,0.55,6282,1.11,55.13%
2024-07-0115:58 EST,CLSK,17.92,Call,18.5,6964,2024-07-05,4,0.34,0.35,0.35,0.35,1746,3.99,77.84%
2024-07-0115:55 EST,DAL,46.92,Call,50,6924,2024-08-16,46,1.19,1.23,1.26,1.22,8747,0.79,34.50%
2024-07-0115:59 EST,C,63.43,Call,63,6898,2024-07-05,4,0.8,0.83,0.86,0.87,8323,0.83,22.03%
2024-07-0115:59 EST,JPM,205.45,Call,207.5,6884,2024-07-05,4,0.33,0.48,0.63,0.52,3062,2.25,14.76%
2024-07-0115:59 EST,"TSLA
watching",209.86,Put,190,6872,2024-07-19,18,2.39,2.47,2.55,2.58,13114,0.52,52.67%
2024-07-0115:58 EST,CCL,17.71,Call,17.5,6871,2024-07-05,4,0.38,0.4,0.41,0.4,2433,2.82,39.26%
2024-07-0115:59 EST,"TSLA
watching",209.86,Put,202.5,6833,2024-07-12,11,3.7,3.93,4.15,3.91,533,12.82,49.70%
2024-07-0115:59 EST,PLTR,25.88,Put,25.5,6813,2024-07-05,4,0.23,0.24,0.25,0.25,2934,2.32,38.93%
2024-07-0115:59 EST,SNOW,142.77,Call,145,6778,2024-07-05,4,1.23,1.26,1.28,1.25,1977,3.43,35.88%
2024-07-0115:59 EST,DELL,142.82,Call,165,6759,2024-08-16,46,2.95,3.03,3.1,3.02,8523,0.79,47.88%
2024-07-0115:53 EST,"NVDA
watching",124.3,Put,121,6756,2024-08-16,46,6.3,6.38,6.45,6.4,9138,0.74,47.72%
2024-07-0115:59 EST,"AMZN
watching",197.2,Call,192.5,6751,2024-07-05,4,5.25,5.35,5.45,5.35,5882,1.15,26.23%
2024-07-0115:59 EST,"AMZN
watching",197.2,Put,195,6733,2024-07-12,11,2.35,2.39,2.43,2.38,858,7.85,25.64%
2024-07-0115:56 EST,NKE,76.83,Call,100,6700,2024-09-20,81,0.18,0.19,0.19,0.18,30931,0.22,30.27%
2024-07-0115:59 EST,"NVDA
watching",124.3,Call,130,6695,2024-09-20,81,10.55,10.6,10.65,10.65,114051,0.06,53.26%
2024-07-0115:59 EST,CAVA,95.27,Call,100,6651,2024-07-05,4,0.5,0.55,0.6,0.55,5436,1.22,51.86%
2024-07-0115:59 EST,"NVDA
watching",124.3,Call,145,6646,2024-08-16,46,2.38,2.41,2.43,2.42,15858,0.42,47.84%
2024-07-0115:58 EST,WBA,11.58,Put,11.5,6619,2024-07-05,4,0.13,0.14,0.15,0.13,3305,2,34.33%
2024-07-0115:58 EST,"AMZN
watching",197.2,Put,195,6605,2024-08-16,46,8.15,8.2,8.25,8.15,10022,0.66,35.17%
2024-07-0115:59 EST,MU,131.52,Call,129,6604,2024-07-05,4,3.45,3.53,3.6,3.5,326,20.26,35.59%
2024-07-0115:54 EST,MU,131.52,Put,127,6602,2024-07-05,4,0.36,0.45,0.54,0.45,1847,3.57,35.91%
2024-07-0115:59 EST,CHWY,25.44,Put,22.5,6586,2024-08-16,46,1.46,1.52,1.57,1.57,1476,4.46,84.58%
2024-07-0115:58 EST,RIVN,13.92,Call,17.5,6571,2024-08-16,46,0.53,0.6,0.66,0.55,29480,0.22,80.30%
2024-07-0115:57 EST,OLPX,1.53,Call,3,6563,2024-12-20,172,0.1,0.13,0.15,0.15,326,20.13,104.85%
2024-07-0115:59 EST,SMCI,812.32,Call,800,6554,2024-07-05,4,27.2,28.45,29.7,28.56,465,14.09,64.09%
2024-07-0115:59 EST,BA,186.7,Call,195,6548,2024-07-05,4,0.15,0.18,0.2,0.18,1492,4.39,28.32%
2024-07-0115:59 EST,MRNA,115.95,Put,110,6541,2024-07-12,11,1.54,1.64,1.74,1.62,277,23.61,50.49%
2024-07-0115:59 EST,"AMZN
watching",197.2,Put,197.5,6539,2024-07-05,4,2.04,2.1,2.16,2.09,6620,0.99,24.13%
2024-07-0115:59 EST,NKE,76.83,Call,80,6519,2024-07-26,25,0.84,0.86,0.88,0.87,6134,1.06,24.74%
2024-07-0115:59 EST,SNOW,142.77,Call,170,6489,2024-08-16,46,1.35,1.41,1.46,1.39,7973,0.81,40.95%
2024-07-0115:59 EST,MARA,22.56,Call,25,6484,2024-07-05,4,0.12,0.15,0.17,0.14,2096,3.09,86.59%
2024-07-0115:59 EST,AAL,11.04,Call,11,6428,2024-07-12,11,0.29,0.3,0.31,0.29,309,20.8,34.97%
2024-07-0115:59 EST,"NVDA
watching",124.3,Put,117,6378,2024-07-12,11,1.05,1.08,1.11,1.08,5558,1.15,43.94%
2024-07-0115:59 EST,"NVDA
watching",124.3,Call,126,6367,2024-07-19,18,4.3,4.35,4.4,4.35,28020,0.23,45.23%
2024-07-0115:59 EST,AMD,157.69,Call,160,6365,2024-07-19,18,4.7,4.75,4.8,4.67,14623,0.44,40.18%
2024-07-0115:59 EST,"TSLA
watching",209.86,Call,500,6352,2025-01-17,200,1.67,1.71,1.75,1.68,23849,0.27,60.61%
2024-07-0115:59 EST,C,63.43,Call,64,6349,2024-07-05,4,0.32,0.33,0.35,0.34,4439,1.43,21.64%
2024-07-0115:59 EST,"NVDA
watching",124.3,Put,118,6344,2024-07-12,11,1.27,1.3,1.33,1.28,5664,1.12,43.38%
2024-07-0115:53 EST,WFC,60.59,Call,65,6334,2024-08-16,46,0.61,0.62,0.63,0.59,11041,0.57,23.30%
2024-07-0115:59 EST,"AAPL
watching",216.75,Call,217.5,6332,2024-07-19,18,3.85,3.9,3.95,3.86,2987,2.12,20.69%
2024-07-0115:59 EST,CCL,17.71,Call,18,6325,2024-07-19,18,0.44,0.45,0.46,0.45,13900,0.46,38.12%
2024-07-0115:41 EST,C,63.43,Call,67.5,6314,2024-11-15,137,2.36,2.38,2.4,2.36,3879,1.63,24.49%
2024-07-0115:59 EST,MAXN,0.5488,Put,0.5,6286,2024-07-12,11,0.3,0.32,0.35,0.33,2640,2.38,1137.07%
2024-07-0115:59 EST,NIO,4.44,Call,4.5,6284,2024-07-12,11,0.16,0.18,0.19,0.18,8056,0.78,66.41%
2024-07-0112:04 EST,KSS,21.89,Put,22.5,6278,2025-01-17,200,2.72,3.71,4.7,3.65,6365,0.99,49.89%
2024-07-0115:59 EST,"AAPL
watching",216.75,Call,225,6269,2024-07-12,11,0.66,0.69,0.71,0.71,5220,1.2,21.21%
2024-07-0115:59 EST,COIN,233.37,Call,235,6264,2024-07-05,4,4,4.4,4.8,4.8,1079,5.81,56.41%
2024-07-0115:59 EST,BA,186.7,Put,185,6262,2024-07-05,4,1.03,1.13,1.23,1.17,441,14.2,24.58%
2024-07-0115:59 EST,COIN,233.37,Call,230,6257,2024-07-05,4,6.55,7,7.45,7.23,29676,0.21,54.74%
2024-07-0115:59 EST,HIMS,21.42,Call,22,6256,2024-07-05,4,0.35,0.38,0.4,0.35,856,7.31,65.20%
2024-07-0115:59 EST,"AMZN
watching",197.2,Call,205,6255,2024-08-16,46,7.25,7.33,7.4,7.36,20966,0.3,36.11%
2024-07-0115:29 EST,CFG,35.83,Call,35,6253,2024-08-16,46,1.8,1.85,1.9,1.87,6941,0.9,28.01%
2024-07-0115:30 EST,ENVX,15.1,Call,16.5,6228,2024-07-05,4,0.12,0.13,0.14,0.17,795,7.83,87.64%
2024-07-0115:59 EST,MU,131.52,Call,135,6217,2024-07-05,4,0.61,0.71,0.8,0.79,5569,1.12,37.04%
2024-07-0115:59 EST,"TSLA
watching",209.86,Put,215,6216,2024-07-05,4,8,8.13,8.25,7.9,392,15.86,58.95%
2024-07-0115:59 EST,"NVDA
watching",124.3,Put,121.5,6209,2024-07-12,11,2.35,2.38,2.41,2.38,4651,1.33,43.24%
2024-07-0115:51 EST,OXY,62.88,Put,55,6204,2024-09-20,81,0.3,0.33,0.36,0.34,10753,0.58,24.23%
2024-07-0115:59 EST,"AAPL
watching",216.75,Put,215,6193,2024-07-19,18,2.79,2.84,2.9,2.81,9076,0.68,19.94%
2024-07-0115:59 EST,SMCI,812.32,Call,850,6191,2024-07-05,4,9.8,10,10.2,10.1,1567,3.95,70.05%
2024-07-0115:59 EST,DIS,98.04,Call,99,6155,2024-07-05,4,0.47,0.49,0.51,0.48,1256,4.9,20.94%
2024-07-0115:58 EST,VKTX,55.32,Call,60,6153,2024-07-05,4,0.6,0.65,0.7,0.65,1127,5.46,93.54%
2024-07-0115:41 EST,NOK,3.89,Call,7,6152,2026-01-16,564,0.12,0.14,0.15,0.14,8336,0.74,38.44%
2024-07-0115:59 EST,"NVDA
watching",124.3,Put,124,6141,2024-07-12,11,3.4,3.47,3.55,3.49,2981,2.06,43.33%
2024-07-0115:59 EST,"AAPL
watching",216.75,Call,250,6134,2024-08-16,46,0.66,0.68,0.7,0.69,12097,0.51,26.27%
2024-07-0115:58 EST,RIVN,13.92,Put,15,6133,2024-07-05,4,1.07,1.17,1.27,1.2,1621,3.78,80.62%
2024-07-0115:59 EST,WFC,60.59,Put,60,6130,2024-07-05,4,0.26,0.27,0.28,0.27,148,41.42,20.59%
2024-07-0115:59 EST,"TSLA
watching",209.86,Call,210,6127,2024-08-16,46,17,17.3,17.6,17.05,5855,1.05,55.41%
2024-07-0115:59 EST,AMD,157.69,Call,165,6120,2024-07-12,11,1.74,1.76,1.77,1.73,2902,2.11,39.53%
2024-07-0115:59 EST,MARA,22.56,Call,25,6087,2024-07-12,11,0.55,0.57,0.59,0.55,4354,1.4,87.89%
2024-07-0115:59 EST,CHWY,25.44,Call,40,6084,2024-07-05,4,0.14,0.17,0.19,0.19,1660,3.67,264.83%
2024-07-0115:59 EST,"NVDA
watching",124.3,Call,140,6077,2024-09-20,81,7.1,7.15,7.2,7.2,68178,0.09,52.98%
2024-07-0115:59 EST,NU,12.36,Call,13,6074,2024-08-16,46,0.47,0.48,0.49,0.48,21213,0.29,40.40%
2024-07-0115:59 EST,"NVDA
watching",124.3,Put,125,6069,2024-07-19,18,5.05,5.13,5.2,5.12,29350,0.21,44.51%
2024-07-0115:59 EST,PFE,28.22,Call,28.5,6047,2024-07-05,4,0.11,0.11,0.12,0.12,14713,0.41,19.79%
2024-07-0115:59 EST,GME,23.33,Call,23.5,6016,2024-07-05,4,0.95,0.98,1,0.94,787,7.64,108.40%
2024-07-0115:59 EST,PYPL,57.81,Call,59,6005,2024-07-05,4,0.19,0.2,0.2,0.19,4517,1.33,24.55%
2024-07-0115:59 EST,"NVDA
watching",124.3,Put,123,6002,2024-07-12,11,2.97,3.01,3.05,3,3615,1.66,43.13%
2024-07-0115:59 EST,GME,23.33,Call,28,5995,2024-07-05,4,0.3,0.32,0.33,0.32,4242,1.41,163.57%
2024-07-0115:59 EST,F,12.76,Put,11.82,5980,2024-09-20,81,0.3,0.31,0.32,0.3,44552,0.13,29.39%
2024-07-0115:59 EST,AAL,11.04,Put,11,5977,2024-07-12,11,0.21,0.22,0.23,0.22,5768,1.04,31.74%
2024-07-0115:59 EST,DOCU,55.14,Call,57,5973,2024-07-05,4,0.08,0.1,0.12,0.12,284,21.03,28.77%
2024-07-0115:59 EST,PLTR,25.88,Call,26,5970,2024-07-12,11,0.65,0.66,0.67,0.65,3765,1.59,38.36%
2024-07-0115:59 EST,AMD,157.69,Call,165,5969,2024-07-19,18,2.94,2.97,3,2.95,21570,0.28,40.27%
2024-07-0115:59 EST,AMD,157.69,Put,160,5967,2024-07-05,4,3.5,3.6,3.7,3.55,5576,1.07,34.10%
2024-07-0115:59 EST,"AMZN
watching",197.2,Call,197.5,5959,2024-07-12,11,3.6,3.68,3.75,3.7,2288,2.6,27.03%
2024-07-0115:58 EST,"TSLA
watching",209.86,Call,195,5944,2024-08-16,46,25,25.35,25.7,25.03,41456,0.14,54.75%
2024-07-0115:59 EST,SBUX,77.13,Call,85,5944,2024-08-16,46,1.27,1.3,1.32,1.29,21305,0.28,34.91%
2024-07-0115:59 EST,AMD,157.69,Call,157.5,5920,2024-07-12,11,4.4,4.45,4.5,4.45,709,8.35,38.75%
2024-07-0115:59 EST,HOOD,22.79,Call,23,5916,2024-07-05,4,0.36,0.37,0.38,0.37,4262,1.39,48.30%
2024-07-0115:59 EST,PLTR,25.88,Call,27,5912,2024-07-19,18,0.49,0.5,0.51,0.5,29081,0.2,39.87%
2024-07-0115:57 EST,PFE,28.22,Call,29,5871,2024-08-16,46,0.56,0.58,0.59,0.58,30931,0.19,22.85%
2024-07-0115:59 EST,"AAPL
watching",216.75,Call,230,5865,2024-07-19,18,0.56,0.58,0.6,0.6,26026,0.23,21.43%
2024-07-0115:52 EST,"TSLA
watching",209.86,Call,560,5832,2024-09-20,81,0.1,0.14,0.18,0.17,17661,0.33,78.48%
2024-07-0115:59 EST,SHOP,64.63,Call,70,5832,2024-07-19,18,0.47,0.49,0.51,0.5,17340,0.34,36.60%
2024-07-0115:59 EST,AVGO,1640.8,Call,1650,5830,2024-07-05,4,22.2,22.9,23.6,22.54,1746,3.34,38.67%
2024-07-0115:59 EST,HOOD,22.79,Call,24,5801,2024-07-12,11,0.38,0.41,0.43,0.42,1803,3.22,54.71%
2024-07-0115:59 EST,VZ,41.74,Call,42,5796,2024-07-05,4,0.15,0.16,0.18,0.15,6435,0.9,14.92%
2024-07-0115:59 EST,WMT,67.48,Call,68,5788,2024-07-05,4,0.17,0.18,0.18,0.18,3135,1.85,13.26%
2024-07-0115:59 EST,"META
watching",504.68,Call,530,5787,2024-07-05,4,0.29,0.3,0.3,0.29,3697,1.57,27.60%
2024-07-0115:58 EST,CLSK,17.92,Call,17.5,5784,2024-07-05,4,0.7,0.8,0.9,0.84,2105,2.75,81.25%
2024-07-0115:59 EST,"MSFT
watching",456.73,Put,447.5,5773,2024-07-05,4,0.48,0.52,0.55,0.5,2520,2.29,17.25%
2024-07-0115:59 EST,GME,23.33,Call,27,5771,2024-07-05,4,0.39,0.4,0.41,0.39,3788,1.52,152.51%
2024-07-0115:59 EST,GS,463.66,Call,465,5768,2024-07-05,4,3.2,3.4,3.6,3.35,1120,5.15,20.20%
2024-07-0115:59 EST,SNAP,16.02,Call,16.5,5734,2024-07-05,4,0.1,0.11,0.11,0.1,1738,3.3,40.24%
2024-07-0115:59 EST,"AMZN
watching",197.2,Call,190,5727,2024-08-16,46,14.65,14.73,14.8,14.75,27034,0.21,36.34%
2024-07-0115:53 EST,"NVDA
watching",124.3,Put,105,5712,2024-07-12,11,0.13,0.14,0.14,0.13,7606,0.75,52.86%
2024-07-0115:59 EST,COIN,233.37,Put,220,5708,2024-07-05,4,0.91,0.96,1,0.99,1088,5.25,54.50%
2024-07-0115:59 EST,"NVDA
watching",124.3,Put,105,5697,2024-07-19,18,0.35,0.36,0.37,0.37,33078,0.17,51.04%
2024-07-0115:28 EST,NKE,76.83,Put,95,5685,2024-07-19,18,16.95,17.83,18.7,18.41,3490,1.63,63.23%
2024-07-0115:59 EST,SMCI,812.32,Put,700,5673,2024-07-05,4,0.35,0.4,0.45,0.4,1424,3.98,69.40%
2024-07-0115:59 EST,"NVDA
watching",124.3,Call,128,5670,2024-07-19,18,3.45,3.53,3.6,3.56,14557,0.39,45.41%
2024-07-0115:59 EST,"AMZN
watching",197.2,Put,200,5661,2024-07-05,4,3.6,3.7,3.8,3.66,2364,2.39,24.44%
2024-07-0115:59 EST,"AMZN
watching",197.2,Call,205,5661,2024-07-19,18,2.18,2.21,2.24,2.23,28882,0.2,28.41%
2024-07-0115:58 EST,"NVDA
watching",124.3,Call,150,5644,2024-09-20,81,4.7,4.75,4.8,4.76,92705,0.06,52.88%
2024-07-0115:59 EST,LI,19.08,Call,19.5,5643,2024-07-05,4,0.21,0.24,0.27,0.25,4849,1.16,52.57%
2024-07-0115:59 EST,BABA,72.18,Call,75,5628,2024-08-16,46,2.61,2.67,2.73,2.67,6632,0.85,38.86%
2024-07-0115:59 EST,"GOOG
watching",184.49,Put,180,5611,2024-07-05,4,0.21,0.27,0.32,0.21,2589,2.17,19.90%
2024-07-0115:59 EST,PLTR,25.88,Call,25,5607,2024-07-05,4,0.94,0.97,1,0.97,9351,0.6,33.74%
2024-07-0115:52 EST,EOSE,1.46,Call,1.5,5594,2024-07-19,18,0.14,0.17,0.19,0.17,6588,0.85,143.80%
2024-07-0115:58 EST,PBR,14.5,Call,15,5588,2024-08-16,46,0.42,0.44,0.46,0.42,33989,0.16,30.44%
2024-07-0115:59 EST,AMD,157.69,Call,155,5587,2024-07-12,11,5.75,5.83,5.9,5.8,848,6.59,38.52%
2024-07-0115:59 EST,"NVDA
watching",124.3,Call,121.5,5578,2024-07-12,11,5.35,5.43,5.5,5.4,2672,2.09,43.67%
2024-07-0115:58 EST,"NVDA
watching",124.3,Put,122,5549,2024-07-19,18,3.65,3.7,3.75,3.68,7703,0.72,44.63%
2024-07-0115:59 EST,GME,23.33,Put,21,5505,2024-07-05,4,0.12,0.13,0.14,0.13,2054,2.68,88.25%
2024-07-0115:59 EST,BAC,40.01,Call,40.5,5505,2024-07-05,4,0.13,0.14,0.15,0.15,3528,1.56,19.99%
2024-07-0115:59 EST,NKE,76.83,Call,79,5493,2024-07-05,4,0.28,0.3,0.32,0.3,3099,1.77,31.89%
2024-07-0115:56 EST,GTLB,51.34,Call,75,5491,2026-01-16,564,8.4,8.7,9,8.74,378,14.53,55.52%
2024-07-0115:59 EST,"NVDA
watching",124.3,Call,118,5480,2024-07-05,4,6.6,6.73,6.85,6.85,4016,1.36,48.62%
