,Datetime,Interval,Ticker,Open,High,Low,Close,Volume,Avg_Volume_10,RSI,ATR,vol_vs_avrg_vol,SMA_20,SMA_50,SMA_200,SMA_65,desc_number,rsi_peak_rsi_value,rsi_peak_high_value,rsi_bottom_rsi_value,rsi_bottom_low_value,be_current_rsi_less_than_peak,be_current_price_close_above_rsi_peak,be_pre_signal_1,be_pre_signal_last_10,be_close_below_SMA65,be_signal,bu_current_rsi_more_than_bottom,bu_current_price_close_below_rsi_bottom,bu_pre_signal_1,bu_pre_signal_last_13,bu_close_above_SMA65,bu_signal,Combined_Signals_65
832,2024-12-09 13:00:00-05:00,30m,META,610.1599731445312,611.47998046875,609.5,611.1799926757812,330534,834945.6,40.32177796437064,3.732172987691223,0.395874892927156,619.7092315673829,614.494013671875,579.3665704345703,611.0599787785457,8,77.06811549654651,624.3099975585938,37.46662541552892,610.25,1,0,0,0,0,0,1,0,0,2,1,Buy,Buy
833,2024-12-09 13:30:00-05:00,30m,META,611.0900268554688,613.8399047851562,610.830078125,613.1950073242188,443037,827646.9,45.22429802605544,3.680576821438725,0.5352971176476345,619.1684814453125,614.5695874023437,579.5579956054687,611.398979304387,7,77.06811549654651,624.3099975585938,37.46662541552892,610.25,1,0,0,0,0,0,1,0,0,2,1,Buy,Buy
837,2024-12-09 15:30:00-05:00,30m,META,610.3300170898438,613.9199829101562,610.3300170898438,613.8099975585938,950060,508122.8,48.71620100756755,3.42241529223872,1.869744872696128,616.6224792480468,614.4393884277343,580.3821115112305,612.634526179387,3,77.06811549654651,624.3099975585938,39.90680384260475,609.5800170898438,1,0,0,0,0,0,1,0,0,2,1,Buy,Buy
838,2024-12-10 09:30:00-05:00,30m,META,617.4000244140625,624.0800170898438,613.0,622.739990234375,2168507,625028.6,63.29339736243077,3.969386849210508,3.469452437856444,616.5296844482422,614.6969885253907,580.6800500488281,613.0762178861178,2,77.06811549654651,624.3099975585938,39.90680384260475,609.5800170898438,1,0,0,0,0,0,1,0,0,2,1,Buy,Buy
839,2024-12-10 10:00:00-05:00,30m,META,622.614990234375,625.5900268554688,622.1002807617188,624.2999877929688,621128,644097.6,65.1566478520514,3.935126795249043,0.9643383238813495,616.4483703613281,615.0101879882812,580.9808993530273,613.498525766226,1,77.06811549654651,624.3099975585938,39.90680384260475,609.5800170898438,1,0,0,0,0,0,1,0,0,2,1,Buy,Buy
1607,2024-12-02 13:00:00-05:00,30m,CLSK,14.5,14.599900245666504,14.359999656677246,14.362700462341309,1866143,3749747.9,48.33751943065087,0.4287666638776587,0.4976715901354328,14.552524995803832,14.260962028503418,,14.37963385948768,73,63.50589000341139,15.399999618530272,52.43594049352716,14.229999542236328,1,0,0,2,1,Sell,0,0,0,0,0,0,Sell
1609,2024-12-02 14:00:00-05:00,30m,CLSK,14.399999618530272,14.399999618530272,14.109999656677246,14.18000030517578,1980977,3513702.5,45.44757687638747,0.4056028844620666,0.5637862055765962,14.595265007019044,14.222390022277832,,14.395223089364858,71,63.50589000341139,15.399999618530272,52.43594049352716,14.229999542236328,1,0,0,2,1,Sell,0,1,0,0,0,0,Sell
1610,2024-12-02 14:30:00-05:00,30m,CLSK,14.18000030517578,14.31999969482422,14.164999961853027,14.3100004196167,1419517,2468930.2,47.83287451472538,0.3877026593555755,0.5749522606997962,14.61421504020691,14.205190029144289,,14.39560771355262,70,63.50589000341139,15.399999618530272,52.43594049352716,14.229999542236328,1,0,0,2,1,Sell,0,0,0,0,0,0,Sell
1906,2024-12-09 10:00:00-05:00,30m,RCL,255.0,256.2449951171875,248.58999633789065,249.22999572753903,524382,281873.6,35.01904838658294,1.8367469332029889,1.8603444948374024,254.33850555419923,250.92465240478515,241.59524230957032,249.9639573317308,14,76.78851710524627,258.2099914550781,54.30917643066573,250.3300018310547,1,0,0,2,1,Sell,0,1,0,0,0,0,Sell
1907,2024-12-09 10:30:00-05:00,30m,RCL,249.25,249.9900054931641,243.7899932861328,245.2554931640625,848388,352334.8,27.555345156063996,2.1484087384764363,2.4079029377739585,253.9997802734375,250.93056213378907,241.6495198059082,249.9761955848107,13,76.78851710524627,258.2099914550781,27.555345156063996,243.7899932861328,1,0,0,2,1,Sell,0,0,0,0,0,0,Sell
1908,2024-12-09 11:00:00-05:00,30m,RCL,246.0749969482422,247.22000122070312,244.8300018310547,246.91000366210935,403308,380848.8,33.87358927569912,2.16566521356015,1.0589714343329952,253.7317802429199,250.95376220703125,241.7171254730225,249.98258643517127,12,76.78851710524627,258.2099914550781,27.555345156063996,243.7899932861328,1,0,0,2,1,Sell,1,0,0,0,0,0,Sell
1909,2024-12-09 11:30:00-05:00,30m,RCL,246.9850006103516,249.0500030517578,246.7700042724609,248.68499755859372,307374,400897.0,39.92676262603512,2.17383189682706,0.7667156401769033,253.5612800598145,251.00546203613283,241.7931004333496,250.00558636005107,11,76.78851710524627,258.2099914550781,27.555345156063996,243.7899932861328,1,0,0,2,1,Sell,1,0,0,0,0,0,Sell
1910,2024-12-09 12:00:00-05:00,30m,RCL,248.5399932861328,249.47999572753903,248.01010131835935,249.17999267578125,149294,404910.2,41.53407295533551,2.1235506477093904,0.3687089137295133,253.46428451538085,251.0732620239258,241.8726136779785,250.0331247182993,10,76.78851710524627,258.2099914550781,27.555345156063996,243.7899932861328,1,0,0,2,1,Sell,1,0,0,0,0,0,Sell
1911,2024-12-09 12:30:00-05:00,30m,RCL,249.2100067138672,249.2700042724609,248.35659790039065,248.5,112008,399933.6,39.952635098239696,2.037111770878028,0.2800664910375122,253.33228454589843,251.12656188964843,241.95090019226075,250.0562016413762,9,76.78851710524627,258.2099914550781,27.555345156063996,243.7899932861328,1,0,0,2,1,Sell,1,0,0,0,0,0,Sell
1912,2024-12-09 13:00:00-05:00,30m,RCL,248.5800018310547,250.13999938964844,248.47540283203125,249.8600006103516,110486,393860.4,44.503875896555634,2.010503541359397,0.2805207124148556,253.19528427124024,251.2025619506836,242.0333966827393,250.09512469951923,8,44.503875896555634,250.13999938964844,27.555345156063996,243.7899932861328,0,0,0,2,1,Sell,1,0,0,0,0,0,Sell
2586,2024-12-04 09:30:00-05:00,30m,BIDU,85.0999984741211,85.87999725341797,84.80000305175781,84.94000244140625,471590,157103.3,35.27762495553483,0.4028073221167761,3.0017829033508527,86.29732551574708,85.45791610717774,84.43357467651367,84.98718919020433,54,73.84552457221386,86.87999725341797,57.73122878071688,86.05000305175781,1,0,0,2,1,Sell,0,1,0,0,0,0,Sell
2693,2024-12-03 09:30:00-05:00,30m,MGM,38.2400016784668,38.25,37.47999954223633,37.59999847412109,278354,182764.1,38.60498878832104,0.2583704628176014,1.5230233946382248,38.17841510772705,37.82906608581543,,37.87112297644982,67,57.40000111029541,38.380001068115234,55.59478362556981,37.72999954223633,1,0,0,2,1,Sell,0,1,0,0,0,0,Sell
2694,2024-12-03 10:00:00-05:00,30m,MGM,37.58000183105469,37.720001220703125,37.31999969482422,37.38999938964844,271101,197653.1,34.76285767970488,0.2684869673219803,1.371600040677328,38.14841499328613,37.81286605834961,,37.863738368107725,66,57.40000111029541,38.380001068115234,55.59478362556981,37.72999954223633,1,0,0,2,1,Sell,0,1,0,0,0,0,Sell
2695,2024-12-03 10:30:00-05:00,30m,MGM,37.40999984741211,37.47999954223633,37.31999969482422,37.459999084472656,169971,201809.8,37.01316565966692,0.2607378873284181,0.8422336279011228,38.11741485595703,37.797466049194334,,37.85773837749775,65,57.40000111029541,38.380001068115234,55.59478362556981,37.72999954223633,1,0,0,2,1,Sell,0,1,0,0,0,0,Sell
2696,2024-12-03 11:00:00-05:00,30m,MGM,37.470001220703125,37.52999877929688,37.290000915527344,37.459999084472656,173565,208608.0,37.01316565966692,0.2592564570742119,0.8320150713299586,38.08666477203369,37.78046600341797,,37.84927685077374,64,57.40000111029541,38.380001068115234,55.59478362556981,37.72999954223633,1,0,0,2,1,Sell,0,1,0,0,0,0,Sell
2745,2024-12-09 09:30:00-05:00,30m,MGM,37.060001373291016,37.90499877929688,36.81999969482422,37.66999816894531,1222216,384921.5,60.537786506528256,0.3044642612238685,3.1752344309164338,37.06355018615723,37.24573020935058,37.48222497940064,37.43867398775541,15,53.087609955673415,37.81999969482422,33.921044903048255,36.560001373291016,0,0,0,0,0,0,1,0,0,2,1,Buy,Buy
2746,2024-12-09 10:00:00-05:00,30m,MGM,37.68000030517578,38.0,37.61000061035156,37.74660110473633,356616,393881.4,61.66792445157927,0.3105739132541948,0.9053892872321464,37.08313026428223,37.25146224975586,37.48130798339844,37.43362168532151,14,53.087609955673415,37.81999969482422,33.921044903048255,36.560001373291016,0,0,0,0,0,0,1,0,0,2,1,Buy,Buy
2747,2024-12-09 10:30:00-05:00,30m,MGM,37.7400016784668,37.84999847412109,37.709999084472656,37.79999923706055,178291,400843.3,62.47467599004249,0.2983900187109264,0.4447897719632585,37.1076301574707,37.2668522644043,37.481057987213134,37.42900631244366,13,62.47467599004249,37.84999847412109,33.921044903048255,36.560001373291016,0,0,0,0,0,0,1,0,0,2,1,Buy,Buy
2751,2024-12-09 12:30:00-05:00,30m,MGM,37.303001403808594,37.43999862670898,37.22999954223633,37.400001525878906,133695,372130.5,53.53011264012155,0.3027252926213042,0.3592691273625784,37.15311527252197,37.28506622314453,37.47326150894165,37.36824786846454,9,62.47467599004249,37.84999847412109,33.921044903048255,36.560001373291016,1,0,0,0,0,0,1,0,0,2,1,Buy,Buy
2867,2024-12-09 10:30:00-05:00,30m,VLO,135.15499877929688,136.5800018310547,134.93519592285156,136.25999450683594,252767,159637.6,70.72849698126375,0.9262536052012974,1.583380105939954,132.41436004638672,133.9933740234375,138.8886166381836,135.127536714994,13,70.72849698126375,136.5800018310547,28.67249614799455,130.57220458984375,0,0,0,0,0,0,1,0,0,2,1,Buy,Buy
2869,2024-12-09 11:30:00-05:00,30m,VLO,134.9499969482422,135.49000549316406,134.75,135.14230346679688,104719,176197.5,61.53103027448637,0.9661472561668712,0.594327388300061,132.5279754638672,133.83782012939454,138.84797813415528,135.0632845365084,11,70.72849698126375,136.5800018310547,28.67249614799455,130.57220458984375,1,0,0,0,0,0,1,0,0,2,1,Buy,Buy
2871,2024-12-09 12:30:00-05:00,30m,VLO,134.83999633789062,135.16000366210938,134.72000122070312,135.1300048828125,72578,180838.3,60.78642969405432,0.9129094565290876,0.4013419723587315,132.6713508605957,133.69056640625,138.81239067077638,134.96278451772835,9,70.72849698126375,136.5800018310547,28.67249614799455,130.57220458984375,1,0,0,0,0,0,1,0,0,2,1,Buy,Buy
3173,2024-12-03 09:30:00-05:00,30m,BILI,19.61000061035156,19.61000061035156,18.709999084472656,18.709999084472656,2267541,448083.9,31.664974807665303,0.222648205228775,5.060527727061829,19.565439891815185,18.931861915588375,,18.80316614004282,67,79.13927055374987,19.950000762939453,31.664974807665303,18.709999084472656,1,0,0,2,1,Sell,0,1,0,0,0,0,Sell
3175,2024-12-03 10:30:00-05:00,30m,BILI,18.84000015258789,18.94499969482422,18.7549991607666,18.76409912109375,606013,577184.4,34.64131009322557,0.2241200933231071,1.0499469493631497,19.532894802093505,18.9454439163208,,18.819767673198992,65,79.13927055374987,19.950000762939453,31.664974807665303,18.709999084472656,1,0,0,2,1,Sell,1,0,0,0,0,0,Sell
3779,2024-12-03 12:30:00-05:00,30m,Z,83.51000213623047,84.54000091552734,83.44999694824219,84.4800033569336,285679,216911.1,57.66916695144645,0.5696256847029645,1.317032646093261,83.63250045776367,84.44659866333008,,84.42622809776893,61,44.59485557985324,83.87000274658203,34.57230398089766,82.7699966430664,0,1,0,0,0,0,1,0,0,2,1,Buy,Buy
3780,2024-12-03 13:00:00-05:00,30m,Z,84.5199966430664,84.69999694824219,84.38999938964844,84.55000305175781,172701,226298.3,58.44386949223282,0.5510808185523063,0.7631564178785258,83.66750068664551,84.43909866333007,,84.40961280235878,60,58.44386949223282,84.69999694824219,34.57230398089766,82.7699966430664,0,0,0,0,0,0,1,0,0,2,1,Buy,Buy
4532,2024-12-06 09:30:00-05:00,30m,BABA,86.01000213623047,86.69000244140625,85.97000122070312,86.04000091552734,2897469,941465.6,70.38368039085108,0.4280858686878396,3.077615369058625,84.45678977966308,85.13984603881836,86.61988159179687,85.49923529991737,28,42.597655857678085,85.05999755859375,30.37738334042571,84.04000091552734,0,1,0,0,0,0,1,0,0,2,1,Buy,Buy
4533,2024-12-06 10:00:00-05:00,30m,BABA,86.04000091552734,86.19999694824219,85.91999816894531,86.16000366210938,933950,979324.2,71.40659291087223,0.4175082194456279,0.9536678456429444,84.53279495239258,85.15074615478515,86.59378162384033,85.4860815194937,27,42.597655857678085,85.05999755859375,30.37738334042571,84.04000091552734,0,1,0,0,0,0,1,0,0,2,1,Buy,Buy
4534,2024-12-06 10:30:00-05:00,30m,BABA,86.16500091552734,86.47000122070312,86.0999984741211,86.44000244140625,709896,988268.8,73.68997360601854,0.4141149713839424,0.718322788294035,84.61979522705079,85.17014617919922,86.5681816482544,85.47869696983925,26,73.68997360601854,86.47000122070312,30.37738334042571,84.04000091552734,0,0,0,0,0,0,1,0,0,2,1,Buy,Buy
4535,2024-12-06 11:00:00-05:00,30m,BABA,86.44000244140625,86.44000244140625,86.0250015258789,86.05999755859375,622895,995219.9,65.98810989902135,0.4141782531084711,0.6258868014998494,84.683544921875,85.18070205688477,86.54085662841797,85.4652354313777,25,73.68997360601854,86.47000122070312,30.37738334042571,84.04000091552734,1,0,0,0,0,0,1,0,0,2,1,Buy,Buy
4536,2024-12-06 11:30:00-05:00,30m,BABA,86.06999969482422,86.43000030517578,86.06465148925781,86.41000366210938,622253,1008831.3,69.18295325399261,0.411022859785154,0.6168058029127367,84.76630516052246,85.19390213012696,86.5144316482544,85.45923544076773,24,73.68997360601854,86.47000122070312,30.37738334042571,84.04000091552734,1,0,0,0,0,0,1,0,0,2,1,Buy,Buy
4537,2024-12-06 12:00:00-05:00,30m,BABA,86.40899658203125,86.45999908447266,86.1500015258789,86.2249984741211,382794,997977.8,65.67148603261816,0.4038067668429109,0.383569654555442,84.83480491638184,85.20500213623046,86.48798164367676,85.45377385066105,23,73.68997360601854,86.47000122070312,30.37738334042571,84.04000091552734,1,0,0,0,0,0,1,0,0,2,1,Buy,Buy
4538,2024-12-06 12:30:00-05:00,30m,BABA,86.2300033569336,86.33260345458984,86.16999816894531,86.20999908447266,400146,940084.8,65.38173809950047,0.3865780896144551,0.4256488350838137,84.89855499267578,85.2126220703125,86.46033164978027,85.44888153076172,22,73.68997360601854,86.47000122070312,30.37738334042571,84.04000091552734,1,0,0,0,0,0,1,0,0,2,1,Buy,Buy
4667,2024-12-09 10:30:00-05:00,30m,PEP,160.52999877929688,161.47000122070312,160.35499572753906,161.25999450683594,629520,430514.5,63.238708245119184,0.7522952367556389,1.462250400393018,159.54218444824218,160.18454620361328,160.73469146728516,160.74649681678184,13,63.238708245119184,161.47000122070312,27.037937505547788,157.6999969482422,0,0,0,0,0,0,1,0,0,2,1,Buy,Buy
5147,2024-12-09 10:30:00-05:00,30m,NFLX,910.3200073242188,913.0599975585938,904.5700073242188,908.614990234375,323053,252528.9,35.91431546787257,5.53867995189775,1.2792714022038667,922.9805145263672,915.998203125,882.535252380371,911.2780489408052,13,73.58419435356888,935.27001953125,52.75708483921103,912.7100219726562,1,0,0,2,1,Sell,0,1,0,0,0,0,Sell
5148,2024-12-09 11:00:00-05:00,30m,NFLX,909.0399780273438,910.4000244140624,902.5900268554688,908.1900024414062,268775,268722.4,35.55909630279049,5.700916923804607,1.0001957410323812,922.2100158691406,916.301845703125,882.8953274536133,911.4828181340145,12,73.58419435356888,935.27001953125,35.55909630279049,902.5900268554688,1,0,0,2,1,Sell,0,0,0,0,0,0,Sell
5150,2024-12-09 12:00:00-05:00,30m,NFLX,911.7899780273438,914.0499877929688,911.1199951171876,911.4000244140624,126924,274703.0,40.576408918416334,5.377575642069566,0.4620408222698696,921.1410125732422,916.8244458007812,883.6574285888672,911.9292790339543,10,73.58419435356888,935.27001953125,35.55909630279049,902.5900268554688,1,0,0,2,1,Sell,1,0,0,0,0,0,Sell
5151,2024-12-09 12:30:00-05:00,30m,NFLX,911.0,912.1099853515624,909.6099853515624,910.6824951171876,119401,273927.6,39.82915969626521,5.172034524778882,0.4358852485109204,920.7771362304688,917.0536962890624,884.0383410644531,912.1810866135818,9,73.58419435356888,935.27001953125,35.55909630279049,902.5900268554688,1,0,0,2,1,Sell,1,0,0,0,0,0,Sell
5625,2024-12-09 09:30:00-05:00,30m,FUTU,92.8000030517578,103.25,92.76000213623048,102.91349792480467,4222472,498124.8,89.02798635804977,1.9445994488326304,8.476735147497173,85.41166954040527,86.25928161621094,86.87777965545655,86.31524423452524,15,89.02798635804977,103.25,31.834637992120506,83.1500015258789,0,0,0,0,0,0,1,0,0,2,1,Buy,Buy
5626,2024-12-09 10:00:00-05:00,30m,FUTU,102.83000183105467,104.97000122070312,101.02999877929688,102.88500213623048,1846192,670623.8,88.91126112960568,2.0871282340164603,2.752947330530172,86.25041961669922,86.53456771850585,86.94745468139648,86.54953660231371,14,89.02798635804977,103.25,31.834637992120506,83.1500015258789,1,0,0,0,0,0,1,0,0,2,1,Buy,Buy
5627,2024-12-09 10:30:00-05:00,30m,FUTU,102.97000122070312,104.00499725341795,102.0999984741211,102.1999969482422,758815,739295.6,85.99251256245722,2.074118987250776,1.0264027000837013,87.05191955566406,86.79056762695312,87.01380466461181,86.77347963773288,13,89.02798635804977,103.25,31.834637992120506,83.1500015258789,1,0,0,0,0,0,1,0,0,2,1,Buy,Buy
5628,2024-12-09 11:00:00-05:00,30m,FUTU,102.25,102.83999633789062,101.02999877929688,102.36499786376952,531005,787094.6,86.11078803632061,2.055253170918131,0.674639363552996,87.859419631958,87.06026763916016,87.08337966918945,87.01409501295824,12,89.02798635804977,103.25,31.834637992120506,83.1500015258789,1,0,0,0,0,0,1,0,0,2,1,Buy,Buy
5629,2024-12-09 11:30:00-05:00,30m,FUTU,102.45999908447266,102.54000091552734,101.20999908447266,102.26000213623048,290595,809641.0,85.61538776546548,2.003449503785028,0.3589183354103856,88.66041984558106,87.34546768188477,87.14952968597412,87.25886430006761,11,89.02798635804977,103.25,31.834637992120506,83.1500015258789,1,0,0,0,0,0,1,0,0,2,1,Buy,Buy
5630,2024-12-09 12:00:00-05:00,30m,FUTU,102.13999938964844,103.02999877929688,101.5999984741211,102.37460327148438,205741,825188.7,85.71200883156754,1.9624888467415107,0.249326002646425,89.4646499633789,87.64015975952148,87.21615268707275,87.50924283541165,10,89.02798635804977,103.25,31.834637992120506,83.1500015258789,1,0,0,0,0,0,1,0,0,2,1,Buy,Buy
5631,2024-12-09 12:30:00-05:00,30m,FUTU,102.43180084228516,103.5,102.4000015258789,102.49500274658205,179716,837264.6,85.81977369551355,1.9026965525825188,0.2146466003698233,90.24790000915527,87.93265975952148,87.28425270080567,87.76362750713642,9,89.02798635804977,103.25,31.834637992120506,83.1500015258789,1,0,0,0,0,0,1,0,0,2,1,Buy,Buy
5632,2024-12-09 13:00:00-05:00,30m,FUTU,102.49500274658205,102.74539947509766,100.9000015258789,101.42489624023438,245887,856725.7,80.0413732243064,1.8986037951993924,0.2870078486031177,91.0791446685791,88.20695770263671,87.3462771987915,88.00424123910757,8,89.02798635804977,103.25,31.834637992120506,83.1500015258789,1,0,0,0,0,0,1,0,0,2,1,Buy,Buy
5633,2024-12-09 13:30:00-05:00,30m,FUTU,101.4499969482422,102.33000183105467,101.38999938964844,102.22000122070312,115155,861218.9,81.06170921391812,1.8301322699284537,0.1337116498488363,92.00514488220216,88.49735778808594,87.41137722015381,88.25516427847056,7,89.02798635804977,103.25,31.834637992120506,83.1500015258789,1,0,0,0,0,0,1,0,0,2,1,Buy,Buy
5634,2024-12-09 14:00:00-05:00,30m,FUTU,102.20999908447266,102.30999755859376,100.75,101.02999877929688,162828,855840.6,74.8908010091736,1.8108369334045464,0.1902550545043084,92.85314483642578,88.75915771484375,87.46887722015381,88.48747194730319,6,89.02798635804977,103.25,31.834637992120506,83.1500015258789,1,0,0,0,0,0,1,0,0,2,1,Buy,Buy
5722,2024-12-05 11:00:00-05:00,30m,SCHW,81.52999877929688,81.76000213623047,81.3499984741211,81.7300033569336,425555,400033.5,62.39925404695088,0.3634392914953982,1.0637984068834234,81.10049476623536,81.62157150268554,80.93265525817871,81.75112879826473,38,62.46339352677092,81.69000244140625,27.75505266150553,80.4800033569336,1,1,1,2,1,Sell,1,0,0,0,0,0,Sell
5723,2024-12-05 11:30:00-05:00,30m,SCHW,81.7300033569336,81.80000305175781,81.56999969482422,81.69999694824219,360529,413818.3,61.311793646602034,0.3539081533124122,0.8712253663020703,81.12399978637696,81.60257141113281,80.95335525512695,81.74620572603666,37,62.46339352677092,81.69000244140625,27.75505266150553,80.4800033569336,1,1,1,2,1,Sell,1,0,0,0,0,0,Sell
5724,2024-12-05 12:00:00-05:00,30m,SCHW,81.69999694824219,81.79000091552734,81.61499786376953,81.7300033569336,237823,413392.4,62.02451869712886,0.3411292174870836,0.5752960141502359,81.15099983215332,81.57821151733398,80.97333026885987,81.73866729736328,36,62.46339352677092,81.69000244140625,27.75505266150553,80.4800033569336,1,1,1,2,1,Sell,1,0,0,0,0,0,Sell
5878,2024-12-10 09:30:00-05:00,30m,WMT,94.0500030517578,95.08660125732422,93.7699966430664,94.91999816894533,1749381,902009.5,56.53393978823936,0.3879711023590394,1.939426358591567,94.6359146118164,94.8655731201172,90.73540111541747,94.49602837195764,2,71.04428082797882,95.9800033569336,26.545085005186863,93.7300033569336,1,0,0,0,0,0,1,0,0,2,1,Buy,Buy
5879,2024-12-10 10:00:00-05:00,30m,WMT,94.91000366210938,95.23999786376952,94.77999877929688,95.1364974975586,570343,895784.9,59.67334020797139,0.3931159582242977,0.6366963765520048,94.59973945617676,94.89010299682616,90.78900859832764,94.53205143855168,1,59.67334020797139,95.23999786376952,26.545085005186863,93.7300033569336,0,0,0,0,0,0,1,0,0,2,1,Buy,Buy
5937,2024-12-03 11:30:00-05:00,30m,V,314.885009765625,314.9700012207031,313.4100036621094,313.6099853515625,254010,303927.1,41.3360364181622,1.1815553514160075,0.83575962788445,315.16337432861326,314.54478759765624,,313.82699021559495,63,65.36350983178606,316.8949890136719,41.3360364181622,313.4100036621094,1,0,0,2,1,Sell,0,0,0,0,0,0,Sell
6199,2024-12-05 09:30:00-05:00,30m,MS,129.93499755859375,131.3800048828125,129.4199981689453,131.3300018310547,513832,349198.4,57.0723835717192,0.6394090378700408,1.4714614958144137,130.4155044555664,131.1198095703125,132.6817212677002,131.1486825796274,41,49.03082249467256,130.9600067138672,39.12045041049568,129.7100067138672,0,1,0,0,0,0,1,0,0,2,1,Buy,Buy
6202,2024-12-05 11:00:00-05:00,30m,MS,131.13250732421875,131.6699981689453,131.1199951171875,131.64999389648438,161666,343462.9,59.26290427404531,0.6414598549531688,0.4706942147172227,130.49950408935547,131.13200927734374,132.66812126159667,131.1511439396785,38,59.26290427404531,131.6699981689453,39.12045041049568,129.7100067138672,0,0,0,0,0,0,1,0,0,2,1,Buy,Buy
6203,2024-12-05 11:30:00-05:00,30m,MS,131.6750030517578,131.77000427246094,131.33999633789062,131.55999755859375,233641,349150.3,58.17548860485432,0.6263561463543933,0.6691702685061419,130.5552536010742,131.13400909423828,132.66701972961425,131.1548360971304,37,59.26290427404531,131.6699981689453,39.12045041049568,129.7100067138672,1,0,0,0,0,0,1,0,0,2,1,Buy,Buy
6204,2024-12-05 12:00:00-05:00,30m,MS,131.57000732421875,131.64999389648438,131.1999969482422,131.24000549316406,332152,356750.3,54.35637812208255,0.61375906077495,0.9310489717878304,130.60425415039063,131.12380920410158,132.66266975402831,131.15452857384315,36,59.26290427404531,131.6699981689453,39.12045041049568,129.7100067138672,1,0,0,0,0,0,1,0,0,2,1,Buy,Buy
6205,2024-12-05 12:30:00-05:00,30m,MS,131.22999572753906,131.3199005126953,131.0500030517578,131.25999450683594,320460,362122.5,54.55706795270542,0.5891975179294179,0.8849491539465236,130.6452537536621,131.10680908203125,132.6565697479248,131.14329763559195,35,59.26290427404531,131.6699981689453,39.12045041049568,129.7100067138672,1,0,0,0,0,0,1,0,0,2,1,Buy,Buy
6627,2024-11-27 13:00:00-05:00,30m,ON,69.25,69.95999908447266,69.13600158691406,69.87000274658203,174587,258235.1,44.2361158293856,0.5849413532920476,0.6760777291700469,70.42619018554687,70.56090438842773,,69.8255878155048,93,51.53284704338812,71.4541015625,36.15076916445836,69.14469909667969,1,0,0,0,0,0,1,0,0,2,1,Buy,Buy
6628,2024-11-27 13:30:00-05:00,30m,ON,69.87000274658203,70.47000122070312,69.87000274658203,70.40499877929688,125860,250322.2,50.32700515865437,0.5860168619226938,0.5027920016682499,70.37144012451172,70.5978044128418,,69.89728006216195,92,51.53284704338812,71.4541015625,36.15076916445836,69.14469909667969,1,0,0,0,0,0,1,0,0,2,1,Buy,Buy
6629,2024-11-27 14:00:00-05:00,30m,ON,70.38999938964844,70.45999908447266,70.0250015258789,70.18000030517578,145112,193541.0,47.954689527786925,0.5752297688277691,0.7497739497057471,70.3209400177002,70.62470443725586,,69.96143388014573,91,51.53284704338812,71.4541015625,36.15076916445836,69.14469909667969,1,0,0,0,0,0,1,0,0,2,1,Buy,Buy
6630,2024-11-27 14:30:00-05:00,30m,ON,70.16999816894531,70.58999633789062,70.16999816894531,70.48999786376953,160441,182465.7,51.356862180124,0.5641417974075936,0.8792940262197223,70.28793983459472,70.66450439453125,,70.02743389423077,90,51.53284704338812,71.4541015625,36.15076916445836,69.14469909667969,1,0,0,0,0,0,1,0,0,2,1,Buy,Buy
6631,2024-11-27 15:00:00-05:00,30m,ON,70.5,70.61000061035156,70.31999969482422,70.33499908447266,187511,170953.0,49.610621500717,0.5445603058447187,1.0968570308798324,70.26018981933593,70.69510437011719,,70.0872800386869,89,51.53284704338812,71.4541015625,36.15076916445836,69.14469909667969,1,0,0,0,0,0,1,0,0,2,1,Buy,Buy
6632,2024-11-27 15:30:00-05:00,30m,ON,70.33999633789062,70.48999786376953,70.05999755859375,70.36000061035156,659832,208725.0,49.90649763617354,0.5363774486540803,3.1612504491555877,70.23268966674804,70.72850433349609,,70.1337416428786,88,51.53284704338812,71.4541015625,36.15076916445836,69.14469909667969,1,0,0,0,0,0,1,0,0,2,1,Buy,Buy
6633,2024-11-29 09:30:00-05:00,30m,ON,70.91999816894531,71.51000213623047,70.5999984741211,71.27999877929688,278118,215778.8,59.36242011733286,0.5802077398844251,1.2889032657517792,70.25174942016602,70.77840423583984,,70.19781858004056,87,51.53284704338812,71.4541015625,36.15076916445836,69.14469909667969,0,0,0,0,0,0,1,0,0,2,1,Buy,Buy
6634,2024-11-29 10:00:00-05:00,30m,ON,71.27999877929688,71.9000015258789,71.08999633789062,71.7699966430664,230651,222886.7,63.33247087064877,0.5966218433204149,1.0348351875639057,70.28174934387206,70.84140411376953,,70.27412625826322,86,51.53284704338812,71.4541015625,36.15076916445836,69.14469909667969,0,1,0,0,0,0,1,0,0,2,1,Buy,Buy
6635,2024-11-29 10:30:00-05:00,30m,ON,71.73999786376953,71.98999786376953,71.69000244140625,71.91000366210938,164499,226720.4,64.40257756440192,0.5754342418234769,0.7255588822179213,70.3169994354248,70.9010041809082,,70.3444340632512,85,51.53284704338812,71.4541015625,36.15076916445836,69.14469909667969,0,1,0,0,0,0,1,0,0,2,1,Buy,Buy
6636,2024-11-29 11:00:00-05:00,30m,ON,71.92500305175781,72.52999877929688,71.92500305175781,72.44999694824219,252293,237890.4,68.25112631770475,0.5786171614923357,1.060543006359231,70.40599937438965,70.96880416870117,,70.41804938683143,84,68.25112631770475,72.52999877929688,36.15076916445836,69.14469909667969,0,0,0,0,0,0,1,0,0,2,1,Buy,Buy
6637,2024-11-29 11:30:00-05:00,30m,ON,72.4800033569336,72.4800033569336,71.69000244140625,71.83000183105469,169551,237386.8,60.20322260547628,0.5937160010662649,0.7142393764101458,70.47599945068359,71.01840423583984,,70.48289560171274,83,68.25112631770475,72.52999877929688,36.15076916445836,69.14469909667969,1,0,0,0,0,0,1,0,0,2,1,Buy,Buy
7167,2024-12-05 13:30:00-05:00,30m,GME,26.18000030517578,30.739999771118164,26.15180015563965,28.380699157714844,10254886,1586551.4,63.910208823677,0.6622235390045051,6.4636330093055925,27.0763201713562,27.431945991516116,28.09401407241821,28.18197382413424,33,48.86251838808853,27.453399658203125,31.95852407781871,26.15010070800781,0,1,0,0,0,0,1,0,0,2,1,Buy,Buy
7168,2024-12-05 14:00:00-05:00,30m,GME,28.40999984741211,30.25,28.36000061035156,29.395000457763672,8275811,2331648.4,70.75730542891125,0.7499218140505003,3.54933917137764,27.171070194244383,27.44064399719238,28.109665079116823,28.161127677330605,32,48.86251838808853,27.453399658203125,31.95852407781871,26.15010070800781,0,1,0,0,0,0,1,0,0,2,1,Buy,Buy
7169,2024-12-05 14:30:00-05:00,30m,GME,29.3700008392334,30.8700008392334,29.1299991607666,30.354999542236328,7288586,2965446.5,75.49589826202325,0.82064180436595,2.457837630859299,27.311305141448976,27.465443992614745,28.127290077209476,28.151512292715218,31,75.49589826202325,30.8700008392334,31.95852407781871,26.15010070800781,0,0,0,0,0,0,1,0,0,2,1,Buy,Buy
7170,2024-12-05 15:00:00-05:00,30m,GME,30.3700008392334,30.790000915527344,28.799999237060547,28.83309936523437,4821442,3387252.0,59.13590015735529,0.9041675096588676,1.4234081196202704,27.385460090637206,27.467505989074706,28.136705074310303,28.115944583599383,30,75.49589826202325,30.8700008392334,31.95852407781871,26.15010070800781,1,0,0,0,0,0,1,0,0,2,1,Buy,Buy
7171,2024-12-05 15:30:00-05:00,30m,GME,28.850000381469727,29.09000015258789,28.309999465942383,28.604999542236328,3635443,3666690.3,57.13740158396421,0.895298450872199,0.99147806401866,27.443420028686525,27.45640598297119,28.143730068206786,28.07762148930476,29,75.49589826202325,30.8700008392334,31.95852407781871,26.15010070800781,1,0,0,0,0,0,1,0,0,2,1,Buy,Buy
7172,2024-12-06 09:30:00-05:00,30m,GME,29.1200008392334,29.299999237060547,28.170000076293945,28.479999542236328,3897635,3968183.2,56.020110482908926,0.9120627872932277,0.982221536545994,27.491320037841795,27.45420398712158,28.150780067443847,28.04008301955003,28,75.49589826202325,30.8700008392334,31.95852407781871,26.15010070800781,1,0,0,0,0,0,1,0,0,2,1,Buy,Buy
7173,2024-12-06 10:00:00-05:00,30m,GME,28.46999931335449,28.530000686645508,28.11000061035156,28.34910011291504,1370669,4062939.5,54.81138125571008,0.8769154507932788,0.3373589491056906,27.552845001220703,27.45918800354004,28.15372556686401,28.00037686274602,27,75.49589826202325,30.8700008392334,31.95852407781871,26.15010070800781,1,0,0,0,0,0,1,0,0,2,1,Buy,Buy
7174,2024-12-06 10:30:00-05:00,30m,GME,28.350000381469727,28.920000076293945,28.203399658203125,28.84499931335449,1118543,4138814.4,58.46744724758703,0.8654643770288175,0.2702568638980284,27.63609495162964,27.475851974487306,28.163013067245483,27.9639153113732,26,75.49589826202325,30.8700008392334,31.95852407781871,26.15010070800781,1,0,0,0,0,0,1,0,0,2,1,Buy,Buy
7175,2024-12-06 11:00:00-05:00,30m,GME,28.858400344848636,28.8799991607666,28.34499931335449,28.600000381469727,741723,4180482.2,56.05448358598953,0.8418597677704812,0.1774252262095506,27.70859498977661,27.50257999420166,28.17016306877136,27.92040763268104,25,75.49589826202325,30.8700008392334,31.95852407781871,26.15010070800781,1,0,0,0,0,0,1,0,0,2,1,Buy,Buy
7277,2024-12-04 15:00:00-05:00,30m,ZM,83.61000061035156,83.63999938964844,83.31999969482422,83.36000061035156,189785,157990.5,50.65770564980085,0.4768621275590825,1.2012431127188028,83.14731979370117,83.40936614990234,83.00270835876465,83.51658923809345,43,61.07075443634967,83.95999908447266,50.65770564980085,83.31999969482422,1,0,0,2,1,Sell,0,0,0,0,0,0,Sell
7360,2024-12-02 09:30:00-05:00,30m,SBUX,102.0,102.1999969482422,100.73999786376952,100.83999633789062,559224,375735.1,41.222356612013726,0.4593327389330728,1.4883464440772236,101.60851974487304,101.64187774658204,,101.4921643770658,80,66.65659835650962,102.5,51.63902295988781,101.2699966430664,1,0,0,2,1,Sell,0,1,0,0,0,0,Sell
7361,2024-12-02 10:00:00-05:00,30m,SBUX,100.9000015258789,100.90499877929688,99.87000274658205,100.0,571804,412183.7,33.98184948813642,0.5004515456317707,1.387255245658671,101.51651992797852,101.60317779541016,,101.4937028151292,79,66.65659835650962,102.5,33.98184948813642,99.87000274658205,1,0,0,2,1,Sell,0,0,0,0,0,0,Sell
7362,2024-12-02 10:30:00-05:00,30m,SBUX,100.00499725341795,100.60990142822266,99.9800033569336,100.44000244140624,540543,394938.3,39.93341835476379,0.5096977260358629,1.3686770819644487,101.45601997375488,101.5723777770996,,101.49985668475811,78,66.65659835650962,102.5,33.98184948813642,99.87000274658205,1,0,0,2,1,Sell,1,0,0,0,0,0,Sell
7363,2024-12-02 11:00:00-05:00,30m,SBUX,100.4561996459961,100.69000244140624,100.25,100.34500122070312,416749,393753.6,39.113531502368,0.504719491419462,1.0584004819257526,101.41327018737792,101.52927780151369,,101.50662595308744,77,66.65659835650962,102.5,33.98184948813642,99.87000274658205,1,0,0,2,1,Sell,1,0,0,0,0,0,Sell
7364,2024-12-02 11:30:00-05:00,30m,SBUX,100.3499984741211,100.91000366210938,100.22000122070312,100.87999725341795,265822,399356.6,45.85537744011717,0.5179539878470897,0.6656256588722961,101.39389991760254,101.4964778137207,,101.5198013305664,76,66.65659835650962,102.5,33.98184948813642,99.87000274658205,1,0,0,2,1,Sell,1,0,0,0,0,0,Sell
7365,2024-12-02 12:00:00-05:00,30m,SBUX,100.89620208740234,101.12000274658205,100.87999725341795,100.94000244140624,218534,403425.1,46.56998280991383,0.4981005239411591,0.541696587544999,101.37415008544922,101.46431579589844,,101.53318598820611,75,66.65659835650962,102.5,33.98184948813642,99.87000274658205,1,0,0,2,1,Sell,1,0,0,0,0,0,Sell
7480,2024-12-02 09:30:00-05:00,30m,NKE,77.91500091552734,78.38999938964844,77.19999694824219,77.56890106201172,1221161,785570.5,34.8621007061663,0.4368215530773157,1.5544893806475677,78.65475540161133,78.57585220336914,,78.05941408597506,80,64.20513372207682,79.1500015258789,34.8621007061663,77.19999694824219,1,0,0,2,1,Sell,0,0,0,0,0,0,Sell
7481,2024-12-02 10:00:00-05:00,30m,NKE,77.56999969482422,78.02999877929688,77.27999877929688,78.02999877929688,714815,820089.5,43.17599458219843,0.4591914421432217,0.8716304744787002,78.61175537109375,78.59305221557617,,78.10479865440955,79,64.20513372207682,79.1500015258789,34.8621007061663,77.19999694824219,1,0,0,2,1,Sell,1,0,0,0,0,0,Sell
7506,2024-12-04 09:30:00-05:00,30m,NKE,77.66999816894531,77.7300033569336,77.0999984741211,77.55500030517578,3915747,865133.9,34.21239705739593,0.44806223291315,4.526174503160725,78.75458526611328,78.61863830566406,76.72837741851806,78.60623251108022,54,53.86847161637411,79.05999755859375,34.21239705739593,77.0999984741211,1,0,0,2,1,Sell,0,0,0,0,0,0,Sell
7906,2024-12-09 10:00:00-05:00,30m,DOCS,55.0,55.2400016784668,53.52999877929688,53.90999984741211,181585,134602.2,30.086893339305615,0.6001964968827994,1.349049272597327,55.83757019042969,54.82275215148925,51.93193056106568,54.47608930147612,14,74.56714209030284,56.442501068115234,66.86049736913316,56.06999969482422,1,0,0,2,1,Sell,0,1,0,0,0,0,Sell
7907,2024-12-09 10:30:00-05:00,30m,DOCS,53.97999954223633,54.2599983215332,53.63999938964844,53.95000076293945,122195,140908.1,30.79401527086746,0.6016109565257971,0.8671964209296698,55.7785701751709,54.82435218811035,51.938555564880375,54.490396998478815,13,74.56714209030284,56.442501068115234,66.86049736913316,56.06999969482422,1,0,0,2,1,Sell,0,1,0,0,0,0,Sell
7908,2024-12-09 11:00:00-05:00,30m,DOCS,53.84000015258789,53.845001220703125,53.02000045776367,53.58290100097656,122804,146148.7,27.99552865546956,0.6250673385722246,0.840267480997094,55.69564514160156,54.82111022949218,51.94557006835937,54.49877700805664,12,74.56714209030284,56.442501068115234,27.99552865546956,53.02000045776367,1,0,0,2,1,Sell,0,0,0,0,0,0,Sell
7909,2024-12-09 11:30:00-05:00,30m,DOCS,53.560001373291016,53.88999938964844,53.505001068115234,53.77000045776367,54110,144024.7,31.41650171483556,0.607919551640866,0.3756994459978045,55.61514511108398,54.80551025390625,51.95477006912231,54.51093086829552,11,74.56714209030284,56.442501068115234,27.99552865546956,53.02000045776367,1,0,0,2,1,Sell,1,0,0,0,0,0,Sell
8193,2024-11-29 09:30:00-05:00,30m,AI,37.77999877929688,39.32659912109375,37.34999847412109,38.67499923706055,2411459,414012.3,71.2791449704252,0.6500489630828621,5.824607143314341,36.29660549163818,37.268414154052735,,36.773867797851565,87,71.2791449704252,39.32659912109375,34.57184192435234,35.40999984741211,0,0,0,0,0,0,1,0,0,2,1,Buy,Buy
8194,2024-11-29 10:00:00-05:00,30m,AI,38.650001525878906,38.72999954223633,37.709999084472656,37.862300872802734,764988,467529.1,60.95878559202542,0.6764740698457771,1.6362361187784888,36.33672046661377,37.29296020507813,,36.85228782066932,86,71.2791449704252,39.32659912109375,34.57184192435234,35.40999984741211,1,0,0,0,0,0,1,0,0,2,1,Buy,Buy
8195,2024-11-29 10:30:00-05:00,30m,AI,37.84999847412109,38.33000183105469,37.7400016784668,38.09000015258789,422723,486173.6,62.59297526137769,0.6702973614702137,0.8694898283246972,36.3972204208374,37.31996620178223,,36.92059549184946,85,71.2791449704252,39.32659912109375,34.57184192435234,35.40999984741211,1,0,0,0,0,0,1,0,0,2,1,Buy,Buy
8196,2024-11-29 11:00:00-05:00,30m,AI,38.09000015258789,38.119998931884766,37.369998931884766,37.65999984741211,554613,526307.9,57.68258877551656,0.6759904070794842,1.0537804961696375,36.45247039794922,37.32725219726562,,36.96044164804312,84,71.2791449704252,39.32659912109375,34.57184192435234,35.40999984741211,1,0,0,0,0,0,1,0,0,2,1,Buy,Buy
8839,2024-12-05 09:30:00-05:00,30m,DG,80.16500091552734,80.79499816894531,76.16999816894531,77.31999969482422,3147717,639867.5,33.23183728945017,0.7909546652600687,4.919326266766166,79.41367416381836,78.29820755004883,76.3078309249878,77.6115720308744,41,57.92431701986417,79.62999725341797,53.31030070298712,78.86499786376953,1,0,0,2,1,Sell,0,1,0,0,0,0,Sell
8840,2024-12-05 10:00:00-05:00,30m,DG,77.31999969482422,77.31999969482422,75.3499984741211,75.8949966430664,1370415,744259.1,25.72024832648063,0.8751722763631442,1.84131440247086,79.24242401123047,78.29370742797852,76.3163558959961,77.6243411724384,40,57.92431701986417,79.62999725341797,25.72024832648063,75.3499984741211,1,0,0,2,1,Sell,0,0,0,0,0,0,Sell
8841,2024-12-05 10:30:00-05:00,30m,DG,75.7699966430664,77.02999877929688,75.62999725341797,77.01000213623047,747072,780552.8,37.60461004098905,0.9126600798999844,0.9571062969731196,79.1029239654541,78.31150741577149,76.33264789581298,77.65841815655048,39,57.92431701986417,79.62999725341797,25.72024832648063,75.3499984741211,1,0,0,2,1,Sell,1,0,0,0,0,0,Sell
8900,2024-11-27 09:30:00-05:00,30m,SOUN,7.539999961853027,7.78000020980835,7.381199836730957,7.775000095367432,6728824,2357466.8,47.54437154251934,0.1870619116057471,2.854260344196576,7.880030012130737,7.811014022827148,,7.511632332435021,100,47.54437154251934,7.78000020980835,45.88529993953197,7.78000020980835,0,0,0,0,0,0,1,1,1,2,1,Buy,Buy
8901,2024-11-27 10:00:00-05:00,30m,SOUN,7.78000020980835,7.809999942779541,7.599999904632568,7.641499996185303,2737948,2433802.7,41.99242785879213,0.1887003492158346,1.124967114220064,7.854105019569397,7.819844026565551,,7.528732329148513,99,47.54437154251934,7.78000020980835,45.88529993953197,7.78000020980835,1,0,0,0,0,0,0,1,0,2,1,Buy,Buy
8910,2024-11-27 14:30:00-05:00,30m,SOUN,7.620100021362305,7.75,7.590000152587891,7.730000019073486,1713226,1836328.6,53.09223238145408,0.1607432503655445,0.932962651673562,7.627675008773804,7.898420038223267,,7.668564642392672,90,47.54437154251934,7.78000020980835,31.892319987796483,7.300000190734863,0,0,0,0,0,0,1,0,0,2,1,Buy,Buy
8911,2024-11-27 15:00:00-05:00,30m,SOUN,7.735000133514404,7.860000133514404,7.71999979019165,7.815000057220459,3109478,1873481.6,56.55384681573655,0.1592616141482024,1.6597323400453998,7.620675015449524,7.907920036315918,,7.690026180560772,89,47.54437154251934,7.78000020980835,31.892319987796483,7.300000190734863,0,1,0,0,0,0,1,0,0,2,1,Buy,Buy
8912,2024-11-27 15:30:00-05:00,30m,SOUN,7.815000057220459,7.889999866485596,7.769999980926514,7.880000114440918,3025023,1976050.6,59.04294458486653,0.1564572049632652,1.530842884286465,7.621925020217896,7.913020038604737,,7.71210310275738,88,47.54437154251934,7.78000020980835,31.892319987796483,7.300000190734863,0,1,0,0,0,0,1,0,0,2,1,Buy,Buy
9771,2024-12-02 15:00:00-05:00,30m,CELH,28.899999618530277,28.905000686645508,28.549999237060547,28.56399917602539,277741,245395.8,45.01744036398068,0.3468934710172399,1.131808286857395,28.93218994140625,28.52748401641845,,28.86786610529973,69,66.95332401846314,29.770000457763672,47.26079992948348,28.26499938964844,1,0,0,2,1,Sell,0,0,0,0,0,0,Sell
10069,2024-12-09 11:30:00-05:00,30m,TWLO,109.97000122070312,110.40989685058594,109.41999816894533,109.6050033569336,128142,222860.9,37.79548063756433,0.9454094089807086,0.5749864601641652,111.7166305541992,110.33103622436523,103.58387992858889,109.31004462608924,11,76.29222977775402,113.56999969482422,37.33334237579661,109.62999725341795,1,0,0,2,0,0,1,1,1,2,1,Buy,Buy
10070,2024-12-09 12:00:00-05:00,30m,TWLO,109.61000061035156,110.25,109.52999877929688,110.15499877929688,107153,224209.7,42.89970512163525,0.9293088241037384,0.4779142026415449,111.6908805847168,110.4016862487793,103.64502990722656,109.37812147874098,10,76.29222977775402,113.56999969482422,37.33334237579661,109.62999725341795,1,0,0,2,0,0,1,0,0,2,1,Buy,Buy
10071,2024-12-09 12:30:00-05:00,30m,TWLO,110.12999725341795,110.38700103759766,109.8000030517578,109.81999969482422,100495,218153.0,40.70859995575936,0.9048580499420316,0.4606629292285689,111.6658805847168,110.46648620605468,103.7064799118042,109.44242917574368,9,76.29222977775402,113.56999969482422,37.33334237579661,109.62999725341795,1,0,0,2,0,0,1,0,0,2,1,Buy,Buy
10072,2024-12-09 13:00:00-05:00,30m,TWLO,109.79499816894533,110.12000274658205,109.68000030517578,110.01000213623048,77710,206646.2,42.5023393078621,0.8716540779037614,0.3760533704466861,111.60838050842284,110.53468627929688,103.76752990722656,109.50596771240234,8,76.29222977775402,113.56999969482422,37.33334237579661,109.62999725341795,1,0,0,2,0,0,1,0,0,2,1,Buy,Buy
10073,2024-12-09 13:30:00-05:00,30m,TWLO,110.04000091552734,110.20249938964844,109.95999908447266,110.1050033569336,74398,199793.9,43.42396552813466,0.8267145227089057,0.3723737311299294,111.559130859375,110.59998641967772,103.82807991027832,109.57496772179236,7,76.29222977775402,113.56999969482422,37.33334237579661,109.62999725341795,1,0,0,0,0,0,1,0,0,2,1,Buy,Buy
10074,2024-12-09 14:00:00-05:00,30m,TWLO,110.11499786376952,110.1500015258789,109.7699966430664,110.1050033569336,94253,156805.6,43.42396552813466,0.7948066912877338,0.6010818491176335,111.48588104248049,110.66061645507811,103.8902049255371,109.64535240760216,6,76.29222977775402,113.56999969482422,37.33334237579661,109.62999725341795,1,0,0,0,0,0,1,0,0,2,1,Buy,Buy
10075,2024-12-09 14:30:00-05:00,30m,TWLO,110.11499786376952,110.37999725341795,109.9001007080078,110.09500122070312,92152,144692.1,43.33914169406908,0.7723131094393354,0.6368834234902941,111.38700103759766,110.71651641845703,103.95507991790772,109.7148909348708,5,76.29222977775402,113.56999969482422,37.33334237579661,109.62999725341795,1,0,0,0,0,0,1,0,0,2,1,Buy,Buy
10077,2024-12-09 15:30:00-05:00,30m,TWLO,109.7300033569336,110.4000015258789,109.5,110.20999908447266,412702,154094.4,45.7289514629723,0.7656932922594148,2.6782413896935906,111.1447509765625,110.7277165222168,104.08745494842528,109.85781402587892,3,76.29222977775402,113.56999969482422,40.2493478324632,109.63500213623048,1,0,0,0,0,0,1,0,0,2,1,Buy,Buy
10078,2024-12-10 09:30:00-05:00,30m,TWLO,110.1999969482422,112.30999755859376,109.96499633789062,111.76499938964844,186077,138935.8,58.88406167784368,0.8785010014339656,1.3393020373438669,111.10400085449218,110.76341644287108,104.1634549331665,109.94839712289664,2,76.29222977775402,113.56999969482422,40.2493478324632,109.63500213623048,1,0,0,0,0,0,1,0,0,2,1,Buy,Buy
10079,2024-12-10 10:00:00-05:00,30m,TWLO,111.77999877929688,112.33260345458984,111.2699966430664,111.2699966430664,84150,134536.6,54.36635232291594,0.8916514164403564,0.6254803525583372,111.03500061035156,110.7952163696289,104.23300491333008,110.02410477858324,1,76.29222977775402,113.56999969482422,40.2493478324632,109.63500213623048,1,0,0,0,0,0,1,0,0,2,1,Buy,Buy
10336,2024-11-26 14:00:00-05:00,30m,CGC,3.974999904632568,3.9800000190734863,3.940000057220459,3.950000047683716,82121,293814.7,43.71306387569536,0.0594536399677123,0.27949928985854,4.057559990882874,3.98451199054718,,3.9431907580449033,104,0.0,0.0,43.24907958433452,3.950000047683716,0,1,0,0,0,0,1,1,1,2,1,Buy,Buy
10337,2024-11-26 14:30:00-05:00,30m,CGC,3.944999933242798,4.050000190734863,3.944999933242798,3.994999885559082,676443,261100.7,48.92792849763698,0.0627069697908804,2.59073606466777,4.048309993743897,3.989411988258362,,3.945575372989361,103,48.92792849763698,4.050000190734863,43.24907958433452,3.950000047683716,0,0,0,0,0,0,1,0,0,2,1,Buy,Buy
10339,2024-11-26 15:30:00-05:00,30m,CGC,3.944999933242798,3.9700000286102295,3.934999942779541,3.950000047683716,598578,318420.7,44.640040806180096,0.0618682466276798,1.879833817336624,4.03280999660492,3.9930119848251344,,3.948949219630314,101,48.92792849763698,4.050000190734863,43.24907958433452,3.950000047683716,1,0,0,0,0,0,1,1,1,2,1,Buy,Buy
10340,2024-11-27 09:30:00-05:00,30m,CGC,3.950000047683716,4.010000228881836,3.940000057220459,3.9565000534057617,340780,318458.1,45.45206343826708,0.062449098415801,1.070093679513883,4.023884987831115,3.992531986236573,,3.951279988655677,100,48.92792849763698,4.050000190734863,43.24907958433452,3.950000047683716,1,0,0,0,0,0,1,0,0,2,1,Buy,Buy
10399,2024-12-05 09:30:00-05:00,30m,CGC,3.7899999618530273,3.859999895095825,3.7100000381469727,3.799999952316284,1574906,512873.6,65.89279154959927,0.0702594273553182,3.07074881608256,3.565725016593933,3.692546000480652,3.836632494926453,3.7459861571972186,41,65.89279154959927,3.859999895095825,45.55229477512151,3.559999942779541,0,0,0,0,0,0,1,0,0,2,1,Buy,Buy
11063,2024-11-27 11:00:00-05:00,30m,LULU,318.7850036621094,319.4599914550781,318.0199890136719,318.3299865722656,54459,81004.7,41.90386757133026,1.938377832639562,0.672294323662701,321.05501556396484,321.27515380859376,,318.1166583721454,97,50.37830364772288,322.85211181640625,41.20606694444077,318.3999938964844,1,0,0,0,0,0,1,1,1,2,1,Buy,Buy
11064,2024-11-27 11:30:00-05:00,30m,LULU,318.32000732421875,318.639892578125,317.8900146484375,318.3900146484375,64665,83675.7,42.159491744422745,1.8534849824287003,0.772805007905521,320.5692657470703,321.33435424804685,,318.32604323167067,96,50.37830364772288,322.85211181640625,41.20606694444077,318.3999938964844,1,0,0,0,0,0,1,1,1,2,1,Buy,Buy
11070,2024-11-27 14:30:00-05:00,30m,LULU,318.989990234375,320.0599975585937,318.8099975585937,319.57000732421875,56048,56706.8,49.895288608577474,1.6283328395489314,0.9883823456798831,319.1160171508789,321.668955078125,,319.5488896296574,90,50.37830364772288,322.85211181640625,36.61839097396653,316.5199890136719,1,0,0,0,0,0,1,0,0,2,1,Buy,Buy
11074,2024-11-29 10:00:00-05:00,30m,LULU,319.2900085449219,322.4100036621094,318.4700012207031,321.4200134277344,111467,78017.2,57.69609873557158,1.7701467839743796,1.4287490450823666,319.03525390625,321.3599554443359,,320.278813288762,86,50.37830364772288,322.85211181640625,36.61839097396653,316.5199890136719,0,0,0,0,0,0,1,0,0,2,1,Buy,Buy
11075,2024-11-29 10:30:00-05:00,30m,LULU,321.614990234375,324.1499938964844,321.3800048828125,322.8699951171875,106069,85135.3,62.52919511558667,1.8415640860956293,1.245887428598948,319.1837539672852,321.3536071777344,,320.4615825946514,85,62.52919511558667,324.1499938964844,36.61839097396653,316.5199890136719,0,0,0,0,0,0,1,0,0,2,1,Buy,Buy
11076,2024-11-29 11:00:00-05:00,30m,LULU,323.0,323.0,321.4200134277344,322.2973937988281,87219,88028.2,59.63186527624017,1.822879977964915,0.9908074912357632,319.32762298583987,321.348955078125,,320.6187715970553,84,62.52919511558667,324.1499938964844,36.61839097396653,316.5199890136719,1,0,0,0,0,0,1,0,0,2,1,Buy,Buy
11077,2024-11-29 11:30:00-05:00,30m,LULU,322.32000732421875,322.4598999023437,321.5599975585937,322.010009765625,51124,88571.9,58.1749113892062,1.756953004092421,0.5772033794013678,319.4916229248047,321.34795532226565,,320.78338716947115,83,62.52919511558667,324.1499938964844,36.61839097396653,316.5199890136719,1,0,0,0,0,0,1,0,0,2,1,Buy,Buy
11466,2024-12-04 09:30:00-05:00,30m,DOCU,82.23999786376953,83.38990020751953,82.12960052490234,82.84500122070312,313706,147789.5,74.93377541655703,0.6416236791756825,2.1226541804390706,79.9900951385498,80.73231628417969,81.03102439880371,81.8089341383714,54,49.55575669838351,81.79000091552734,30.800467966466883,79.16000366210938,0,1,0,0,0,0,1,0,0,2,1,Buy,Buy
11467,2024-12-04 10:00:00-05:00,30m,DOCU,82.88999938964844,83.11000061035156,82.5999984741211,83.0250015258789,205211,161915.9,75.78863815220981,0.6322221403938816,1.2673925167324518,80.11534538269044,80.69141632080078,81.04204940795898,81.76770336444561,53,75.78863815220981,83.11000061035156,30.800467966466883,79.16000366210938,0,0,0,0,0,0,1,0,0,2,1,Buy,Buy
11625,2024-12-09 09:30:00-05:00,30m,APP,370.0,379.8999938964844,350.0201110839844,353.6010131835937,3635129,955953.8,26.46906433774437,9.86277287088784,3.8026199592490766,397.9092102050781,385.0899890136719,334.87125091552736,375.666069148137,15,70.75650366021523,414.0700073242188,46.48078379560249,378.6499938964844,1,0,0,2,1,Sell,0,1,0,0,0,0,Sell
11626,2024-12-09 10:00:00-05:00,30m,APP,353.989990234375,358.8500061035156,338.0,340.010009765625,2233099,1109750.7,22.826152746731523,10.64757524464697,2.0122528420121744,395.3092102050781,384.5697894287109,335.13090103149415,375.6562232384315,14,70.75650366021523,414.0700073242188,46.48078379560249,378.6499938964844,1,0,0,2,1,Sell,0,1,0,0,0,0,Sell
11627,2024-12-09 10:30:00-05:00,30m,APP,339.8800048828125,344.6400146484375,332.3500061035156,340.0000915527344,2028634,1247500.1,22.823684080496832,10.76489190895232,1.626159388684618,392.7322143554687,383.9648913574219,335.3775015258789,375.6531475360577,13,70.75650366021523,414.0700073242188,22.823684080496832,332.3500061035156,1,0,0,2,1,Sell,0,0,0,0,0,0,Sell
11865,2024-12-09 09:30:00-05:00,30m,RKLB,24.940000534057617,25.0,22.34000015258789,23.01000022888184,7782056,1610391.2,33.59837525286345,0.5750572818761535,4.832400971888073,24.33055477142334,23.67965385437012,22.642404432296757,23.81936445969802,15,65.31217690537704,24.989999771118164,50.26568951905938,23.43000030517578,1,0,0,2,1,Sell,0,1,0,0,0,0,Sell
11866,2024-12-09 10:00:00-05:00,30m,RKLB,23.020000457763672,23.169099807739254,22.020000457763672,22.120100021362305,4237667,1909236.6,27.010272884263244,0.6160602867403987,2.2195609491249013,24.25055980682373,23.6587198638916,22.662929935455324,23.773673688448397,14,65.31217690537704,24.989999771118164,27.010272884263244,22.020000457763672,1,0,0,2,1,Sell,0,0,0,0,0,0,Sell
11867,2024-12-09 10:30:00-05:00,30m,RKLB,22.1299991607666,22.31999969482422,21.8700008392334,22.18000030517578,3407648,2170558.9,28.033204224676,0.6041987559440002,1.569940350386253,24.18029985427857,23.63711986541748,22.683144435882568,23.730596777109,13,65.31217690537704,24.989999771118164,27.010272884263244,22.020000457763672,1,0,0,2,1,Sell,1,0,0,0,0,0,Sell
11868,2024-12-09 11:00:00-05:00,30m,RKLB,22.173599243164062,22.45499992370605,21.989999771118164,22.45499992370605,1445182,2255955.2,32.69667399695757,0.5942559985614209,0.6406075794412938,24.096649837493896,23.62191986083984,22.70559443473816,23.70093524639423,12,65.31217690537704,24.989999771118164,27.010272884263244,22.020000457763672,1,0,0,2,1,Sell,1,0,0,0,0,0,Sell
11920,2024-12-02 09:30:00-05:00,30m,SQ,92.44000244140624,95.9499969482422,92.37999725341795,94.62000274658205,4635608,927623.6,79.61171805887771,1.0675691642512857,4.997294161123111,89.23550033569336,89.99440826416016,,90.7575663639949,80,79.61171805887771,95.9499969482422,38.707769556289215,88.73100280761719,0,0,0,0,0,0,1,0,0,2,1,Buy,Buy
11921,2024-12-02 10:00:00-05:00,30m,SQ,94.62000274658205,95.25,93.16000366210938,93.2699966430664,1604893,1047950.1,68.54591358562232,1.1405996766540956,1.5314593700597003,89.4470001220703,89.9911082458496,,90.75636174128606,79,79.61171805887771,95.9499969482422,38.707769556289215,88.73100280761719,1,0,0,0,0,0,1,0,0,2,1,Buy,Buy
11922,2024-12-02 10:30:00-05:00,30m,SQ,93.2300033569336,94.1990966796875,92.87000274658205,92.91010284423828,1204197,1083855.1,65.915541802664,1.154063552114908,1.1110313546524806,89.6355052947998,89.99381027221679,,90.74559408334584,78,79.61171805887771,95.9499969482422,38.707769556289215,88.73100280761719,1,0,0,0,0,0,1,0,0,2,1,Buy,Buy
11923,2024-12-02 11:00:00-05:00,30m,SQ,92.91000366210938,93.1500015258789,92.0,92.97000122070312,1264552,1115402.7,66.14837263481263,1.1537734073837649,1.133717893994698,89.83200531005859,90.00801025390625,,90.73813253549427,77,79.61171805887771,95.9499969482422,38.707769556289215,88.73100280761719,1,0,0,0,0,0,1,0,0,2,1,Buy,Buy
11924,2024-12-02 11:30:00-05:00,30m,SQ,92.9800033569336,93.81999969482422,92.83000183105467,93.29000091552734,646188,1126107.9,67.42846559733087,1.1420751542684624,0.5738242312304177,90.04950523376465,90.07057022094726,,90.73813253549427,76,79.61171805887771,95.9499969482422,38.707769556289215,88.73100280761719,1,0,0,0,0,0,1,0,0,2,1,Buy,Buy
11925,2024-12-02 12:00:00-05:00,30m,SQ,93.29000091552734,93.5,92.95999908447266,93.1449966430664,411269,1122509.8,66.20672230285457,1.0990698515012396,0.366383438255951,90.2922550201416,90.13007019042968,,90.74497868464545,75,79.61171805887771,95.9499969482422,38.707769556289215,88.73100280761719,1,0,0,0,0,0,1,0,0,2,1,Buy,Buy
11926,2024-12-02 12:30:00-05:00,30m,SQ,93.1614990234375,93.55999755859376,92.9000015258789,93.27999877929688,586100,1132159.7,66.80968792054416,1.06770743587364,0.5176831501774882,90.5137550354004,90.1786701965332,,90.75482482910157,74,79.61171805887771,95.9499969482422,38.707769556289215,88.73100280761719,1,0,0,0,0,0,1,0,0,2,1,Buy,Buy
11927,2024-12-02 13:00:00-05:00,30m,SQ,93.2750015258789,93.45999908447266,92.88999938964844,93.08499908447266,358251,1131351.3,65.0054654881078,1.0321568829415386,0.3166576111239718,90.72800483703614,90.2177702331543,,90.77285707913911,73,79.61171805887771,95.9499969482422,38.707769556289215,88.73100280761719,1,0,0,0,0,0,1,0,0,2,1,Buy,Buy
11928,2024-12-02 13:30:00-05:00,30m,SQ,93.08000183105467,93.33000183105467,93.02999877929688,93.13500213623048,238510,1115817.2,65.2645081832684,0.9798601807141296,0.2137536506875857,90.9290050506592,90.26227020263671,,90.77201092059796,72,79.61171805887771,95.9499969482422,38.707769556289215,88.73100280761719,1,0,0,0,0,0,1,0,0,2,1,Buy,Buy
11929,2024-12-02 14:00:00-05:00,30m,SQ,93.12359619140624,93.6500015258789,93.01000213623048,93.49500274658205,323549,1127311.7,67.14989021559902,0.9555844099237232,0.2870093515395964,91.1507553100586,90.3143702697754,,90.77554638202372,71,79.61171805887771,95.9499969482422,38.707769556289215,88.73100280761719,1,0,0,0,0,0,1,0,0,2,1,Buy,Buy
11986,2024-12-09 10:00:00-05:00,30m,SQ,97.0,97.41999816894533,95.22000122070312,95.37000274658205,769642,693854.2,37.3263817557133,1.0148835991012457,1.109227269936537,97.42180519104004,96.4101399230957,91.4382636642456,95.56529834453876,14,63.63865301955382,98.69000244140624,46.14773975470457,95.54750061035156,1,0,0,2,1,Sell,0,1,0,0,0,0,Sell
11987,2024-12-09 10:30:00-05:00,30m,SQ,95.36000061035156,95.58000183105467,94.5500030517578,94.94000244140624,718057,733801.9,35.246615234584695,1.0159632548295048,0.978543391615639,97.31630516052246,96.474640045166,91.49281368255616,95.59652756911058,13,63.63865301955382,98.69000244140624,35.246615234584695,94.5500030517578,1,0,0,2,1,Sell,0,0,0,0,0,0,Sell
11988,2024-12-09 11:00:00-05:00,30m,SQ,95.19000244140624,95.62999725341795,94.4000015258789,95.62000274658205,602511,738722.6,40.85858624054302,1.0312512885944731,0.8156119766743295,97.22480545043943,96.54544815063475,91.55076370239256,95.63729682335487,12,63.63865301955382,98.69000244140624,35.246615234584695,94.5500030517578,1,0,0,2,1,Sell,1,0,0,0,0,0,Sell
12587,2024-12-09 10:30:00-05:00,30m,JPM,246.19500732421875,246.4900054931641,244.8800048828125,245.0749969482422,397872,347407.2,41.76286069269168,0.9431154020997916,1.1452612381090548,246.23765563964844,245.37044219970704,246.0393154144287,245.6583742581881,13,61.81528035116224,247.7400054931641,41.76286069269168,244.8800048828125,1,0,0,2,1,Sell,0,0,0,0,0,0,Sell
12618,2024-11-26 15:00:00-05:00,30m,ASAN,15.30500030517578,15.395000457763672,15.300000190734863,15.380000114440918,57113,66569.4,43.989407541769786,0.1204108641319372,0.8579467442999337,15.587499952316284,15.393523921966551,,15.037244591346154,102,47.53989162623037,15.550000190734863,42.81310581060952,15.395000457763672,1,0,0,0,0,0,1,1,1,2,1,Buy,Buy
12619,2024-11-26 15:30:00-05:00,30m,ASAN,15.385000228881836,15.4399995803833,15.329999923706056,15.43000030517578,265821,83138.2,46.893060393425024,0.1196672064566021,3.197338888741878,15.56749997138977,15.416523933410645,,15.06278305053711,101,46.893060393425024,15.4399995803833,42.81310581060952,15.395000457763672,0,0,0,0,0,0,1,0,0,2,1,Buy,Buy
12620,2024-11-27 09:30:00-05:00,30m,ASAN,15.399999618530272,15.399999618530272,15.199999809265137,15.255000114440918,98269,86041.1,39.227901723912176,0.1275481557033194,1.1421169650318277,15.5375,15.432823944091798,,15.084479977534368,100,46.893060393425024,15.4399995803833,42.81310581060952,15.395000457763672,1,0,0,0,0,0,0,1,0,2,1,Buy,Buy
13127,2024-12-02 13:00:00-05:00,30m,IONQ,32.900001525878906,33.0,32.0,32.0260009765625,1391795,2362213.4,42.48679851743734,1.0961980103035371,0.5891910527643269,33.86015043258667,32.08292404174804,,32.08575542156513,73,77.37798641927165,36.7599983215332,42.48679851743734,32.0,1,0,0,2,1,Sell,0,0,0,0,0,0,Sell
13130,2024-12-02 14:30:00-05:00,30m,IONQ,31.940000534057617,32.21500015258789,31.91010093688965,32.19710159301758,738788,1553844.1,44.336100547142514,0.9669673706630008,0.4754582522146204,34.06554174423218,32.10756862640381,,32.113866629967326,70,77.37798641927165,36.7599983215332,42.48679851743734,32.0,1,0,0,0,0,0,1,0,0,2,1,Buy,Buy
13131,2024-12-02 15:00:00-05:00,30m,IONQ,32.19499969482422,32.43000030517578,32.0,32.29499816894531,1132840,1342169.2,45.11095474142308,0.9286125802710564,0.8440366535009148,34.11879167556763,32.12746860504151,,32.13032813439003,69,77.37798641927165,36.7599983215332,42.48679851743734,32.0,1,0,0,0,0,0,1,0,0,2,1,Buy,Buy
13132,2024-12-02 15:30:00-05:00,30m,IONQ,32.290000915527344,32.29999923706055,31.895000457763672,32.25,1762836,1388046.0,44.80223947417858,0.8912115944871865,1.2700126652863089,34.119291591644284,32.15626861572266,,32.14194350609412,68,77.37798641927165,36.7599983215332,42.48679851743734,32.0,1,0,0,0,0,0,1,0,0,2,1,Buy,Buy
13134,2024-12-03 10:00:00-05:00,30m,IONQ,32.099998474121094,33.290000915527344,31.71500015258789,32.37009811401367,2587041,2060725.7,46.214099426516405,1.0049732462448409,1.2554028903507148,33.741191387176514,32.199228553771974,,32.15452654911922,66,77.37798641927165,36.7599983215332,42.48679851743734,32.0,1,0,0,0,0,0,1,0,0,2,1,Buy,Buy
13135,2024-12-03 10:30:00-05:00,30m,IONQ,32.37990188598633,32.88999938964844,31.8799991607666,32.470001220703125,1267055,1904254.2,47.15178133368269,1.0053323164331975,0.6653812290396944,33.56236639022827,32.23292858123779,,32.1600650200477,65,77.37798641927165,36.7599983215332,42.48679851743734,32.0,1,0,0,0,0,0,1,0,0,2,1,Buy,Buy
13136,2024-12-03 11:00:00-05:00,30m,IONQ,32.4900016784668,32.9900016784668,32.439998626708984,32.86009979248047,971277,1863038.0,50.76148916139865,0.9728087975278128,0.5213404128096153,33.41006135940552,32.273130569458004,,32.16545119652381,64,77.37798641927165,36.7599983215332,42.48679851743734,32.0,1,0,0,0,0,0,1,0,0,2,1,Buy,Buy
13137,2024-12-03 11:30:00-05:00,30m,IONQ,32.839500427246094,33.06999969482422,32.5,32.619998931884766,741770,1798035.5,48.56286964086053,0.9440367187632706,0.4125446911365209,33.22656126022339,32.28953056335449,,32.166681935237,63,77.37798641927165,36.7599983215332,42.48679851743734,32.0,1,0,0,0,0,0,1,0,0,2,1,Buy,Buy
13138,2024-12-03 12:00:00-05:00,30m,IONQ,32.63990020751953,32.869998931884766,32.5099983215332,32.650001525878906,482812,1706052.6,48.86093962265587,0.90231985387672,0.2829994807897482,33.03856134414673,32.333630599975585,,32.17975889352652,62,77.37798641927165,36.7599983215332,42.48679851743734,32.0,1,0,0,0,0,0,1,0,0,2,1,Buy,Buy
13139,2024-12-03 12:30:00-05:00,30m,IONQ,32.65599822998047,33.2244987487793,32.630001068115234,33.2244987487793,570830,1678729.9,54.31959040135158,0.8803325557901015,0.3400368337991716,32.86378622055054,32.3903205871582,,32.18286963242751,61,54.31959040135158,33.2244987487793,42.48679851743734,32.0,0,1,0,0,0,0,1,0,0,2,1,Buy,Buy
13140,2024-12-03 13:00:00-05:00,30m,IONQ,33.220001220703125,33.68000030517578,32.25,32.34000015258789,1432508,1748101.9,46.15163183670074,0.9195945378890784,0.819464814951577,32.794286251068115,32.4073205947876,,32.168708067673904,60,54.31959040135158,33.2244987487793,42.48679851743734,32.0,1,0,0,0,0,0,1,0,0,2,1,Buy,Buy
13592,2024-11-27 15:30:00-05:00,30m,LUNR,14.255000114440918,14.5,14.199999809265137,14.449999809265137,986566,587790.1,56.73304324591239,0.3285063160041693,1.6784324880599384,14.056325006484986,14.543771934509277,,14.299283027648926,88,55.33811727752395,14.739999771118164,38.609345646318,13.620100021362305,0,0,0,0,0,0,1,0,0,2,1,Buy,Buy
13593,2024-11-29 09:30:00-05:00,30m,LUNR,14.510000228881836,15.68000030517578,14.5,15.679400444030762,3919620,903392.8,73.1380714711733,0.3928987574260604,4.338777107809582,14.13479504585266,14.562557945251465,,14.355504578810471,87,55.33811727752395,14.739999771118164,38.609345646318,13.620100021362305,0,1,0,0,0,0,1,0,0,2,1,Buy,Buy
13594,2024-11-29 10:00:00-05:00,30m,LUNR,15.68000030517578,16.40999984741211,15.591300010681152,15.96500015258789,4805853,1322606.6,75.4653556130987,0.423313120233553,3.633622424082868,14.224045038223268,14.577157955169678,,14.419152274498572,86,55.33811727752395,14.739999771118164,38.609345646318,13.620100021362305,0,1,0,0,0,0,1,0,0,2,1,Buy,Buy
13595,2024-11-29 10:30:00-05:00,30m,LUNR,15.96500015258789,16.969999313354492,15.901399612426758,16.764999389648438,3312183,1609921.5,80.54895812930701,0.469405018854566,2.0573568338580484,14.358529996871948,14.602657947540283,,14.491927645756649,85,80.54895812930701,16.969999313354492,38.609345646318,13.620100021362305,0,0,0,0,0,0,1,0,0,2,1,Buy,Buy
13596,2024-11-29 11:00:00-05:00,30m,LUNR,16.770000457763672,17.139999389648438,16.219999313354492,16.2450008392334,2774641,1821095.1,70.34595147118286,0.5015903801002359,1.5236112600599496,14.47261004447937,14.620757961273194,,14.54088765657865,84,80.54895812930701,16.969999313354492,38.609345646318,13.620100021362305,1,0,0,0,0,0,1,0,0,2,1,Buy,Buy
13986,2024-12-04 09:30:00-05:00,30m,CRM,364.6799926757813,368.7000122070313,357.5899963378906,360.3599853515625,8486522,1359894.3,91.68660346893026,4.184085198061043,6.240574727021063,331.87124786376955,332.13289428710937,333.9060711669922,334.2811359112079,54,45.66117471792019,332.5,29.90665667646067,328.1199951171875,0,1,0,0,0,0,1,0,0,2,1,Buy,Buy
13987,2024-12-04 10:00:00-05:00,30m,CRM,360.3599853515625,364.05999755859375,358.1499938964844,360.9999084472656,2523561,1579066.6,91.84563269237978,4.307365088350209,1.598134619527764,333.3527435302734,332.5080926513672,334.0055207824707,334.5757746769832,53,45.66117471792019,332.5,29.90665667646067,328.1199951171875,0,1,0,0,0,0,1,0,0,2,1,Buy,Buy
13988,2024-12-04 10:30:00-05:00,30m,CRM,360.8500061035156,362.3670043945313,359.8500061035156,360.989990234375,1455100,1694744.3,91.81631642781298,4.179481745683453,0.8585956005280561,334.8202423095703,332.8710925292969,334.1181707763672,334.87415912334734,52,45.66117471792019,332.5,29.90665667646067,328.1199951171875,0,1,0,0,0,0,1,0,0,2,1,Buy,Buy
13989,2024-12-04 11:00:00-05:00,30m,CRM,360.8900146484375,362.4100036621094,359.29998779296875,361.7000122070313,841835,1738497.6,92.01286248234958,4.103091325930394,0.4842313270953034,336.3264923095703,333.2414929199219,334.2370707702637,335.1738516000601,51,92.01286248234958,362.4100036621094,29.90665667646067,328.1199951171875,0,0,0,0,0,0,1,0,0,2,1,Buy,Buy
14313,2024-11-29 09:30:00-05:00,30m,APLD,9.90999984741211,10.210000038146973,9.779000282287598,10.085000038146973,3421907,724546.6,60.02709162038451,0.2467496702097906,4.722825281355265,9.693504905700683,9.973045921325683,,9.801498413085938,87,43.98044481435309,9.670000076293944,38.70191462211523,9.449999809265137,0,1,0,0,0,0,1,0,0,2,1,Buy,Buy
14314,2024-11-29 10:00:00-05:00,30m,APLD,10.085000038146973,10.520000457763672,10.080499649047852,10.359999656677246,2071915,890034.0,66.20128472609402,0.260517608674507,2.327905450803003,9.718004894256593,9.985891914367675,,9.826729172926685,86,43.98044481435309,9.670000076293944,38.70191462211523,9.449999809265137,0,1,0,0,0,0,1,0,0,2,1,Buy,Buy
14315,2024-11-29 10:30:00-05:00,30m,APLD,10.355600357055664,10.585000038146973,10.270000457763672,10.4399995803833,1532986,1005416.9,67.76131814403307,0.264409178082278,1.524726707895998,9.746504878997802,10.000311908721924,,9.853036865821252,85,67.76131814403307,10.585000038146973,38.70191462211523,9.449999809265137,0,0,0,0,0,0,1,0,0,2,1,Buy,Buy
14346,2024-12-04 09:30:00-05:00,30m,APLD,9.800000190734863,10.4399995803833,9.690899848937988,10.188799858093262,4655694,954100.7,66.50324482939932,0.2214094249392109,4.879667313942858,9.6198299407959,9.775129947662354,8.784015984535218,9.88364149240347,54,66.50324482939932,10.4399995803833,36.03813569857728,9.420000076293944,0,0,0,0,0,0,1,0,0,2,1,Buy,Buy
14673,2024-11-29 09:30:00-05:00,30m,AMSC,33.0,34.70000076293945,32.790000915527344,34.06940078735352,149244,65781.4,57.26284751667292,0.7111661729792443,2.268787225568322,33.20791454315186,33.982151947021485,,33.97823228102464,87,43.061420252995575,32.869998931884766,38.98183955178429,32.310001373291016,0,1,0,0,0,0,1,0,0,2,1,Buy,Buy
