,Datetime,Interval,Ticker,Combined_Signals_65,bu_signal,be_signal,Close_SMA65_Diff_Percent,vol_vs_avrg_vol,RSI,Open,High,Low,Close,Volume,Avg_Volume_10,ATR,SMA_20,SMA_50,SMA_200,SMA_65,desc_number,rsi_peak_rsi_value,rsi_peak_high_value,rsi_bottom_rsi_value,rsi_bottom_low_value,be_current_rsi_less_than_peak,be_current_price_close_above_rsi_peak,be_pre_signal_1,be_pre_signal_last_10,be_close_below_SMA65,bu_current_rsi_more_than_bottom,bu_current_price_close_below_rsi_bottom,bu_pre_signal_1,bu_pre_signal_last_13,bu_close_above_SMA65,SMA_65_trend_diff,SMA_65_trend
71,12/12:00,30m,ARHS,Buy,Buy,0,0.62,0.31,48.01,10.95,11.04,10.93,11.03,21015,68671.0,0.15,11.12,11.04,10.41,10.97,3,63.81,11.39,37.46,10.85,1,0,0,0,0,1,0,0,2,1,0.0034615296583897,Up
72,12/12:30,30m,ARHS,Buy,Buy,0,0.29,0.25,46.73,11.03,11.05,11.0,11.0,15951,63016.6,0.14,11.11,11.04,10.42,10.97,2,63.81,11.39,37.46,10.85,1,0,0,0,0,1,0,0,2,1,0.0024830744816721,Up
73,12/13:00,30m,ARHS,Buy,Buy,0,0.52,0.08,48.0,11.0,11.03,11.0,11.03,4347,55562.3,0.14,11.1,11.05,10.43,10.97,1,63.81,11.39,37.46,10.85,1,0,0,0,0,1,0,0,2,1,0.0032307698176463,Up
84,12/09:30,30m,ARI,Buy,Buy,0,0.57,1.19,47.62,9.25,9.29,9.21,9.26,50138,42042.6,0.04,9.28,9.24,9.2,9.2,8,62.02,9.39,46.33,9.25,1,0,0,0,0,1,0,0,2,1,0.0012307680570167,Up
85,12/10:00,30m,ARI,Buy,Buy,0,0.48,1.02,46.48,9.25,9.26,9.2,9.25,44061,42995.4,0.04,9.28,9.24,9.21,9.21,7,62.02,9.39,46.33,9.25,1,0,0,0,0,1,1,1,2,1,0.0027692354642443,Up
86,12/10:30,30m,ARI,Buy,Buy,0,1.2,0.69,60.6,9.26,9.34,9.25,9.32,30278,43907.6,0.05,9.28,9.25,9.21,9.21,6,60.6,9.34,46.33,9.25,0,0,0,0,0,1,0,0,2,1,0.0036923041710483,Up
87,12/11:00,30m,ARI,Buy,Buy,0,1.06,0.54,58.24,9.32,9.34,9.31,9.31,23748,43750.3,0.04,9.29,9.25,9.21,9.21,5,60.6,9.34,46.33,9.25,1,0,0,0,0,1,0,0,2,1,0.0033692433283878,Up
88,12/11:30,30m,ARI,Buy,Buy,0,0.7,0.43,51.72,9.31,9.32,9.28,9.28,18967,43939.1,0.04,9.28,9.25,9.21,9.22,4,60.6,9.34,46.33,9.25,1,0,0,0,0,1,0,0,2,1,0.0028461456298813,Up
89,12/12:00,30m,ARI,Buy,Buy,0,0.66,0.9,51.74,9.28,9.3,9.26,9.28,42274,46952.6,0.04,9.28,9.26,9.21,9.22,3,60.6,9.34,46.33,9.25,1,0,0,0,0,1,0,0,2,1,0.003399995657114,Up
90,12/12:30,30m,ARI,Buy,Buy,0,0.09,0.68,42.53,9.28,9.28,9.23,9.23,31789,46831.5,0.04,9.28,9.26,9.21,9.22,2,60.6,9.34,42.53,9.23,1,0,0,0,0,0,1,0,2,1,0.002307686438927,Up
91,12/13:00,30m,ARI,Buy,Buy,0,0.54,1.56,50.97,9.23,9.27,9.23,9.27,81019,51816.8,0.04,9.28,9.27,9.21,9.22,1,60.6,9.34,42.53,9.23,1,0,0,0,0,1,0,0,2,1,0.0034615296583933,Up
137,12/13:00,30m,BE,Sell,0,Sell,-1.52,0.04,52.35,25.27,25.27,25.17,25.17,18509,489663.4,0.5,24.86,25.32,25.8,25.55,1,53.51,25.13,52.35,25.17,1,1,1,2,1,0,1,0,0,0,-0.016461533766531,Down
159,12/09:30,30m,BURL,Sell,0,Sell,-1.12,1.26,34.84,295.43,296.48,289.76,289.84,52884,42075.1,1.92,295.29,293.56,287.08,293.11,8,63.57,298.31,34.84,289.76,1,0,0,2,1,0,0,0,0,0,-0.011999981219958,Down
160,12/10:00,30m,BURL,Sell,0,Sell,-0.94,1.64,36.89,290.06,291.66,289.25,290.39,73064,44543.0,1.96,295.12,293.56,287.18,293.13,7,63.57,298.31,34.84,289.76,1,0,0,2,1,1,0,0,0,0,0.0160771296574466,Up
161,12/10:30,30m,BURL,Sell,0,Sell,-0.69,1.01,39.64,290.4,291.12,288.4,291.12,47959,47324.1,2.01,294.99,293.55,287.29,293.14,6,63.57,298.31,34.84,289.76,1,0,0,2,1,1,0,0,0,0,0.0108459472656363,Up
162,12/11:00,30m,BURL,Sell,0,Sell,-0.15,0.74,45.23,291.06,292.76,290.91,292.72,36561,49159.0,2.0,294.9,293.58,287.4,293.17,5,63.57,298.31,34.84,289.76,1,0,0,2,1,1,0,0,0,0,0.0344613882211319,Up
163,12/11:30,30m,BURL,Sell,0,Sell,-0.55,0.67,42.2,292.52,292.96,291.57,291.57,33078,49630.1,1.96,294.79,293.58,287.5,293.18,4,63.57,298.31,34.84,289.76,1,0,0,2,1,1,0,0,0,0,0.0106924203726066,Up
164,12/12:00,30m,BURL,Sell,0,Sell,-0.2,1.1,45.76,291.31,293.11,291.3,292.61,58503,53321.7,1.95,294.81,293.59,287.61,293.19,3,63.57,298.31,34.84,289.76,1,0,0,2,1,1,0,0,0,0,0.0087688739483269,Up
228,12/09:30,30m,CVI,Sell,0,Sell,-0.58,1.22,38.33,19.64,19.71,19.01,19.06,93246,76278.7,0.24,19.61,19.36,19.06,19.17,8,63.41,20.08,44.9,19.25,1,0,0,2,1,0,1,0,0,0,0.0086153763991134,Up
229,12/10:00,30m,CVI,Sell,0,Sell,-0.67,0.75,38.24,19.06,19.15,18.98,19.06,59164,78809.2,0.24,19.57,19.37,19.06,19.18,7,63.41,20.08,44.9,19.25,1,0,0,2,1,0,1,0,0,0,0.0117692213792075,Up
230,12/10:30,30m,CVI,Sell,0,Sell,-0.92,0.75,37.46,19.05,19.17,18.99,19.01,61361,82277.1,0.23,19.54,19.38,19.06,19.19,6,63.41,20.08,44.9,19.25,1,0,0,2,1,0,1,0,0,0,0.008064592801606,Up
231,12/11:00,30m,CVI,Sell,0,Sell,-1.35,0.53,35.97,19.01,19.04,18.89,18.94,44177,83692.5,0.23,19.5,19.39,19.06,19.2,5,63.41,20.08,44.9,19.25,1,0,0,2,1,0,1,0,0,0,0.0064615396352962,Up
232,12/11:30,30m,CVI,Sell,0,Sell,-1.8,0.46,34.4,18.94,19.01,18.82,18.86,39223,84575.2,0.23,19.45,19.4,19.06,19.21,4,63.41,20.08,34.4,18.82,1,0,0,2,1,0,0,0,0,0,0.0067692389854983,Up
233,12/12:00,30m,CVI,Sell,0,Sell,-0.8,0.59,41.29,18.85,19.08,18.85,19.06,51153,86009.1,0.23,19.42,19.41,19.06,19.21,3,63.41,20.08,34.4,18.82,1,0,0,2,1,1,0,0,0,0,0.008769226074218,Up
234,12/12:30,30m,CVI,Sell,0,Sell,-1.45,0.33,38.67,19.05,19.06,18.91,18.94,28399,84800.7,0.22,19.39,19.42,19.06,19.22,2,63.41,20.08,34.4,18.82,1,0,0,2,1,1,0,0,0,0,0.0053846212533805,Up
235,12/09:30,30m,DAN,Sell,0,Sell,-0.64,0.52,40.22,12.91,12.97,12.75,12.75,53011,101223.3,0.13,12.98,12.89,10.74,12.83,8,54.54,13.04,42.44,12.78,1,0,0,2,1,0,1,0,0,0,-0.0014230728149424,Down
236,12/10:00,30m,DAN,Sell,0,Sell,-1.16,0.62,37.74,12.76,12.8,12.68,12.68,61489,98593.2,0.13,12.97,12.89,10.77,12.83,7,54.54,13.04,42.44,12.78,1,0,0,2,1,0,1,0,0,0,-0.0013846177321195,Down
237,12/10:30,30m,DAN,Sell,0,Sell,-1.0,0.67,38.94,12.69,12.7,12.6,12.7,66887,99628.5,0.13,12.94,12.9,10.79,12.83,6,54.54,13.04,42.44,12.78,1,0,0,2,1,0,1,0,0,0,-0.0006153840285083,Down
238,12/11:00,30m,DAN,Sell,0,Sell,-1.13,0.34,38.15,12.7,12.7,12.61,12.68,33913,99792.5,0.12,12.92,12.91,10.82,12.82,5,54.54,13.04,42.44,12.78,1,0,0,2,1,0,1,0,0,0,-0.0033076946552004,Down
239,12/11:30,30m,DAN,Sell,0,Sell,-1.47,0.3,36.36,12.69,12.69,12.63,12.64,29698,99441.8,0.12,12.9,12.92,10.84,12.82,4,54.54,13.04,36.36,12.63,1,0,0,2,1,0,0,0,0,0,-0.0004615343534002,Down
240,12/12:00,30m,DAN,Sell,0,Sell,-1.43,0.3,36.71,12.64,12.69,12.62,12.64,29825,99440.1,0.12,12.87,12.93,10.86,12.82,3,54.54,13.04,36.36,12.63,1,0,0,2,1,1,0,0,0,0,-0.0008461438692535,Down
241,12/12:30,30m,DAN,Sell,0,Sell,-1.34,1.68,37.47,12.65,12.68,12.62,12.65,189776,113174.6,0.11,12.85,12.93,10.89,12.82,2,54.54,13.04,36.36,12.63,1,0,0,2,1,1,0,0,0,0,-0.001307692894569,Down
242,12/13:00,30m,DAN,Sell,0,Sell,-1.4,0.05,36.99,12.65,12.65,12.62,12.64,4740,104235.8,0.11,12.84,12.94,10.91,12.82,1,54.54,13.04,36.36,12.63,1,0,0,2,1,1,0,0,0,0,-0.0028461456298849,Down
259,12/13:00,30m,EFC,Buy,Buy,0,0.4,0.01,52.7,12.35,12.35,12.34,12.34,365,35962.6,0.03,12.33,12.32,12.35,12.29,1,63.41,12.36,52.7,12.34,1,0,0,2,0,1,1,1,2,1,0.0030061575082651,Up
297,12/12:00,30m,EVRI,Sell,0,Sell,-0.02,0.82,48.45,13.48,13.48,13.47,13.47,29847,36424.6,0.01,13.47,13.47,13.44,13.47,3,68.72,13.5,49.77,13.47,1,0,0,2,1,0,0,0,0,0,-3.692920391351606e-05,Down
298,12/12:30,30m,EVRI,Sell,0,Sell,-0.04,0.62,46.44,13.47,13.48,13.47,13.47,21248,34402.9,0.01,13.47,13.47,13.44,13.47,2,68.72,13.5,49.77,13.47,1,0,0,2,1,0,1,0,0,0,-7.692483755405988e-05,Down
299,12/13:00,30m,EVRI,Sell,0,Sell,-0.04,0.0,46.44,13.47,13.47,13.47,13.47,0,30452.4,0.01,13.47,13.47,13.44,13.47,1,68.72,13.5,49.77,13.47,1,0,0,2,1,0,1,0,0,0,-1.5405508193566677e-06,Down
366,12/10:30,30m,GATO,Sell,0,Sell,-0.38,0.42,38.49,16.14,16.17,16.07,16.1,14477,34718.3,0.21,16.54,16.36,15.89,16.16,6,66.04,16.96,54.58,16.56,1,0,0,2,1,0,1,0,0,0,0.0095384744497444,Up
367,12/11:00,30m,GATO,Sell,0,Sell,-0.99,0.4,36.47,16.07,16.16,15.99,16.01,13512,33412.1,0.2,16.52,16.38,15.89,16.17,5,66.04,16.96,54.58,16.56,1,0,0,2,1,0,1,0,0,0,0.0086153910710251,Up
368,12/11:30,30m,GATO,Sell,0,Sell,-1.07,0.44,36.35,16.0,16.03,15.97,16.0,13688,31223.4,0.19,16.51,16.4,15.88,16.18,4,66.04,16.96,36.35,15.97,1,0,0,2,1,0,0,0,0,0,0.0082307522113502,Up
369,12/12:00,30m,GATO,Sell,0,Sell,-0.91,0.5,37.82,16.01,16.1,16.01,16.04,15372,30580.2,0.19,16.51,16.41,15.88,16.19,3,66.04,16.96,36.35,15.97,1,0,0,2,1,1,0,0,0,0,0.0094615496121939,Up
370,12/12:30,30m,GATO,Sell,0,Sell,-1.02,0.16,37.56,16.06,16.06,16.01,16.03,4672,29391.0,0.18,16.5,16.43,15.88,16.2,2,66.04,16.96,36.35,15.97,1,0,0,2,1,1,0,0,0,0,0.0078461573674104,Up
371,12/13:00,30m,GATO,Sell,0,Sell,-1.01,0.07,38.03,16.06,16.06,16.04,16.04,1952,27629.8,0.17,16.46,16.45,15.88,16.2,1,66.04,16.96,36.35,15.97,1,0,0,2,1,1,0,0,0,0,0.0081538567176231,Up
377,12/12:00,30m,GEL,Sell,0,Sell,-0.14,0.39,48.84,11.13,11.15,11.04,11.04,12878,32848.1,0.09,11.05,10.99,11.46,11.06,3,65.29,11.19,52.54,11.04,1,0,0,2,1,0,1,0,0,0,-0.005538456256577,Down
378,12/12:30,30m,GEL,Sell,0,Sell,-0.35,0.08,46.74,11.07,11.07,11.01,11.01,2453,29054.8,0.09,11.06,10.99,11.45,11.05,2,65.29,11.19,46.74,11.01,1,0,0,2,1,0,1,0,0,0,-0.0063507666954603,Down
379,12/13:00,30m,GEL,Sell,0,Sell,-0.29,0.0,46.74,11.01,11.01,11.01,11.01,0,24647.6,0.08,11.07,10.99,11.45,11.04,1,65.29,11.19,46.74,11.01,1,0,0,2,1,0,1,0,0,0,-0.0066446157602175,Down
411,12/09:30,30m,HTZ,Sell,0,Sell,-6.31,1.95,34.84,4.4,4.46,4.32,4.32,429798,220229.4,0.08,4.46,4.61,4.43,4.62,8,49.58,4.51,36.02,4.36,1,0,0,2,1,0,1,0,0,0,-0.0032307698176454,Down
412,12/10:00,30m,HTZ,Sell,0,Sell,-5.84,1.05,37.13,4.33,4.39,4.32,4.34,244809,233861.6,0.08,4.45,4.6,4.44,4.61,7,49.58,4.51,36.02,4.36,1,0,0,2,1,1,1,1,2,0,-0.0017692345839277,Down
413,12/10:30,30m,HTZ,Sell,0,Sell,-6.34,0.84,35.45,4.34,4.38,4.32,4.32,189581,224401.2,0.08,4.44,4.59,4.44,4.61,6,49.58,4.51,36.02,4.36,1,0,0,2,1,0,1,0,2,0,-0.0025400015024041,Down
414,12/11:00,30m,HTZ,Sell,0,Sell,-5.9,0.9,37.29,4.32,4.34,4.3,4.34,201608,223182.8,0.07,4.43,4.59,4.44,4.61,5,49.58,4.51,36.02,4.36,1,0,0,2,1,1,1,1,2,0,-0.0052307715782751,Down
415,12/11:30,30m,HTZ,Sell,0,Sell,-7.42,2.0,32.35,4.34,4.35,4.26,4.26,515607,258131.4,0.07,4.42,4.58,4.44,4.6,4,49.58,4.51,36.02,4.36,1,0,0,2,1,0,1,0,2,0,-0.0053076890798706,Down
416,12/12:00,30m,HTZ,Sell,0,Sell,-7.64,2.4,31.45,4.26,4.29,4.19,4.24,791306,330009.6,0.08,4.4,4.57,4.44,4.6,3,49.58,4.51,36.02,4.36,1,0,0,2,1,0,1,0,2,0,-0.0054615387549779,Down
417,12/12:30,30m,HTZ,Sell,0,Sell,-7.83,0.37,30.54,4.24,4.25,4.22,4.23,120634,327489.7,0.07,4.39,4.56,4.44,4.59,2,49.58,4.51,36.02,4.36,1,0,0,2,1,0,1,0,2,0,-0.0065384644728441,Down
418,12/13:00,30m,HTZ,Sell,0,Sell,-7.84,0.07,30.23,4.23,4.24,4.22,4.22,20874,321011.0,0.07,4.38,4.55,4.44,4.58,1,49.58,4.51,30.23,4.22,1,0,0,2,1,0,0,0,2,0,-0.0051538467407219,Down
419,12/12:30,30m,IAG,Sell,0,Sell,-0.02,0.75,38.27,5.63,5.63,5.59,5.62,407404,546614.5,0.06,5.78,5.67,5.56,5.62,2,73.2,5.92,38.27,5.59,1,0,0,2,1,0,0,0,0,0,0.0005215351398168,Up
420,12/13:00,30m,IAG,Sell,0,Sell,-0.02,0.11,38.43,5.62,5.63,5.61,5.62,60130,533977.9,0.06,5.77,5.67,5.56,5.62,1,73.2,5.92,38.27,5.59,1,0,0,2,1,1,0,0,0,0,0.0010260728689344,Up
582,12/10:00,30m,MYGN,Buy,Buy,0,0.17,0.53,55.22,14.61,15.23,14.6,15.18,55821,104866.0,0.25,15.0,14.94,15.62,15.15,7,49.77,15.15,33.0,14.5,0,1,0,0,0,1,0,0,2,1,-0.0176153769859901,Down
583,12/11:00,30m,MYGN,Buy,Buy,0,0.05,0.28,53.6,15.12,15.13,15.05,15.12,30576,107776.8,0.23,14.98,14.95,15.62,15.11,5,49.77,15.15,33.0,14.5,0,0,0,0,0,1,0,0,2,1,-0.0187292392437257,Down
584,12/11:30,30m,MYGN,Buy,Buy,0,0.07,0.59,53.12,15.11,15.16,15.02,15.1,48195,82220.0,0.23,14.97,14.97,15.62,15.09,4,49.77,15.15,33.0,14.5,0,0,0,0,0,1,0,0,2,1,-0.0179230910081145,Down
585,12/12:00,30m,MYGN,Buy,Buy,0,0.93,0.34,56.35,15.1,15.22,15.08,15.22,28349,83349.2,0.22,14.96,14.98,15.63,15.08,3,49.77,15.15,33.0,14.5,0,1,0,0,0,1,0,0,2,1,-0.0141538326556869,Down
586,12/12:30,30m,MYGN,Buy,Buy,0,1.95,0.79,59.96,15.24,15.44,15.23,15.36,68772,87597.7,0.22,14.96,15.0,15.63,15.07,2,59.96,15.44,33.0,14.5,0,0,0,0,0,1,0,0,2,1,-0.0133846136239874,Down
587,12/13:00,30m,MYGN,Buy,Buy,0,0.59,0.05,52.59,15.35,15.35,15.14,15.14,4574,84274.3,0.22,14.97,15.01,15.63,15.05,1,59.96,15.44,33.0,14.5,1,0,0,0,0,1,0,0,2,1,-0.0148461415217457,Down
599,12/09:30,30m,NOG,Sell,0,Sell,-0.14,0.71,47.73,41.23,41.24,40.67,40.82,36443,50993.8,0.27,40.87,40.74,42.07,40.88,8,59.92,41.4,49.16,40.8,1,0,0,2,1,0,0,0,0,0,-0.0210769066443745,Down
600,12/10:00,30m,NOG,Sell,0,Sell,-0.85,0.82,41.71,40.81,40.82,40.46,40.51,43171,52524.2,0.28,40.86,40.75,42.07,40.86,7,59.92,41.4,41.71,40.46,1,0,0,2,1,0,0,0,0,0,-0.0195384685809756,Down
601,12/10:30,30m,NOG,Sell,0,Sell,-0.57,0.54,44.16,40.5,40.72,40.5,40.61,29334,54079.0,0.27,40.85,40.77,42.07,40.84,6,59.92,41.4,41.71,40.46,1,0,0,2,1,1,0,0,0,0,-0.0164615337665239,Down
602,12/11:00,30m,NOG,Sell,0,Sell,-0.66,1.28,43.09,40.65,40.68,40.48,40.56,77089,60016.6,0.27,40.83,40.78,42.07,40.82,5,59.92,41.4,41.71,40.46,1,0,0,2,1,1,0,0,0,0,-0.0173076923076962,Down
603,12/11:30,30m,NOG,Sell,0,Sell,-0.56,0.48,43.75,40.56,40.61,40.45,40.58,29433,60766.8,0.26,40.82,40.8,42.06,40.81,4,59.92,41.4,41.71,40.46,1,0,0,2,1,1,0,0,0,0,-0.0163076547475995,Down
633,12/10:00,30m,ON,Sell,0,Sell,-0.07,0.79,45.01,67.05,67.09,66.5,66.86,250882,317200.9,0.56,67.22,67.17,68.72,66.9,7,64.18,68.44,38.86,66.2,1,0,0,2,1,1,0,0,0,0,0.0242308396559423,Up
634,12/10:30,30m,ON,Sell,0,Sell,-0.1,0.75,44.96,66.87,66.99,66.66,66.85,243729,325303.3,0.55,67.24,67.17,68.72,66.92,6,64.18,68.44,38.86,66.2,1,0,0,2,1,1,0,0,0,0,0.0163076547475924,Up
635,12/11:00,30m,ON,Sell,0,Sell,-0.21,0.49,44.31,66.84,66.99,66.59,66.79,158667,321779.6,0.54,67.25,67.18,68.73,66.93,5,64.18,68.44,38.86,66.2,1,0,0,2,1,1,0,0,0,0,0.0100000234750581,Up
636,12/11:30,30m,ON,Sell,0,Sell,-0.88,0.55,39.76,66.8,66.84,66.26,66.35,174878,317466.6,0.54,67.22,67.18,68.73,66.94,4,64.18,68.44,39.76,66.26,1,0,0,2,1,0,0,0,0,0,0.0067691509540281,Up
637,12/12:00,30m,ON,Sell,0,Sell,-0.46,0.4,43.85,66.35,66.69,66.29,66.64,125048,311846.0,0.53,67.25,67.19,68.73,66.95,3,64.18,68.44,39.76,66.26,1,0,0,2,1,1,0,0,0,0,0.0096922654372093,Up
638,12/12:30,30m,ON,Sell,0,Sell,-0.43,0.41,44.2,66.63,66.71,66.38,66.67,124194,304155.5,0.52,67.26,67.19,68.73,66.95,2,64.18,68.44,39.76,66.26,1,0,0,2,1,1,0,0,0,0,0.0066153893103972,Up
643,12/09:30,30m,OXM,Sell,0,Sell,-4.63,4.37,22.96,78.0,84.49,77.27,77.97,273721,62601.7,1.05,83.44,82.19,80.43,81.76,8,63.44,84.19,59.34,83.35,1,0,0,2,1,0,1,0,0,0,-0.0388461773212043,Down
644,12/10:00,30m,OXM,Sell,0,Sell,-5.46,2.05,21.28,77.9,78.29,75.37,77.25,157675,76763.9,1.19,83.16,82.12,80.43,81.72,7,63.44,84.19,59.34,83.35,1,0,0,2,1,0,1,0,0,0,-0.0377692589393063,Down
645,12/10:30,30m,OXM,Sell,0,Sell,-5.9,1.51,20.38,77.18,77.18,75.61,76.85,133050,88050.9,1.22,82.81,82.04,80.43,81.67,6,63.44,84.19,20.38,75.61,1,0,0,2,1,0,0,0,0,0,-0.0475385225736175,Down
646,12/11:00,30m,OXM,Sell,0,Sell,-5.51,0.87,22.81,76.99,77.45,76.15,77.13,82392,94833.0,1.22,82.5,81.96,80.43,81.63,5,63.44,84.19,20.38,75.61,1,0,0,2,1,1,0,0,0,0,-0.0467692448542607,Down
647,12/11:30,30m,OXM,Sell,0,Sell,-5.46,0.85,22.86,77.1,77.93,76.96,77.14,86434,101859.2,1.21,82.18,81.9,80.43,81.59,4,63.44,84.19,20.38,75.61,1,0,0,2,1,1,0,0,0,0,-0.0392306988055963,Down
648,12/12:00,30m,OXM,Sell,0,Sell,-4.51,0.52,29.51,77.24,78.0,76.37,77.88,55742,106879.7,1.24,81.9,81.84,80.44,81.55,3,63.44,84.19,20.38,75.61,1,0,0,2,1,1,0,0,0,0,-0.0320769089918826,Down
649,12/12:30,30m,OXM,Sell,0,Sell,-3.83,0.33,33.88,77.83,78.6,77.64,78.41,35472,108304.0,1.22,81.66,81.8,80.45,81.53,2,63.44,84.19,20.38,75.61,1,0,0,2,1,1,0,0,0,0,-0.0256922795222322,Down
650,12/13:00,30m,OXM,Sell,0,Sell,-4.57,0.06,31.35,78.31,78.32,77.77,77.77,6302,105406.9,1.18,81.35,81.75,80.46,81.5,1,63.44,84.19,20.38,75.61,1,0,0,2,1,1,0,0,0,0,-0.0338646521935146,Down
654,12/09:30,30m,PBI,Sell,0,Sell,-0.34,0.86,39.98,7.9,7.95,7.82,7.82,78618,91635.9,0.07,7.95,7.88,7.9,7.85,8,63.15,8.05,39.98,7.82,1,0,0,2,1,0,0,0,0,0,0.0022307689373324,Up
698,12/09:30,30m,RBC,Sell,0,Sell,-1.05,0.77,37.13,334.58,334.58,331.62,331.62,6449,8428.1,1.64,334.97,334.94,334.35,335.14,8,57.64,336.81,38.69,331.99,1,0,0,2,1,0,1,0,0,0,-0.1288461538460978,Down
699,12/10:00,30m,RBC,Sell,0,Sell,-0.57,0.48,43.58,330.17,333.17,330.17,333.17,3496,7344.5,1.74,334.77,334.94,334.42,335.08,7,57.64,336.81,38.69,331.99,1,0,0,2,1,1,0,0,0,0,-0.0564612755409257,Down
700,12/10:30,30m,RBC,Sell,0,Sell,-0.86,0.74,40.53,333.36,333.46,330.84,332.11,5506,7448.2,1.8,334.58,334.9,334.49,334.99,6,57.64,336.81,38.69,331.99,1,0,0,2,1,1,0,0,0,0,-0.0927692119892071,Down
701,12/11:00,30m,RBC,Sell,0,Sell,-1.03,0.43,38.72,332.11,332.21,330.93,331.46,3211,7383.9,1.77,334.4,334.85,334.55,334.9,5,57.64,336.81,38.69,331.99,1,0,0,2,1,1,1,1,2,0,-0.0924616887019169,Down
702,12/11:30,30m,RBC,Sell,0,Sell,-1.22,0.85,36.75,331.96,332.5,330.73,330.73,6450,7624.7,1.77,334.16,334.79,334.61,334.81,4,57.64,336.81,36.75,330.73,1,0,0,2,1,0,1,0,2,0,-0.0895381047175192,Down
703,12/12:00,30m,RBC,Sell,0,Sell,-1.09,0.71,38.37,330.98,332.07,330.98,331.08,5440,7613.2,1.74,334.03,334.76,334.66,334.73,3,57.64,336.81,36.75,330.73,1,0,0,2,1,1,0,0,2,0,-0.0789231520432736,Down
717,12/12:30,30m,RITM,Sell,0,Sell,-0.12,0.35,51.49,11.18,11.18,11.15,11.15,74053,210401.5,0.03,11.13,11.16,11.08,11.17,2,57.46,11.18,32.42,11.08,1,0,0,2,1,1,0,0,0,0,0.0001538350031946,Up
718,12/13:00,30m,RITM,Sell,0,Sell,-0.17,0.01,50.32,11.16,11.16,11.15,11.15,2855,194105.6,0.03,11.13,11.16,11.09,11.17,1,57.46,11.18,50.32,11.15,1,0,0,2,1,0,1,0,0,0,0.0006153840285083,Up
745,12/09:30,30m,SEMR,Sell,0,Sell,-0.55,0.61,44.39,14.0,14.05,13.86,13.96,19553,32052.5,0.12,14.07,14.01,14.03,14.04,8,65.04,14.27,56.35,14.1,1,0,0,2,1,0,1,0,0,0,-0.001538467407224,Down
746,12/10:00,30m,SEMR,Sell,0,Sell,-0.96,0.92,41.57,13.96,14.0,13.85,13.9,29055,31488.9,0.12,14.06,14.0,14.03,14.03,7,65.04,14.27,56.35,14.1,1,0,0,2,1,0,1,0,0,0,-0.0028461603017948,Down
747,12/10:30,30m,SEMR,Sell,0,Sell,-1.38,0.67,38.91,13.86,13.87,13.81,13.84,21251,31736.4,0.12,14.06,13.99,14.03,14.03,6,65.04,14.27,38.91,13.81,1,0,0,2,1,0,0,0,0,0,-0.001846152085525,Down
748,12/11:00,30m,SEMR,Sell,0,Sell,-0.3,1.01,47.89,13.84,13.99,13.82,13.99,34035,33606.7,0.12,14.06,13.98,14.03,14.03,5,65.04,14.27,38.91,13.81,1,0,0,2,1,1,0,0,0,0,-0.0013846177321212,Down
812,12/09:30,30m,SQ,Sell,0,Sell,-1.53,2.47,40.57,96.42,96.98,94.87,95.25,1466547,594733.8,1.05,96.64,96.61,93.43,96.73,8,65.38,98.33,60.24,97.77,1,0,0,2,1,0,1,0,0,0,-0.0423076923076735,Down
813,12/10:00,30m,SQ,Sell,0,Sell,-1.58,1.36,40.19,95.25,95.46,94.17,95.17,852065,628629.3,1.06,96.68,96.56,93.45,96.7,7,65.38,98.33,60.24,97.77,1,0,0,2,1,0,1,0,0,0,-0.0287922785832392,Down
814,12/10:30,30m,SQ,Sell,0,Sell,-1.58,0.75,40.09,95.21,95.31,94.53,95.15,465607,620620.0,1.04,96.71,96.52,93.47,96.68,6,65.38,98.33,60.24,97.77,1,0,0,2,1,0,1,0,0,0,-0.0241538414588404,Down
815,12/11:00,30m,SQ,Sell,0,Sell,-1.54,0.62,40.09,95.14,95.61,94.96,95.15,387583,626567.3,1.02,96.73,96.47,93.49,96.64,5,65.38,98.33,60.24,97.77,1,0,0,2,1,0,1,0,0,0,-0.0350769042968863,Down
816,12/11:30,30m,SQ,Sell,0,Sell,-1.61,1.08,39.45,95.15,95.22,94.62,95.04,723349,670389.8,0.99,96.77,96.4,93.51,96.6,4,65.38,98.33,39.45,94.62,1,0,0,2,1,0,0,0,0,0,-0.0415384145883166,Down
817,12/12:00,30m,SQ,Sell,0,Sell,-0.9,0.52,45.09,95.05,95.86,94.97,95.7,344539,666035.2,0.98,96.84,96.35,93.53,96.57,3,65.38,98.33,39.45,94.62,1,0,0,2,1,1,0,0,0,0,-0.033230825570925,Down
818,12/12:30,30m,SQ,Sell,0,Sell,-1.13,0.68,43.35,95.72,95.83,95.04,95.44,462116,680610.8,0.97,96.91,96.29,93.55,96.53,2,65.38,98.33,39.45,94.62,1,0,0,2,1,1,0,0,0,0,-0.0383600088266433,Down
819,12/13:00,30m,SQ,Sell,0,Sell,-1.07,0.25,43.6,95.44,95.47,95.38,95.46,165814,666169.1,0.9,96.84,96.23,93.57,96.5,1,65.38,98.33,39.45,94.62,1,0,0,2,1,1,0,0,0,0,-0.0305354191706328,Down
842,12/09:30,30m,TPC,Sell,0,Sell,-1.28,2.08,41.8,26.95,27.43,26.35,26.65,44646,21425.8,0.34,27.15,26.83,27.83,27.0,8,64.1,27.69,56.09,27.2,1,0,0,2,1,0,1,0,0,0,-0.0081538567176195,Down
843,12/10:00,30m,TPC,Sell,0,Sell,-0.92,0.88,43.69,26.74,26.89,26.19,26.74,20019,22644.1,0.37,27.14,26.82,27.82,26.99,7,64.1,27.69,56.09,27.2,1,0,0,2,1,0,1,0,0,0,-0.0064615396352891,Down
844,12/10:30,30m,TPC,Sell,0,Sell,-3.04,0.56,35.55,26.7,26.7,26.15,26.15,12909,23009.0,0.39,27.1,26.8,27.8,26.97,6,64.1,27.69,35.55,26.15,1,0,0,2,1,0,1,0,0,0,-0.0184615501990705,Down
882,12/12:30,30m,UP,Sell,0,Sell,-0.08,0.41,47.82,2.14,2.14,2.11,2.12,29016,70227.6,0.04,2.14,2.12,2.25,2.13,2,66.49,2.19,42.58,2.07,1,0,0,2,1,1,0,0,0,0,-0.001461538901696,Down
883,12/13:00,30m,UP,Sell,0,Sell,-0.49,0.0,46.03,2.12,2.12,2.12,2.12,0,61249.7,0.03,2.14,2.12,2.25,2.13,1,66.49,2.19,46.03,2.12,1,0,0,2,1,0,1,0,0,0,-0.0011538468874419,Down
918,12/12:30,30m,VNOM,Buy,Buy,0,0.06,0.39,53.22,50.96,51.01,50.85,50.99,22261,56383.0,0.3,50.85,50.86,53.13,50.96,2,50.87,51.06,38.86,50.3,0,0,0,0,0,1,0,0,2,1,-0.0270768972543677,Down
919,12/13:00,30m,VNOM,Buy,Buy,0,0.02,0.02,52.01,51.0,51.0,50.94,50.94,1084,53128.7,0.28,50.84,50.88,53.12,50.93,1,50.87,51.06,38.86,50.3,0,0,0,0,0,1,0,0,2,1,-0.0255384591909546,Down
958,12/09:30,30m,WFG,Buy,Buy,0,0.39,0.87,60.79,92.54,94.18,92.54,93.92,9384,10825.4,0.54,92.82,93.15,95.0,93.56,7,60.79,94.18,40.43,92.14,0,0,0,0,0,1,0,0,2,1,-0.0304615901066824,Down
962,12/10:00,30m,WTTR,Sell,0,Sell,-0.74,0.55,38.48,14.48,14.48,14.23,14.26,26270,47871.6,0.13,14.54,14.32,14.49,14.37,7,71.17,14.88,49.8,14.3,1,0,0,2,1,0,1,0,0,0,-0.0069230739886965,Down
963,12/10:30,30m,WTTR,Sell,0,Sell,-0.69,0.37,38.48,14.25,14.27,14.23,14.26,17935,48108.5,0.13,14.53,14.33,14.5,14.36,6,71.17,14.88,49.8,14.3,1,0,0,2,1,0,1,0,0,0,-0.007923067533051,Down
964,12/11:00,30m,WTTR,Sell,0,Sell,-0.4,0.39,40.73,14.25,14.3,14.23,14.3,18700,47969.6,0.12,14.51,14.33,14.5,14.35,5,71.17,14.88,49.8,14.3,1,0,0,2,1,0,1,0,0,0,-0.0060769154475295,Down
965,12/11:30,30m,WTTR,Sell,0,Sell,-0.81,0.38,37.96,14.28,14.31,14.22,14.23,17951,47339.4,0.12,14.49,14.33,14.5,14.35,4,71.17,14.88,37.96,14.22,1,0,0,2,1,0,0,0,0,0,-0.0064615396352909,Down
966,12/12:00,30m,WTTR,Sell,0,Sell,-0.45,0.46,40.96,14.22,14.32,14.19,14.27,20865,45412.4,0.12,14.49,14.33,14.5,14.34,3,71.17,14.88,37.96,14.22,1,0,0,2,1,1,0,0,0,0,-0.0060000052818907,Down
967,12/12:30,30m,WTTR,Sell,0,Sell,-0.69,0.49,39.14,14.27,14.28,14.23,14.23,20880,42625.1,0.12,14.48,14.34,14.5,14.33,2,71.17,14.88,37.96,14.22,1,0,0,2,1,1,0,0,0,0,-0.0067692389855,Down
9,11/09:30,30m,AI,Sell,0,Sell,-5.19,2.09,37.88,39.01,39.95,36.71,38.01,6261727,2999998.6,1.88,41.93,40.65,36.74,40.09,21,66.28,45.0,37.88,36.71,1,0,0,2,1,0,0,0,0,0,-0.0032815199631883,Down
39,11/09:30,30m,AMKR,Buy,Buy,0,1.27,1.15,59.18,26.29,26.83,26.29,26.8,82193,71274.7,0.22,26.52,26.43,26.3,26.46,21,59.18,26.83,33.8,26.02,0,0,0,0,0,1,0,0,2,1,0.0012307680570167,Up
40,11/10:00,30m,AMKR,Buy,Buy,0,0.09,1.18,50.33,26.81,26.84,26.49,26.49,87050,73944.5,0.23,26.49,26.43,26.31,26.46,20,59.18,26.83,33.8,26.02,1,0,0,0,0,1,0,0,2,1,-0.0049230722280668,Down
41,11/11:30,30m,AMKR,Buy,Buy,0,0.3,0.4,51.56,26.4,26.52,26.38,26.52,27878,69886.6,0.23,26.4,26.44,26.32,26.44,17,59.18,26.83,33.8,26.02,1,0,0,0,0,1,0,0,2,1,-0.004307673527645,Down
42,11/12:00,30m,AMKR,Buy,Buy,0,0.2,0.4,50.82,26.52,26.54,26.47,26.49,27747,69712.8,0.22,26.38,26.45,26.33,26.44,16,59.18,26.83,33.8,26.02,1,0,0,0,0,1,0,0,2,1,-0.0036923041710501,Down
43,11/13:00,30m,AMKR,Buy,Buy,0,0.4,0.41,52.0,26.43,26.53,26.42,26.53,27933,68461.7,0.21,26.36,26.47,26.34,26.43,14,59.18,26.83,33.8,26.02,1,0,0,0,0,1,0,0,2,1,-0.0030769348144552,Down
44,11/13:30,30m,AMKR,Buy,Buy,0,0.24,0.42,50.76,26.55,26.55,26.47,26.49,27641,65994.1,0.2,26.37,26.48,26.35,26.43,13,59.18,26.83,33.8,26.02,1,0,0,0,0,1,0,0,2,1,-0.0039230933556169,Down
45,11/14:00,30m,AMKR,Buy,Buy,0,0.36,1.06,51.59,26.49,26.56,26.47,26.52,47714,45016.0,0.19,26.38,26.49,26.35,26.43,12,59.18,26.83,33.8,26.02,1,0,0,0,0,1,0,0,2,1,0.0003107804518478,Up
46,11/14:30,30m,AMKR,Buy,Buy,0,0.91,2.64,55.62,26.51,26.69,26.46,26.67,131816,49978.3,0.19,26.4,26.51,26.36,26.43,11,59.18,26.83,33.8,26.02,1,0,0,0,0,1,0,0,2,1,0.0040000035212592,Up
81,11/14:30,30m,ARI,Buy,Buy,0,0.57,0.98,46.33,9.26,9.26,9.23,9.25,31166,31842.1,0.04,9.28,9.23,9.2,9.2,11,62.02,9.39,46.33,9.25,1,0,0,0,0,1,1,1,2,1,0.0019230769230773,Up
82,11/15:00,30m,ARI,Buy,Buy,0,0.6,1.64,47.42,9.24,9.26,9.23,9.26,47224,28813.2,0.04,9.28,9.23,9.2,9.2,10,62.02,9.39,46.33,9.25,1,0,0,0,0,1,0,0,2,1,0.0019230769230773,Up
83,11/15:30,30m,ARI,Buy,Buy,0,0.53,3.63,46.4,9.26,9.27,9.24,9.25,148670,40930.4,0.04,9.28,9.24,9.2,9.2,9,62.02,9.39,46.33,9.25,1,0,0,0,0,1,1,1,2,1,0.0021538514357342,Up
92,11/09:30,30m,ARM,Buy,Buy,0,0.23,3.02,56.95,137.0,140.88,136.76,140.04,590592,195540.2,1.38,138.44,139.22,136.63,139.72,21,51.36,140.7,36.8,136.32,0,0,0,0,0,1,0,0,2,1,-0.0347693810095961,Down
93,11/10:00,30m,ARM,Buy,Buy,0,1.14,2.24,61.63,140.2,142.08,139.96,141.27,499575,222615.7,1.44,138.53,139.26,136.69,139.69,20,51.36,140.7,36.8,136.32,0,1,0,0,0,1,0,0,2,1,-0.0297694279597351,Down
94,11/10:30,30m,ARM,Buy,Buy,0,0.22,1.28,54.77,141.27,142.03,139.58,139.96,306724,239333.4,1.51,138.55,139.27,136.75,139.65,19,51.36,140.7,36.8,136.32,0,0,0,0,0,1,0,0,2,1,-0.0348461444561394,Down
95,11/11:00,30m,ARM,Buy,Buy,0,1.63,0.91,61.65,139.96,142.1,139.96,141.93,231175,255359.4,1.55,138.71,139.32,136.81,139.65,18,51.36,140.7,36.8,136.32,0,1,0,0,0,1,0,0,2,1,0.0006152813251105,Up
96,11/11:30,30m,ARM,Buy,Buy,0,1.28,0.76,59.2,141.85,142.01,140.9,141.43,200927,265742.1,1.52,138.85,139.38,136.88,139.64,17,51.36,140.7,36.8,136.32,0,1,0,0,0,1,0,0,2,1,-0.0098463792067207,Down
97,11/12:00,30m,ARM,Buy,Buy,0,1.19,0.67,58.54,141.33,142.1,141.25,141.3,188256,279129.5,1.47,139.01,139.44,136.95,139.63,16,51.36,140.7,36.8,136.32,0,1,0,0,0,1,0,0,2,1,-0.007629159780663,Down
98,11/12:30,30m,ARM,Buy,Buy,0,1.17,0.31,58.28,141.41,141.41,140.94,141.25,86392,281336.0,1.4,139.08,139.51,137.01,139.62,15,51.36,140.7,36.8,136.32,0,1,0,0,0,1,0,0,2,1,-0.0109954833984318,Down
99,11/13:00,30m,ARM,Buy,Buy,0,1.88,0.73,62.03,141.25,142.44,141.24,142.26,214369,293531.7,1.39,139.26,139.6,137.09,139.63,14,51.36,140.7,36.8,136.32,0,1,0,0,0,1,0,0,2,1,0.0087691086989138,Up
100,11/13:30,30m,ARM,Buy,Buy,0,2.08,0.79,63.03,142.25,142.91,142.2,142.54,240644,302758.5,1.34,139.4,139.7,137.16,139.64,13,51.36,140.7,36.8,136.32,0,1,0,0,0,1,0,0,2,1,0.0079998309795712,Up
146,11/10:00,30m,BLMN,Sell,0,Sell,-0.42,0.66,43.76,12.93,12.94,12.77,12.84,102171,155073.1,0.15,12.95,12.89,13.15,12.89,20,62.51,13.24,32.99,12.42,1,0,0,2,1,1,0,0,0,0,-0.0040000035212575,Down
147,11/10:30,30m,BLMN,Sell,0,Sell,-1.69,0.38,37.7,12.85,12.85,12.67,12.67,57125,148383.5,0.15,12.93,12.89,13.15,12.89,19,62.51,13.24,37.7,12.67,1,0,0,2,1,0,0,0,0,0,-0.0068461491511406,Down
183,11/10:30,30m,CERT,Sell,0,Sell,-0.34,0.72,35.75,11.24,11.32,11.08,11.09,57859,79930.7,0.15,11.49,11.22,10.76,11.13,19,64.81,11.67,35.75,11.08,1,0,0,2,1,0,0,0,0,0,0.001769227247971,Up
221,11/09:30,30m,COGT,Sell,0,Sell,-5.0,4.28,29.26,8.39,9.06,8.39,8.88,463572,108223.0,0.24,9.59,9.38,9.28,9.35,21,56.21,9.7,46.54,9.39,1,0,0,2,1,0,1,0,0,0,-0.0047692225529605,Down
222,11/10:00,30m,COGT,Sell,0,Sell,-4.62,3.0,30.62,8.86,9.07,8.85,8.91,435225,144947.0,0.24,9.55,9.38,9.28,9.34,20,56.21,9.7,46.54,9.39,1,0,0,2,1,0,1,0,0,0,-0.0049230722280633,Down
223,11/10:30,30m,COGT,Sell,0,Sell,-5.62,0.5,28.65,8.91,8.91,8.77,8.81,72857,146656.4,0.23,9.51,9.37,9.28,9.33,19,56.21,9.7,28.65,8.77,1,0,0,2,1,0,0,0,0,0,-0.0073076835045444,Down
224,11/11:00,30m,COGT,Sell,0,Sell,-4.92,0.53,31.5,8.81,8.91,8.77,8.87,80026,149696.2,0.23,9.47,9.37,9.27,9.33,18,56.21,9.7,28.65,8.77,1,0,0,2,1,1,0,0,0,0,-0.005769230769232,Down
251,11/15:00,30m,DNN,Buy,Buy,0,0.01,0.63,58.92,2.25,2.26,2.24,2.26,871114,1381981.4,0.03,2.22,2.24,2.29,2.25,10,58.92,2.26,32.92,2.16,0,0,0,0,0,1,0,0,2,1,0.000153849675105,Up
269,11/09:30,30m,EVGO,Sell,0,Sell,-0.23,2.23,38.94,6.64,6.89,6.4,6.47,925948,415272.7,0.16,6.75,6.56,6.32,6.48,21,68.89,7.08,51.51,6.57,1,0,0,2,1,0,1,0,0,0,0.0044046181898851,Up
270,11/10:00,30m,EVGO,Sell,0,Sell,-1.22,0.75,36.61,6.46,6.47,6.4,6.41,316054,418868.6,0.15,6.73,6.56,6.32,6.48,20,68.89,7.08,51.51,6.57,1,0,0,2,1,0,1,0,0,0,0.0040953856248115,Up
296,11/15:30,30m,EVRI,Sell,0,Sell,-0.03,2.94,49.77,13.48,13.48,13.47,13.47,96031,32615.9,0.01,13.47,13.47,13.44,13.47,9,51.66,13.47,49.77,13.47,1,1,1,2,1,0,1,0,0,0,0.0,Neutral
360,11/13:30,30m,FTI,Buy,Buy,0,0.07,0.71,61.62,30.98,31.06,30.97,31.03,123183,174094.5,0.21,30.57,30.77,30.64,31.01,13,45.48,30.76,30.13,30.09,0,1,0,0,0,1,0,0,2,1,0.0019230769230773,Up
361,11/14:00,30m,FTI,Buy,Buy,0,0.43,2.57,64.16,31.03,31.16,31.02,31.15,406728,158323.8,0.21,30.59,30.75,30.65,31.02,12,64.16,31.16,30.13,30.09,0,0,0,0,0,1,0,0,2,1,0.0039984482985246,Up
362,11/14:30,30m,FTI,Buy,Buy,0,0.28,1.61,62.42,31.15,31.15,31.03,31.1,273637,170432.1,0.2,30.62,30.73,30.67,31.02,11,64.16,31.16,30.13,30.09,1,0,0,0,0,1,0,0,2,1,0.0015384674072258,Up
375,11/14:00,30m,GEL,Buy,Buy,0,0.87,2.18,65.29,11.02,11.19,11.02,11.18,40386,18526.6,0.08,10.95,11.0,11.49,11.08,12,65.29,11.19,48.68,10.94,0,0,0,0,0,1,0,0,2,1,-0.0023076864389253,Down
376,11/14:30,30m,GEL,Buy,Buy,0,0.71,2.62,63.36,11.2,11.23,11.12,11.16,44072,16803.9,0.08,10.96,10.99,11.48,11.08,11,65.29,11.19,48.68,10.94,1,0,0,0,0,1,0,0,2,1,-0.0023077011108405,Down
409,11/15:00,30m,HTZ,Sell,0,Sell,-2.48,0.94,49.58,4.51,4.53,4.48,4.51,147983,157940.4,0.07,4.47,4.62,4.43,4.62,10,49.58,4.51,36.02,4.36,1,1,1,2,1,1,0,0,0,0,0.0016153849088222,Up
410,11/15:30,30m,HTZ,Sell,0,Sell,-3.78,2.9,43.71,4.51,4.53,4.44,4.45,547910,189057.5,0.07,4.47,4.62,4.43,4.62,9,49.58,4.51,36.02,4.36,1,0,0,2,1,1,0,0,0,0,-7.691750159644073e-05,Down
469,11/09:30,30m,KC,Buy,Buy,0,0.67,2.0,45.24,9.16,9.22,8.85,8.93,359469,179778.9,0.15,9.02,9.03,7.15,8.87,21,57.62,9.18,44.84,8.93,1,0,0,0,0,1,1,1,2,1,0.0108722980205833,Up
470,11/10:00,30m,KC,Buy,Buy,0,2.63,1.45,55.99,8.93,9.12,8.91,9.12,274815,189657.8,0.16,9.02,9.04,7.18,8.89,20,57.62,9.18,44.84,8.93,1,0,0,0,0,1,0,0,2,1,0.0128369258000304,Up
471,11/10:30,30m,KC,Buy,Buy,0,2.87,0.76,57.72,9.11,9.16,9.05,9.15,144335,190663.8,0.16,9.03,9.04,7.2,8.9,19,57.62,9.18,44.84,8.93,0,0,0,0,0,1,0,0,2,1,0.0146153816810024,Up
472,11/11:00,30m,KC,Buy,Buy,0,3.04,0.98,59.27,9.15,9.2,9.11,9.19,196092,200200.5,0.15,9.03,9.05,7.23,8.92,18,57.62,9.18,44.84,8.93,0,1,0,0,0,1,0,0,2,1,0.0169046255258411,Up
473,11/11:30,30m,KC,Buy,Buy,0,2.71,0.55,58.37,9.19,9.2,9.15,9.18,110985,203314.7,0.14,9.04,9.06,7.25,8.93,17,57.62,9.18,44.84,8.93,0,1,0,0,0,1,0,0,2,1,0.0159999994131236,Up
474,11/12:00,30m,KC,Buy,Buy,0,3.03,0.7,60.65,9.18,9.28,9.15,9.22,147502,211128.6,0.14,9.05,9.06,7.27,8.95,16,57.62,9.18,44.84,8.93,0,1,0,0,0,1,0,0,2,1,0.0163846236008851,Up
475,11/12:30,30m,KC,Buy,Buy,0,2.07,0.29,55.56,9.23,9.26,9.15,9.15,59080,205452.1,0.14,9.05,9.07,7.3,8.96,15,57.62,9.18,55.56,9.15,1,0,0,0,0,0,1,0,2,1,0.0156923000629145,Up
476,11/13:00,30m,KC,Buy,Buy,0,2.26,0.31,57.48,9.16,9.19,9.11,9.19,62303,201205.0,0.14,9.06,9.08,7.32,8.98,14,57.62,9.18,55.56,9.15,1,1,1,2,0,1,0,0,2,1,0.0167692331167366,Up
477,11/13:30,30m,KC,Buy,Buy,0,2.79,0.61,60.87,9.19,9.26,9.16,9.25,119293,197144.6,0.13,9.08,9.08,7.35,9.0,13,57.62,9.18,55.56,9.15,0,1,0,2,0,1,0,0,2,1,0.0175384668203495,Up
478,11/14:00,30m,KC,Buy,Buy,0,2.45,0.4,59.88,9.25,9.26,9.21,9.24,61189,153506.3,0.13,9.09,9.09,7.37,9.02,12,57.62,9.18,55.56,9.15,0,1,0,2,0,1,0,0,2,1,0.017653846740723,Up
479,11/14:30,30m,KC,Buy,Buy,0,2.69,0.51,61.99,9.23,9.29,9.22,9.28,63638,123923.2,0.12,9.11,9.09,7.4,9.03,11,57.62,9.18,55.56,9.15,0,1,0,2,0,1,0,0,2,1,0.0175738408015337,Up
480,11/15:00,30m,KC,Buy,Buy,0,1.97,0.66,58.08,9.28,9.28,9.23,9.23,67905,103232.2,0.12,9.12,9.1,7.42,9.05,10,57.62,9.18,55.56,9.15,0,1,0,2,0,1,0,0,2,1,0.0169230681199277,Up
481,11/15:30,30m,KC,Buy,Buy,0,2.12,2.32,59.81,9.23,9.28,9.21,9.26,268048,115603.5,0.11,9.12,9.11,7.44,9.07,9,57.62,9.18,55.56,9.15,0,1,0,2,0,1,0,0,2,1,0.0169230827918429,Up
502,11/09:30,30m,M,Sell,0,Sell,-7.53,6.53,19.69,14.9,15.38,14.63,15.33,9789487,1499712.0,0.28,16.72,16.59,16.02,16.58,21,62.28,17.01,19.69,14.63,1,0,0,2,1,0,0,0,0,0,-0.0189230698805609,Down
503,11/10:00,30m,M,Sell,0,Sell,-6.0,1.58,27.61,15.34,15.57,15.16,15.57,2742048,1736300.6,0.29,16.66,16.58,16.02,16.56,20,62.28,17.01,19.69,14.63,1,0,0,2,1,1,0,0,0,0,-0.0156153752253587,Down
504,11/10:30,30m,M,Sell,0,Sell,-3.45,1.3,38.84,15.56,16.0,15.46,15.98,2542752,1961472.5,0.31,16.63,16.57,16.02,16.56,19,62.28,17.01,19.69,14.63,1,0,0,2,1,1,0,0,0,0,-0.0078061470618635,Down
505,11/11:00,30m,M,Sell,0,Sell,-4.2,0.83,36.84,15.98,15.99,15.6,15.85,1734412,2092678.4,0.32,16.59,16.55,16.03,16.55,18,62.28,17.01,19.69,14.63,1,0,0,2,1,1,0,0,0,0,-0.0104615431565484,Down
506,11/11:30,30m,M,Sell,0,Sell,-4.77,0.48,35.32,15.85,15.96,15.6,15.74,1045834,2160292.2,0.32,16.53,16.54,16.03,16.53,17,62.28,17.01,19.69,14.63,1,0,0,2,1,1,0,0,0,0,-0.0119230857262238,Down
557,11/09:30,30m,MSTR,Buy,Buy,0,3.75,3.3,66.32,386.21,398.78,385.5,398.08,4821502,1459844.4,8.69,371.45,382.94,400.65,383.7,21,44.68,378.34,31.45,365.12,0,1,0,0,0,1,0,0,2,1,0.293799767127382,Up
558,11/10:00,30m,MSTR,Buy,Buy,0,4.35,1.88,67.59,397.95,402.97,395.02,400.7,3027543,1607830.9,8.64,372.41,383.0,400.78,384.01,20,44.68,378.34,31.45,365.12,0,1,0,0,0,1,0,0,2,1,0.3183077298677972,Up
559,11/10:30,30m,MSTR,Buy,Buy,0,3.31,1.21,63.96,400.41,402.2,392.41,397.04,2068508,1703684.3,8.72,373.39,382.97,400.9,384.33,19,44.68,378.34,31.45,365.12,0,1,0,0,0,1,0,0,2,1,0.319000244140625,Up
560,11/11:00,30m,MSTR,Buy,Buy,0,5.21,1.11,67.95,397.26,406.13,397.26,404.93,2009958,1813552.5,8.75,374.85,383.22,401.05,384.87,18,67.95,406.13,31.45,365.12,0,0,0,0,0,1,0,0,2,1,0.5373845027043558,Up
561,11/11:30,30m,MSTR,Buy,Buy,0,3.89,0.82,63.52,404.79,405.85,397.88,400.32,1546848,1895008.0,8.69,376.35,383.33,401.2,385.33,17,67.95,406.13,31.45,365.12,1,0,0,0,0,1,0,0,2,1,0.4586909367487806,Up
615,11/11:30,30m,NTRA,Buy,Buy,0,0.4,0.62,58.66,169.27,170.96,168.77,170.62,40207,65102.8,1.49,168.42,169.25,167.25,169.93,17,58.66,170.96,37.87,166.13,0,0,0,0,0,1,0,0,2,1,-0.0271538367638299,Down
616,11/12:00,30m,NTRA,Buy,Buy,0,0.31,0.87,57.73,170.6,171.1,170.05,170.43,53809,62151.3,1.46,168.51,169.25,167.36,169.91,16,58.66,170.96,37.87,166.13,1,0,0,0,0,1,0,0,2,1,-0.0207770714392552,Down
617,11/13:00,30m,NTRA,Buy,Buy,0,0.05,0.5,54.89,169.65,170.18,169.38,169.93,29672,59378.8,1.39,168.67,169.23,167.56,169.84,14,58.66,170.96,37.87,166.13,1,0,0,0,0,1,0,0,2,1,-0.0320000281700743,Down
619,11/09:30,30m,NVAX,Buy,Buy,0,0.92,1.73,44.32,8.83,8.83,8.66,8.8,282758,163010.4,0.11,8.91,8.86,8.57,8.72,21,46.19,8.86,39.39,8.76,1,0,0,0,0,1,0,0,2,1,0.0063584547776454,Up
620,11/10:00,30m,NVAX,Buy,Buy,0,0.94,0.71,45.21,8.8,8.89,8.77,8.81,116915,164157.3,0.11,8.89,8.86,8.57,8.73,20,46.19,8.86,39.39,8.76,1,0,0,0,0,1,0,0,2,1,0.0084615413959205,Up
621,11/11:00,30m,NVAX,Buy,Buy,0,0.37,0.39,44.1,8.72,8.8,8.7,8.77,60915,156435.7,0.11,8.86,8.88,8.58,8.74,18,46.19,8.86,39.29,8.7,1,0,0,0,0,1,0,0,2,1,0.0072307586669921,Up
622,11/11:30,30m,NVAX,Buy,Buy,0,1.26,0.55,50.62,8.78,8.88,8.76,8.86,84285,152281.8,0.11,8.85,8.89,8.58,8.75,17,50.62,8.88,39.29,8.7,0,0,0,0,0,1,0,0,2,1,0.0076923076923076,Up
623,11/12:00,30m,NVAX,Buy,Buy,0,0.37,0.49,45.88,8.85,8.86,8.77,8.79,71698,147716.9,0.11,8.83,8.9,8.59,8.76,16,50.62,8.88,39.29,8.7,1,0,0,0,0,1,0,0,2,1,0.007538458017203,Up
624,11/12:30,30m,NVAX,Buy,Buy,0,0.68,0.56,48.48,8.79,8.84,8.78,8.82,81485,145371.5,0.11,8.82,8.92,8.59,8.76,15,50.62,8.88,39.29,8.7,1,0,0,0,0,1,0,0,2,1,0.007461533179649,Up
625,11/13:00,30m,NVAX,Buy,Buy,0,0.2,0.52,46.09,8.83,8.85,8.77,8.79,72805,140971.8,0.1,8.82,8.92,8.6,8.77,14,50.62,8.88,39.29,8.7,1,0,0,0,0,1,0,0,2,1,0.0075615369356594,Up
626,11/14:00,30m,NVAX,Buy,Buy,0,0.24,0.62,48.6,8.71,8.81,8.7,8.81,61705,99894.2,0.11,8.8,8.94,8.61,8.79,12,50.62,8.88,41.06,8.66,1,0,0,0,0,1,0,0,2,1,0.0090000005868766,Up
639,11/12:30,30m,OPK,Buy,Buy,0,0.12,0.2,53.66,1.57,1.58,1.57,1.58,43961,224152.9,0.02,1.56,1.58,1.57,1.57,15,44.78,1.57,31.39,1.53,0,1,0,0,0,1,0,0,2,1,-0.0002307690106906,Down
640,11/13:00,30m,OPK,Buy,Buy,0,0.11,0.78,53.66,1.57,1.58,1.57,1.58,186523,238782.3,0.02,1.56,1.58,1.57,1.57,14,44.78,1.57,31.39,1.53,0,1,0,0,0,1,0,0,2,1,0.0001538460071273,Up
641,11/13:30,30m,OPK,Buy,Buy,0,0.74,0.4,58.28,1.58,1.59,1.57,1.59,87996,217774.0,0.02,1.57,1.58,1.57,1.57,13,44.78,1.57,31.39,1.53,0,1,0,0,0,1,0,0,2,1,0.0001538460071268,Up
642,11/14:00,30m,OPK,Buy,Buy,0,1.03,0.27,60.41,1.59,1.59,1.58,1.59,51306,187826.9,0.02,1.57,1.58,1.57,1.57,12,44.78,1.57,31.39,1.53,0,1,0,0,0,1,0,0,2,1,0.0003030776977537,Up
658,11/13:00,30m,PDFS,Buy,Buy,0,0.21,0.52,54.95,30.76,30.76,30.7,30.75,3496,6710.0,0.18,30.47,30.55,30.85,30.68,14,55.08,30.81,34.24,30.1,1,0,0,0,0,1,0,0,2,1,-0.0200768984281083,Down
659,11/13:30,30m,PDFS,Buy,Buy,0,0.16,0.62,53.81,30.77,30.77,30.69,30.71,3984,6468.0,0.17,30.48,30.56,30.86,30.66,13,55.08,30.81,34.24,30.1,1,0,0,0,0,1,0,0,2,1,-0.020923086313104,Down
660,11/14:00,30m,PDFS,Buy,Buy,0,0.64,0.9,57.35,30.66,30.84,30.66,30.84,3569,3982.8,0.17,30.49,30.57,30.86,30.64,12,55.08,30.81,34.24,30.1,0,1,0,0,0,1,0,0,2,1,-0.0170769324669421,Down
711,11/09:30,30m,RDFN,Buy,Buy,0,0.89,2.11,58.16,9.67,9.92,9.58,9.85,583401,276472.5,0.16,9.61,9.81,9.25,9.77,21,58.16,9.92,29.75,9.27,0,0,0,0,0,1,0,0,2,1,0.0057200065025924,Up
725,11/10:00,30m,RLJ,Sell,0,Sell,-0.27,0.42,40.53,10.57,10.57,10.51,10.52,37162,88800.3,0.05,10.61,10.53,10.18,10.54,20,66.15,10.66,40.53,10.51,1,0,0,2,1,0,0,0,0,0,-0.0013076928945654,Down
726,11/10:30,30m,RLJ,Sell,0,Sell,-0.07,0.39,43.73,10.52,10.56,10.49,10.53,32827,85128.9,0.05,10.61,10.53,10.19,10.54,19,66.15,10.66,40.53,10.51,1,0,0,2,1,1,0,0,0,0,-0.0010769183819121,Down
772,11/11:00,30m,SHOP,Buy,Buy,0,0.35,0.86,55.77,114.62,116.0,114.57,115.96,307764,356324.1,0.99,114.79,116.14,111.37,115.56,18,50.1,116.27,32.21,112.69,0,0,0,0,0,1,0,0,2,1,0.0239984365610155,Up
773,11/11:30,30m,SHOP,Buy,Buy,0,0.29,0.84,55.45,115.94,116.13,115.53,115.92,307516,367015.4,0.96,114.8,116.16,111.41,115.58,17,50.1,116.27,32.21,112.69,0,0,0,0,0,1,0,0,2,1,0.023615440955524,Up
774,11/12:00,30m,SHOP,Buy,Buy,0,0.59,0.77,57.71,115.92,116.42,115.86,116.3,289470,376676.3,0.93,114.87,116.21,111.45,115.62,16,50.1,116.27,32.21,112.69,0,1,0,0,0,1,0,0,2,1,0.0381538977989777,Up
775,11/12:30,30m,SHOP,Buy,Buy,0,0.92,0.99,60.12,116.31,116.79,116.2,116.73,384229,387887.2,0.91,114.94,116.25,111.5,115.66,15,50.1,116.27,32.21,112.69,0,1,0,0,0,1,0,0,2,1,0.0427308302659241,Up
776,11/13:00,30m,SHOP,Buy,Buy,0,1.52,1.15,64.01,116.76,117.56,116.73,117.48,469026,408413.8,0.9,115.0,116.31,111.56,115.73,14,50.1,116.27,32.21,112.69,0,1,0,0,0,1,0,0,2,1,0.0634800837590177,Up
777,11/13:30,30m,SHOP,Buy,Buy,0,1.26,0.95,61.98,117.47,117.5,116.99,117.25,394966,416090.2,0.88,115.06,116.36,111.61,115.79,13,50.1,116.27,32.21,112.69,0,1,0,0,0,1,0,0,2,1,0.0605385413536652,Up
788,11/12:00,30m,SOFI,Buy,Buy,0,0.03,0.88,61.38,15.66,15.77,15.57,15.76,2734000,3120367.1,0.2,15.43,15.66,15.54,15.76,16,51.93,15.93,33.09,15.22,0,0,0,0,0,1,0,0,2,1,-0.0048461620624227,Down
789,11/13:00,30m,SOFI,Buy,Buy,0,0.5,0.63,62.74,15.71,15.83,15.7,15.82,2007080,3200266.5,0.19,15.45,15.65,15.56,15.75,14,51.93,15.93,33.09,15.22,0,0,0,0,0,1,0,0,2,1,-0.0034615296583915,Down
790,11/13:30,30m,SOFI,Buy,Buy,0,0.59,1.25,63.1,15.82,15.9,15.76,15.84,4309774,3454520.4,0.19,15.46,15.65,15.57,15.74,13,51.93,15.93,33.09,15.22,0,0,0,0,0,1,0,0,2,1,-0.00307692014254,Down
791,11/14:00,30m,SOFI,Buy,Buy,0,0.84,0.91,64.45,15.84,15.88,15.78,15.87,2860563,3156445.1,0.18,15.47,15.65,15.58,15.74,12,51.93,15.93,33.09,15.22,0,0,0,0,0,1,0,0,2,1,-0.0028953698965192,Down
792,11/14:30,30m,SOFI,Buy,Buy,0,0.98,0.96,65.1,15.88,15.91,15.82,15.89,2650826,2755892.0,0.17,15.49,15.65,15.59,15.74,11,51.93,15.93,33.09,15.22,0,0,0,0,0,1,0,0,2,1,-0.0042861645038332,Down
820,11/10:30,30m,SYF,Buy,Buy,0,0.06,0.56,48.27,67.28,67.55,67.09,67.42,121340,215000.1,0.43,67.51,67.6,66.49,67.38,19,49.92,68.12,35.87,66.81,1,0,0,0,0,1,0,0,2,1,0.0106923029972989,Up
821,11/11:00,30m,SYF,Buy,Buy,0,0.33,0.61,52.37,67.43,67.65,67.29,67.62,133398,217368.6,0.43,67.48,67.62,66.5,67.4,18,49.92,68.12,35.87,66.81,0,0,0,0,0,1,0,0,2,1,0.0176923311673675,Up
822,11/11:30,30m,SYF,Buy,Buy,0,0.17,0.5,50.43,67.63,67.72,67.49,67.53,104714,209011.6,0.41,67.44,67.64,66.52,67.41,17,49.92,68.12,35.87,66.81,0,0,0,0,0,1,0,0,2,1,0.0163076547475924,Up
823,11/12:00,30m,SYF,Buy,Buy,0,0.12,0.46,49.99,67.54,67.64,67.43,67.51,94554,203457.1,0.4,67.42,67.65,66.54,67.43,16,49.92,68.12,35.87,66.81,0,0,0,0,0,1,0,0,2,1,0.0173846905048122,Up
824,11/12:30,30m,SYF,Buy,Buy,0,0.32,0.46,53.5,67.51,67.71,67.46,67.67,93683,202695.2,0.39,67.41,67.67,66.55,67.45,15,49.92,68.12,35.87,66.81,0,0,0,0,0,1,0,0,2,1,0.0216922466571531,Up
825,11/13:00,30m,SYF,Buy,Buy,0,0.66,0.67,58.42,67.68,68.01,67.68,67.92,138511,205335.0,0.38,67.41,67.68,66.57,67.48,14,49.92,68.12,35.87,66.81,0,0,0,0,0,1,0,0,2,1,0.0256922795222322,Up
826,11/13:30,30m,SYF,Buy,Buy,0,0.69,0.78,59.35,67.92,68.04,67.81,67.97,154651,197403.8,0.37,67.43,67.7,66.59,67.5,13,49.92,68.12,35.87,66.81,0,0,0,0,0,1,0,0,2,1,0.0264615572415891,Up
827,11/14:00,30m,SYF,Buy,Buy,0,0.7,1.2,60.02,67.96,68.05,67.8,68.0,179475,150136.4,0.36,67.44,67.72,66.61,67.53,12,49.92,68.12,35.87,66.81,0,0,0,0,0,1,0,0,2,1,0.0246922419621284,Up
828,11/14:30,30m,SYF,Buy,Buy,0,0.72,0.93,60.72,68.0,68.16,67.94,68.04,136066,145890.7,0.35,67.45,67.74,66.63,67.55,11,49.92,68.12,35.87,66.81,0,0,0,0,0,1,0,0,2,1,0.0229230440580039,Up
834,11/10:00,30m,TALO,Sell,0,Sell,-0.55,1.38,41.17,10.37,10.37,10.17,10.3,169980,123265.2,0.11,10.47,10.29,11.01,10.35,20,67.63,10.69,45.09,10.21,1,0,0,2,1,0,0,0,0,0,-0.0059230804443348,Down
862,11/09:30,30m,TRU,Buy,Buy,0,0.22,0.96,59.49,98.49,99.46,97.37,99.2,77665,80609.1,0.65,98.12,98.73,99.08,98.98,21,59.49,99.46,31.19,96.83,0,0,0,0,0,1,0,0,2,1,-0.0184616088867244,Down
863,11/11:30,30m,TRU,Buy,Buy,0,0.14,0.38,56.56,98.71,99.08,98.66,99.04,24601,65184.3,0.62,98.16,98.72,99.13,98.89,17,59.49,99.46,31.19,96.83,1,0,0,0,0,1,0,0,2,1,-0.01099994365984,Down
864,11/12:00,30m,TRU,Buy,Buy,0,0.3,0.54,57.81,99.0,99.22,98.84,99.18,36313,67058.7,0.61,98.23,98.73,99.15,98.88,16,59.49,99.46,31.19,96.83,1,0,0,0,0,1,0,0,2,1,-0.0132307786207945,Down
865,11/12:30,30m,TRU,Buy,Buy,0,0.33,0.42,57.9,99.18,99.3,99.09,99.19,25054,59216.1,0.58,98.28,98.73,99.17,98.86,15,59.49,99.46,31.19,96.83,1,0,0,0,0,1,0,0,2,1,-0.0152307363656944,Down
866,11/13:00,30m,TRU,Buy,Buy,0,0.65,0.46,60.63,99.16,99.52,99.12,99.49,27026,58550.6,0.57,98.36,98.75,99.18,98.85,14,59.49,99.46,31.19,96.83,0,1,0,0,0,1,0,0,2,1,-0.0110000610351477,Down
867,11/13:30,30m,TRU,Buy,Buy,0,0.41,0.72,57.43,99.52,99.55,99.04,99.25,40962,57024.1,0.56,98.4,98.75,99.2,98.84,13,59.49,99.46,31.19,96.83,1,0,0,0,0,1,0,0,2,1,-0.0116923405574027,Down
870,11/10:30,30m,TXG,Sell,0,Sell,-0.36,0.43,41.67,16.12,16.15,15.88,15.89,39453,91366.9,0.24,16.26,15.97,15.07,15.95,19,66.4,16.73,41.67,15.88,1,0,0,2,1,0,0,0,0,0,-0.0027692207923326,Down
871,11/11:30,30m,U,Buy,Buy,0,0.07,0.81,53.58,26.88,27.2,26.8,27.15,604716,749700.1,0.47,26.87,27.34,24.21,27.13,17,47.78,27.46,29.18,26.16,0,0,0,0,0,1,0,0,2,1,0.0063107710618304,Up
872,11/12:00,30m,U,Buy,Buy,0,0.62,0.62,56.16,27.15,27.35,27.13,27.31,472734,762102.1,0.46,26.86,27.36,24.26,27.14,16,56.16,27.35,29.18,26.16,0,0,0,0,0,1,0,0,2,1,0.0122892233041582,Up
873,11/13:00,30m,U,Buy,Buy,0,0.02,0.31,53.14,27.02,27.17,26.95,27.16,229005,740518.0,0.44,26.84,27.34,24.35,27.15,14,56.16,27.35,29.18,26.16,1,0,0,0,0,1,0,0,2,1,0.0087677001953103,Up
904,11/09:30,30m,VFC,Buy,Buy,0,2.02,1.01,60.12,21.32,21.67,21.0,21.43,326382,324029.6,0.22,21.11,21.08,20.32,21.01,21,60.12,21.67,37.48,20.82,0,0,0,0,0,1,0,0,2,1,0.0067692389854983,Up
905,11/10:00,30m,VFC,Buy,Buy,0,1.83,0.57,59.05,21.43,21.47,21.32,21.4,187440,326472.7,0.22,21.11,21.1,20.33,21.01,20,60.12,21.67,37.48,20.82,1,0,0,0,0,1,0,0,2,1,0.0080000070425185,Up
906,11/10:30,30m,VFC,Buy,Buy,0,0.9,0.53,52.68,21.4,21.46,21.2,21.21,175175,328601.7,0.22,21.1,21.11,20.34,21.02,19,60.12,21.67,37.48,20.82,1,0,0,0,0,1,0,0,2,1,0.0058461409348709,Up
907,11/11:00,30m,VFC,Buy,Buy,0,1.53,0.45,56.41,21.22,21.42,21.21,21.35,146688,326662.1,0.22,21.1,21.12,20.34,21.03,18,60.12,21.67,37.48,20.82,1,0,0,0,0,1,0,0,2,1,0.0089230757493226,Up
908,11/11:30,30m,VFC,Buy,Buy,0,1.38,0.43,55.57,21.36,21.37,21.29,21.33,131227,304595.2,0.21,21.1,21.14,20.35,21.04,17,60.12,21.67,37.48,20.82,1,0,0,0,0,1,0,0,2,1,0.0063076899601881,Up
909,11/12:00,30m,VFC,Buy,Buy,0,1.2,0.52,54.52,21.33,21.45,21.3,21.3,160375,306704.9,0.21,21.1,21.16,20.36,21.04,16,60.12,21.67,37.48,20.82,1,0,0,0,0,1,0,0,2,1,0.0070769383357109,Up
910,11/12:30,30m,VFC,Buy,Buy,0,1.6,2.71,57.14,21.3,21.43,21.3,21.39,1075626,396248.1,0.2,21.1,21.17,20.37,21.05,15,57.14,21.43,37.48,20.82,0,0,0,0,0,1,0,0,2,1,0.0066153893103972,Up
911,11/13:00,30m,VFC,Buy,Buy,0,1.57,0.33,57.14,21.38,21.47,21.36,21.39,129012,392340.3,0.19,21.12,21.19,20.38,21.06,14,57.14,21.47,37.48,20.82,0,0,0,0,0,1,0,0,2,1,0.00615384028508,Up
912,11/13:30,30m,VFC,Buy,Buy,0,0.75,1.2,50.9,21.39,21.4,21.22,21.22,484462,404373.3,0.19,21.13,21.2,20.38,21.06,13,57.14,21.47,50.9,21.22,1,0,0,0,0,0,1,0,2,1,0.0058999868539686,Up
913,11/14:00,30m,VFC,Buy,Buy,0,0.84,0.45,51.76,21.22,21.25,21.13,21.25,132550,294893.7,0.19,21.13,21.22,20.39,21.07,12,57.14,21.47,50.9,21.22,1,0,0,0,0,1,0,0,2,1,0.0066153893103937,Up
914,11/14:30,30m,VFC,Buy,Buy,0,0.89,0.96,52.39,21.25,21.28,21.19,21.26,277937,290049.2,0.18,21.14,21.24,20.4,21.08,11,57.14,21.47,50.9,21.22,1,0,0,0,0,1,0,0,2,1,0.0072061685415434,Up
959,11/12:30,30m,WOOF,Buy,Buy,0,0.45,0.73,59.78,5.01,5.07,4.98,5.05,357748,489905.0,0.13,4.74,5.03,4.54,5.02,15,59.78,5.07,34.72,4.55,0,0,0,0,0,1,0,0,2,1,-0.0020000017606296,Down
960,11/13:00,30m,WOOF,Buy,Buy,0,0.08,0.62,58.62,5.05,5.09,5.01,5.03,296542,475874.2,0.13,4.76,5.03,4.55,5.02,14,59.78,5.07,34.72,4.55,1,0,0,0,0,1,0,0,2,1,-0.0014615352337168,Down
961,11/14:30,30m,WOOF,Buy,Buy,0,0.68,0.61,59.58,4.99,5.06,4.99,5.05,188947,307597.2,0.12,4.81,5.04,4.56,5.02,11,59.78,5.07,34.72,4.55,1,0,0,0,0,1,0,0,2,1,0.0001169204711919,Up
0,10/10:00,30m,ACLS,Sell,0,Sell,-0.09,0.66,45.07,76.15,76.28,75.67,75.75,17586,26638.5,0.77,76.55,75.66,74.36,75.82,33,73.08,77.93,41.79,74.12,1,0,0,2,1,1,0,0,0,0,-0.0055384709284851,Down
1,10/10:30,30m,ACLS,Sell,0,Sell,-0.16,0.7,44.62,75.66,75.91,75.2,75.69,18236,25933.2,0.76,76.6,75.63,74.36,75.81,32,73.08,77.93,44.62,75.2,1,0,0,2,1,0,0,0,0,0,-0.0066153893103972,Down
8,10/14:30,30m,ADV,Buy,Buy,0,0.07,1.13,58.57,3.52,3.52,3.5,3.52,13652,12045.7,0.03,3.47,3.49,3.49,3.51,24,58.9,3.52,30.53,3.39,1,0,0,0,0,1,0,0,2,1,-0.0015384600712695,Down
107,10/15:30,30m,AROC,Sell,0,Sell,-0.19,4.83,49.11,25.82,25.87,25.63,25.7,321195,66521.8,0.17,25.7,25.74,25.33,25.75,22,60.37,25.93,49.11,25.63,1,0,0,2,1,0,0,0,0,0,-0.003538454495942,Down
125,10/10:00,30m,AZTA,Sell,0,Sell,-0.25,0.67,44.11,46.35,46.35,45.87,46.14,17739,26566.2,0.46,46.57,46.17,45.1,46.26,33,67.29,47.31,44.11,45.87,1,0,0,2,1,0,0,0,0,0,0.0039999741774323,Up
174,10/09:30,30m,BXC,Sell,0,Sell,-0.93,2.89,39.65,128.14,128.16,125.56,126.01,6987,2418.5,0.95,128.06,127.34,125.55,127.19,32,69.1,129.45,39.65,125.56,1,0,0,2,1,0,0,0,0,0,-0.0258461585411851,Down
175,10/10:00,30m,BXC,Sell,0,Sell,-0.32,0.53,44.23,127.67,127.67,126.77,126.77,1292,2460.6,1.0,128.07,127.35,125.58,127.17,31,69.1,129.45,39.65,125.56,1,0,0,2,1,1,0,0,0,0,-0.021769244854255,Down
176,10/10:30,30m,BXC,Sell,0,Sell,-0.08,2.6,45.86,126.68,127.65,126.11,127.05,7809,3003.9,1.04,128.1,127.34,125.62,127.16,30,69.1,129.45,39.65,125.56,1,0,0,2,1,1,0,0,0,0,-0.0139230581430211,Down
177,10/11:00,30m,BXC,Sell,0,Sell,-0.51,1.41,43.19,127.24,127.24,126.5,126.5,4854,3435.8,1.02,128.1,127.34,125.64,127.15,29,69.1,129.45,39.65,125.56,1,0,0,2,1,1,0,0,0,0,-0.0058461115910546,Down
178,10/11:30,30m,BXC,Sell,0,Sell,-0.62,0.62,42.56,127.25,127.84,126.37,126.37,2171,3480.5,1.05,128.09,127.33,125.67,127.15,28,69.1,129.45,39.65,125.56,1,0,0,2,1,1,0,0,0,0,0.0030769935020913,Up
225,10/15:30,30m,CROX,Sell,0,Sell,-0.13,2.53,47.09,112.46,112.58,111.3,111.44,194038,76738.1,0.75,111.83,111.22,106.6,111.58,22,62.19,113.07,47.09,111.3,1,0,0,2,1,0,0,0,0,0,0.0033846341646466,Up
422,10/09:30,30m,IBP,Sell,0,Sell,-4.67,1.12,29.61,213.95,215.25,206.06,208.08,13475,12046.8,2.2,215.43,217.01,217.46,218.28,33,58.83,218.21,29.61,206.06,1,0,0,2,1,0,0,0,0,0,-0.2309229924128431,Down
423,10/10:00,30m,IBP,Sell,0,Sell,-3.88,1.43,34.75,208.6,211.12,208.6,209.59,18970,13294.1,2.26,215.17,216.72,217.49,218.04,32,58.83,218.21,29.61,206.06,1,0,0,2,1,1,0,0,0,0,-0.2389230581430297,Down
424,10/10:30,30m,IBP,Sell,0,Sell,-3.15,0.82,39.28,209.89,211.09,209.29,211.02,11504,14017.3,2.23,215.0,216.48,217.53,217.87,31,58.83,218.21,29.61,206.06,1,0,0,2,1,1,0,0,0,0,-0.1719998873197141,Down
425,10/11:00,30m,IBP,Sell,0,Sell,-2.83,0.8,40.99,211.01,211.57,210.36,211.57,10151,12761.5,2.16,214.91,216.25,217.58,217.74,30,58.83,218.21,29.61,206.06,1,0,0,2,1,1,0,0,0,0,-0.1314615102915013,Down
426,10/11:30,30m,IBP,Sell,0,Sell,-3.07,0.73,39.55,211.44,212.49,210.9,210.91,9368,12851.6,2.12,214.74,215.99,217.63,217.59,29,58.83,218.21,29.61,206.06,1,0,0,2,1,1,0,0,0,0,-0.1561537522536014,Down
427,10/12:00,30m,IBP,Sell,0,Sell,-3.17,0.36,38.69,210.9,210.9,210.26,210.52,4567,12773.7,2.01,214.57,215.77,217.67,217.41,28,58.83,218.21,29.61,206.06,1,0,0,2,1,1,0,0,0,0,-0.1750767634464978,Down
428,10/12:30,30m,IBP,Sell,0,Sell,-2.56,0.57,42.67,210.51,211.9,210.51,211.68,7343,12859.4,1.97,214.44,215.57,217.73,217.25,27,58.83,218.21,29.61,206.06,1,0,0,2,1,1,0,0,0,0,-0.1640108548678256,Down
429,10/13:00,30m,IBP,Sell,0,Sell,-2.29,1.29,44.12,211.55,212.4,211.55,212.11,17327,13481.5,1.89,214.35,215.36,217.79,217.09,26,44.12,212.4,29.61,206.06,0,0,0,2,1,1,0,0,0,0,-0.1583845872144706,Down
430,10/13:30,30m,IBP,Sell,0,Sell,-2.75,0.87,41.12,212.12,212.38,210.68,210.96,12224,14078.3,1.87,214.12,215.15,217.84,216.92,25,44.12,212.4,29.61,206.06,1,0,0,2,1,1,0,0,0,0,-0.170384568434514,Down
579,10/09:30,30m,MTH,Sell,0,Sell,-1.15,1.69,41.91,180.0,182.37,179.86,182.09,45958,27175.0,1.37,183.61,182.86,184.77,184.2,33,67.89,186.2,41.91,179.86,1,0,0,2,1,0,0,0,0,0,-0.1215386023888243,Down
580,10/10:00,30m,MTH,Sell,0,Sell,-0.36,0.63,48.35,182.24,183.5,182.09,183.42,16325,26012.8,1.37,183.79,182.84,184.78,184.08,32,67.89,186.2,41.91,179.86,1,0,0,2,1,1,0,0,0,0,-0.1172306941105887,Down
618,10/15:30,30m,NVAX,Buy,Buy,0,0.54,2.92,40.87,8.77,8.79,8.71,8.76,417385,142703.0,0.11,8.93,8.84,8.56,8.71,22,46.19,8.86,39.39,8.76,1,0,0,0,0,1,1,1,2,1,0.0054615460909328,Up
655,10/10:30,30m,PCT,Buy,Buy,0,0.01,1.8,56.65,12.98,13.22,12.95,13.16,212904,118410.4,0.19,13.0,12.97,12.65,13.16,32,56.65,13.22,38.9,12.57,0,0,0,0,0,1,0,0,2,1,-0.009153850261983,Down
673,10/12:30,30m,PRAX,Sell,0,Sell,-0.15,0.83,56.03,69.44,70.24,69.44,70.06,8820,10594.8,1.01,68.7,69.5,73.48,70.16,28,57.09,70.0,31.28,66.46,1,1,1,2,1,1,0,0,2,0,-0.0464616041917054,Down
674,10/13:00,30m,PRAX,Sell,0,Sell,-0.37,0.44,54.59,70.0,70.0,69.51,69.86,3831,8727.1,0.98,68.75,69.44,73.48,70.12,27,57.09,70.0,31.28,66.46,1,0,0,2,1,1,0,0,2,0,-0.0447691697340673,Down
675,10/13:30,30m,PRAX,Sell,0,Sell,-1.13,0.79,50.61,69.86,69.94,69.08,69.29,6880,8692.7,0.97,68.75,69.37,73.48,70.08,26,57.09,70.0,31.28,66.46,1,0,0,2,1,1,0,0,2,0,-0.0353845449594416,Down
676,10/14:00,30m,PRAX,Sell,0,Sell,-0.51,0.91,53.25,69.46,69.82,69.32,69.7,6771,7407.5,0.94,68.8,69.3,73.47,70.06,25,57.09,70.0,31.28,66.46,1,0,0,2,1,1,0,0,0,0,-0.0275384756234871,Down
677,10/14:30,30m,PRAX,Sell,0,Sell,-1.29,0.73,49.24,69.64,69.64,69.12,69.12,4887,6706.2,0.91,68.81,69.2,73.46,70.02,24,57.09,70.0,31.28,66.46,1,0,0,2,1,1,0,0,0,0,-0.0330768291766929,Down
678,10/15:00,30m,PRAX,Sell,0,Sell,-1.62,2.05,47.38,69.1,69.3,68.6,68.84,15224,7408.6,0.9,68.83,69.12,73.46,69.98,23,57.09,70.0,47.38,68.6,1,0,0,2,1,0,0,0,0,0,-0.0470000046950076,Down
712,10/11:30,30m,RES,Buy,Buy,0,0.61,0.5,69.24,6.14,6.2,6.13,6.2,42135,83668.2,0.06,5.9,6.09,6.18,6.16,30,36.26,5.94,27.38,5.77,0,1,0,0,0,1,0,0,2,1,-0.0026153784531812,Down
713,10/12:00,30m,RES,Buy,Buy,0,2.17,0.94,73.75,6.2,6.29,6.2,6.29,77792,83083.9,0.06,5.92,6.09,6.18,6.16,29,36.26,5.94,27.38,5.77,0,1,0,0,0,1,0,0,2,1,-0.0011538432194635,Down
714,10/12:30,30m,RES,Buy,Buy,0,1.96,1.6,71.96,6.29,6.34,6.27,6.28,139253,86847.3,0.07,5.95,6.09,6.18,6.15,28,36.26,5.94,27.38,5.77,0,1,0,0,0,1,0,0,2,1,-0.002076919262226,Down
724,10/09:30,30m,RLJ,Sell,0,Sell,-0.11,0.5,54.93,10.55,10.59,10.51,10.55,41571,83030.0,0.06,10.5,10.52,10.11,10.56,34,63.66,10.6,51.05,10.52,1,0,0,2,1,1,0,0,0,0,-0.0016923024104187,Down
743,10/09:30,30m,SAFE,Sell,0,Sell,-1.58,2.14,30.48,21.11,21.12,20.68,20.87,30446,14210.9,0.17,21.42,21.31,20.9,21.21,34,62.61,21.73,30.48,20.68,1,0,0,2,1,0,0,0,0,0,-0.0058461409348709,Down
744,10/13:30,30m,SAH,Buy,Buy,0,0.13,0.83,56.03,67.78,67.96,67.62,67.96,4048,4882.5,0.42,67.49,67.66,66.97,67.87,25,56.03,67.96,31.92,66.46,0,1,0,0,0,1,0,0,2,1,-0.0146154550405697,Down
808,10/12:30,30m,SPR,Sell,0,Sell,-0.0,1.46,49.15,32.57,32.62,32.18,32.57,350494,239377.5,0.26,32.65,32.57,32.22,32.57,28,64.61,33.2,49.15,32.18,1,0,0,2,1,0,0,0,0,0,-7.693950946219275e-05,Down
853,10/10:30,30m,TRMB,Buy,Buy,0,0.17,0.82,55.11,74.87,75.07,74.78,74.99,56391,69044.8,0.39,74.66,75.0,72.68,74.86,32,58.46,75.56,39.55,74.01,1,0,0,0,0,1,0,0,2,1,0.0241538414588262,Up
854,10/11:00,30m,TRMB,Buy,Buy,0,1.01,1.86,64.52,74.99,75.69,74.99,75.65,149156,80243.8,0.42,74.71,75.0,72.71,74.89,31,64.52,75.69,39.55,74.01,0,0,0,0,0,1,0,0,2,1,0.0303077110877438,Up
876,10/13:00,30m,UDMY,Buy,Buy,0,0.08,0.87,58.17,8.49,8.53,8.46,8.53,39143,45167.2,0.08,8.4,8.49,8.09,8.52,27,52.69,8.68,35.53,8.2,0,0,0,0,0,1,0,0,2,1,0.0006153840285083,Up
877,10/13:30,30m,UDMY,Buy,Buy,0,0.24,0.46,59.23,8.53,8.56,8.53,8.55,20069,43951.2,0.07,8.4,8.49,8.09,8.52,26,52.69,8.68,35.53,8.2,0,0,0,0,0,1,0,0,2,1,0.0011538432194644,Up
878,10/14:00,30m,UDMY,Buy,Buy,0,0.69,0.5,62.01,8.55,8.59,8.54,8.59,17706,35096.4,0.07,8.41,8.5,8.1,8.53,25,62.01,8.59,35.53,8.2,0,0,0,0,0,1,0,0,2,1,0.001769227247971,Up
879,10/14:30,30m,UDMY,Buy,Buy,0,0.1,0.7,56.8,8.58,8.58,8.53,8.53,23719,33786.8,0.07,8.41,8.5,8.1,8.53,24,62.01,8.59,35.53,8.2,1,0,0,0,0,1,0,0,2,1,0.0005000041081366,Up
881,10/15:00,30m,ULCC,Sell,0,Sell,-0.58,1.29,46.07,6.02,6.02,5.93,5.93,78414,60582.3,0.07,5.98,5.96,5.76,5.97,23,63.09,6.05,46.07,5.93,1,0,0,2,1,0,0,0,0,0,0.0029230778033912,Up
902,10/13:00,30m,VAC,Buy,Buy,0,0.05,0.25,56.97,96.6,96.98,96.54,96.82,6903,28001.5,0.63,96.23,96.8,95.07,96.77,27,56.97,96.98,27.89,94.51,0,0,0,0,0,1,0,0,2,1,-0.0012369009164814,Down
998,10/10:00,30m,ZUO,Buy,Buy,0,0.08,1.24,52.78,9.94,9.98,9.94,9.98,206413,166928.4,0.02,9.97,9.97,9.93,9.97,33,55.35,9.98,34.87,9.91,1,0,0,0,0,1,0,0,2,1,0.0006923088660606,Up
999,10/11:00,30m,ZUO,Buy,Buy,0,0.02,0.48,50.55,9.97,9.97,9.96,9.97,94176,197676.5,0.02,9.97,9.97,9.93,9.97,31,55.35,9.98,34.87,9.91,1,0,0,0,0,1,0,0,2,1,0.0005095995389492,Up
1000,10/13:00,30m,ZUO,Buy,Buy,0,0.0,0.1,51.09,9.96,9.97,9.96,9.97,22715,231204.6,0.02,9.97,9.97,9.93,9.97,27,55.35,9.98,34.87,9.91,1,0,0,0,0,1,0,0,2,1,0.0006153840285083,Up
